2099,0,0.034846593
2099,32,0.03495859
2099,64,0.034845784
2099,96,0.034790672
2099,128,0.034706403
2099,160,0.034706883
2099,192,0.034754746
2099,224,0.03472297
2099,256,0.034678344
2099,288,0.03452914
2099,320,0.034835838
2099,352,0.034680244
2099,384,0.03466242
2099,416,0.03445948
2099,448,0.03467837
2099,480,0.034560964
2099,512,0.034524623
2099,544,0.034696728
2099,576,0.034625944
2099,608,0.034543715
2099,640,0.034580994
2099,672,0.03463303
2099,704,0.034463283
2099,736,0.034454845
2099,768,0.03451659
2099,800,0.034561113
2099,832,0.03446007
2099,864,0.034623947
2099,896,0.034631956
2099,928,0.034556527
2099,960,0.034648143
2099,992,0.034581784
2099,1024,0.034581155
2099,1056,0.034452528
2099,1088,0.034430128
2099,1120,0.034523383
2099,1152,0.034378033
2099,1184,0.034516525
2099,1216,0.03446403
2099,1248,0.034495402
2099,1280,0.03449568
2099,1312,0.034315433
2099,1344,0.034400273
2099,1376,0.034469724
2099,1408,0.03444052
2099,1440,0.034365892
2099,1472,0.034427322
2099,1504,0.03446189
2099,1536,0.03436065
2099,1568,0.0343303
2099,1600,0.034377716
2099,1632,0.034386117
2099,1664,0.034287605
2099,1696,0.034345783
2099,1728,0.03436986
2099,1760,0.034457624
2099,1792,0.034339685
2099,1824,0.03436036
2099,1856,0.034345593
2099,1888,0.034175433
2099,1920,0.034419958
2099,1952,0.034297258
2099,1984,0.03420014
2099,2016,0.034169257
2099,2048,0.034396525
2099,2080,0.03428337
2099,2112,0.034386426
2099,2144,0.034355525
2099,2176,0.03415186
2099,2208,0.034334492
2099,2240,0.034243286
2099,2272,0.034348324
2099,2304,0.034431852
2099,2336,0.034311194
2099,2368,0.034288354
2099,2400,0.03424319
2099,2432,0.034365196
2099,2464,0.034191266
2099,2496,0.034249373
2099,2528,0.034276076
2099,2560,0.034335095
2099,2592,0.034307793
2099,2624,0.034211587
2099,2656,0.034305084
2099,2688,0.034261744
2099,2720,0.034166276
2099,2752,0.034139812
2099,2784,0.03431124
2099,2816,0.034206375
2099,2848,0.034187287
2099,2880,0.034174435
2099,2912,0.03423952
2099,2944,0.034275293
2099,2976,0.034128066
2099,3008,0.034067832
2099,3040,0.03425076
2099,3072,0.034200124
2099,3104,0.034263752
2099,3136,0.034133457
2099,3168,0.03424009
2099,3200,0.03409557
2099,3232,0.03424324
2099,3264,0.034089606
2099,3296,0.034075197
2099,3328,0.034136064
2099,3360,0.03429775
2099,3392,0.034156576
2099,3424,0.03423
2099,3456,0.034169808
2099,3488,0.034084912
2099,3520,0.03409876
2099,3552,0.034124017
2099,3584,0.034197703
2099,3616,0.03416112
2099,3648,0.034211837
2099,3680,0.034095958
2099,3712,0.034210395
2099,3744,0.034142807
2099,3776,0.034100547
2099,3808,0.034061216
2099,3840,0.034092974
2099,3872,0.03418985
2099,3904,0.03408626
2099,3936,0.03421248
2099,3968,0.034054004
2099,4000,0.034006055
2099,4032,0.03401141
2099,4064,0.034019437
2099,4096,0.034186583
2099,4128,0.034989327
2099,4160,0.035011068
2099,4192,0.034994498
2099,4224,0.03487748
2099,4256,0.03481715
2099,4288,0.034969598
2099,4320,0.035057727
2099,4352,0.034932334
2099,4384,0.03504337
2099,4416,0.034765013
2099,4448,0.03487148
2099,4480,0.034851596
2099,4512,0.03486874
2099,4544,0.03478366
2099,4576,0.03496205
2099,4608,0.034797084
2099,4640,0.034886234
2099,4672,0.03483872
2099,4704,0.034895774
2099,4736,0.034903936
2099,4768,0.03484255
2099,4800,0.034804147
2099,4832,0.034788333
2099,4864,0.034810055
2099,4896,0.034804597
2099,4928,0.03483493
2099,4960,0.03480781
2099,4992,0.034871627
2099,5024,0.03471463
2099,5056,0.0347311
2099,5088,0.03470484
2099,5120,0.034780078
2099,5152,0.03469732
2099,5184,0.03467169
2099,5216,0.03459952
2099,5248,0.034779713
2099,5280,0.03477878
2099,5312,0.034708124
2099,5344,0.03469489
2099,5376,0.034716334
2099,5408,0.03478356
2099,5440,0.03476118
2099,5472,0.034709793
2099,5504,0.034809586
2099,5536,0.034694865
2099,5568,0.03479854
2099,5600,0.034677688
2099,5632,0.03464178
2099,5664,0.03471648
2099,5696,0.034662962
2099,5728,0.03464365
2099,5760,0.03461939
2099,5792,0.034608997
2099,5824,0.03477879
2099,5856,0.034644064
2099,5888,0.034693193
2099,5920,0.034712274
2099,5952,0.034491442
2099,5984,0.034788456
2099,6016,0.03472843
2099,6048,0.034639847
2099,6080,0.034699053
2100,0,0.0347371
2100,32,0.034615744
2100,64,0.03461095
2100,96,0.03465831
2100,128,0.034750905
2100,160,0.034714576
2100,192,0.034639075
2100,224,0.034627933
2100,256,0.034692645
2100,288,0.034655355
2100,320,0.034573413
2100,352,0.034702215
2100,384,0.034668773
2100,416,0.03455728
2100,448,0.03453359
2100,480,0.034659326
2100,512,0.034570783
2100,544,0.03455348
2100,576,0.034518506
2100,608,0.034577716
2100,640,0.0345821
2100,672,0.034590837
2100,704,0.034546662
2100,736,0.034522176
2100,768,0.0345242
2100,800,0.034524217
2100,832,0.03452157
2100,864,0.03453199
2100,896,0.034610145
2100,928,0.03454316
2100,960,0.034536954
2100,992,0.03450945
2100,1024,0.034518335
2100,1056,0.03441564
2100,1088,0.03440644
2100,1120,0.034589082
2100,1152,0.034523085
2100,1184,0.034519047
2100,1216,0.034500502
2100,1248,0.034475558
2100,1280,0.034548532
2100,1312,0.034453116
2100,1344,0.03445516
2100,1376,0.0345808
2100,1408,0.03452746
2100,1440,0.034485742
2100,1472,0.034468357
2100,1504,0.034510147
2100,1536,0.0343879
2100,1568,0.034479156
2100,1600,0.03449262
2100,1632,0.03445706
2100,1664,0.03445319
2100,1696,0.034412354
2100,1728,0.034575447
2100,1760,0.03455291
2100,1792,0.03459828
2100,1824,0.03444857
2100,1856,0.034405835
2100,1888,0.034450013
2100,1920,0.03453247
2100,1952,0.03446242
2100,1984,0.034405347
2100,2016,0.034489825
2100,2048,0.034593236
2100,2080,0.03440913
2100,2112,0.034308005
2100,2144,0.034353152
2100,2176,0.034187388
2100,2208,0.03417
2100,2240,0.034108486
2100,2272,0.034088235
2100,2304,0.034028158
2100,2336,0.034155317
2100,2368,0.034060925
2100,2400,0.034034133
2100,2432,0.03403925
2100,2464,0.034123424
2100,2496,0.034111567
2100,2528,0.03399659
2100,2560,0.03418074
2100,2592,0.03393179
2100,2624,0.03401021
2100,2656,0.034023024
2100,2688,0.0341418
2100,2720,0.033991832
2100,2752,0.034100473
2100,2784,0.03408258
2100,2816,0.033904377
2100,2848,0.034113638
2100,2880,0.033995844
2100,2912,0.033974994
2100,2944,0.033960648
2100,2976,0.03401003
2100,3008,0.033991102
2100,3040,0.03402501
2100,3072,0.03393042
2100,3104,0.03396682
2100,3136,0.03393723
2100,3168,0.03389523
2100,3200,0.033938326
2100,3232,0.033830497
2100,3264,0.034021147
2100,3296,0.033846997
2100,3328,0.033883065
2100,3360,0.033899773
2100,3392,0.03397279
2100,3424,0.033959325
2100,3456,0.03378246
2100,3488,0.033784546
2100,3520,0.033814196
2100,3552,0.033959813
2100,3584,0.033851996
2100,3616,0.03393781
2100,3648,0.03386561
2100,3680,0.033868615
2100,3712,0.03372954
2100,3744,0.033928238
2100,3776,0.03377869
2100,3808,0.033890735
2100,3840,0.033846784
2100,3872,0.033782266
2100,3904,0.033829693
2100,3936,0.033886403
2100,3968,0.03389862
2100,4000,0.033772614
2100,4032,0.033752866
2100,4064,0.033788707
2100,4096,0.03377069
2100,4128,0.03380589
2100,4160,0.033891287
2100,4192,0.03385069
2100,4224,0.03385363
2100,4256,0.033675246
2100,4288,0.033730343
2100,4320,0.03373133
2100,4352,0.033666145
2100,4384,0.033822056
2100,4416,0.033776984
2100,4448,0.033805326
2100,4480,0.033722863
2100,4512,0.03378091
2100,4544,0.03368474
2100,4576,0.033861272
2100,4608,0.03378708
2100,4640,0.03378656
2100,4672,0.033824485
2100,4704,0.033667244
2100,4736,0.033797383
2100,4768,0.033783503
2100,4800,0.03371147
2100,4832,0.033745386
2100,4864,0.03380286
2100,4896,0.0336703
2100,4928,0.03373594
2100,4960,0.03383372
2100,4992,0.03376888
2100,5024,0.033711616
2100,5056,0.033700094
2100,5088,0.03375252
2100,5120,0.03375403
2100,5152,0.03370744
2100,5184,0.033680215
2100,5216,0.033774015
2100,5248,0.03373346
2100,5280,0.03375858
2100,5312,0.033631545
2100,5344,0.033893336
2100,5376,0.033888467
2100,5408,0.033697635
2100,5440,0.033783574
2100,5472,0.033830483
2100,5504,0.033661526
2100,5536,0.033717968
2100,5568,0.033624206
2100,5600,0.03374898
2100,5632,0.03355073
2100,5664,0.03346875
2100,5696,0.03361709
2100,5728,0.0335619
2100,5760,0.03353143
2100,5792,0.033606548
2100,5824,0.03370587
2100,5856,0.033536494
2100,5888,0.033653907
2100,5920,0.033710368
2100,5952,0.03365613
2100,5984,0.03359852
2100,6016,0.03365279
2100,6048,0.03351405
2100,6080,0.033524748
2101,0,0.03365256
2101,32,0.033592157
2101,64,0.033617016
2101,96,0.034151178
2101,128,0.03444902
2101,160,0.034452822
2101,192,0.034449052
2101,224,0.034453936
2101,256,0.034471963
2101,288,0.03462159
2101,320,0.03434938
2101,352,0.034400225
2101,384,0.034456562
2101,416,0.03442259
2101,448,0.03434654
2101,480,0.034299545
2101,512,0.03442536
2101,544,0.03436144
2101,576,0.034306068
2101,608,0.03432994
2101,640,0.034358766
2101,672,0.034288876
2101,704,0.034265257
2101,736,0.034360446
2101,768,0.034292195
2101,800,0.03433237
2101,832,0.034379583
2101,864,0.034338187
2101,896,0.034190096
2101,928,0.034145452
2101,960,0.03436893
2101,992,0.03441019
2101,1024,0.03426184
2101,1056,0.034393363
2101,1088,0.03436511
2101,1120,0.0344072
2101,1152,0.034243558
2101,1184,0.03423876
2101,1216,0.034390017
2101,1248,0.034258824
2101,1280,0.034284104
2101,1312,0.034177974
2101,1344,0.034160517
2101,1376,0.034122493
2101,1408,0.034300003
2101,1440,0.034234677
2101,1472,0.03429986
2101,1504,0.034243014
2101,1536,0.03433238
2101,1568,0.034203555
2101,1600,0.03415657
2101,1632,0.034182493
2101,1664,0.034228347
2101,1696,0.034237716
2101,1728,0.03419646
2101,1760,0.034246344
2101,1792,0.034223232
2101,1824,0.03417738
2101,1856,0.03404446
2101,1888,0.034278214
2101,1920,0.034206714
2101,1952,0.034201123
2101,1984,0.034091078
2101,2016,0.034145903
2101,2048,0.034235958
2101,2080,0.034192264
2101,2112,0.034095775
2101,2144,0.03410512
2101,2176,0.034270313
2101,2208,0.03421067
2101,2240,0.03421752
2101,2272,0.03408149
2101,2304,0.03412687
2101,2336,0.034105513
2101,2368,0.034144547
2101,2400,0.03411447
2101,2432,0.03423007
2101,2464,0.03407854
2101,2496,0.034126952
2101,2528,0.034148365
2101,2560,0.03421564
2101,2592,0.034045845
2101,2624,0.033992648
2101,2656,0.034058794
2101,2688,0.034086604
2101,2720,0.03411
2101,2752,0.03413353
2101,2784,0.03399951
2101,2816,0.034124985
2101,2848,0.034045562
2101,2880,0.034056693
2101,2912,0.034190375
2101,2944,0.034000974
2101,2976,0.034049075
2101,3008,0.033999708
2101,3040,0.033979237
2101,3072,0.033974614
2101,3104,0.03403615
2101,3136,0.03411761
2101,3168,0.034087423
2101,3200,0.03402417
2101,3232,0.03412671
2101,3264,0.03393926
2101,3296,0.033946462
2101,3328,0.03397874
2101,3360,0.033952866
2101,3392,0.034020837
2101,3424,0.033952273
2101,3456,0.034093555
2101,3488,0.034066495
2101,3520,0.03403595
2101,3552,0.03398318
2101,3584,0.03396763
2101,3616,0.033914246
2101,3648,0.03404115
2101,3680,0.034038868
2101,3712,0.034045596
2101,3744,0.034019932
2101,3776,0.03389331
2101,3808,0.033939004
2101,3840,0.033972386
2101,3872,0.03393615
2101,3904,0.03398625
2101,3936,0.03392306
2101,3968,0.033873536
2101,4000,0.0339987
2101,4032,0.03393478
2101,4064,0.0338672
2101,4096,0.034054134
2101,4128,0.033814803
2101,4160,0.033928446
2101,4192,0.03418811
2101,4224,0.03463302
2101,4256,0.034531895
2101,4288,0.03470134
2101,4320,0.0344411
2101,4352,0.03458644
2101,4384,0.034573577
2101,4416,0.034466956
2101,4448,0.03465412
2101,4480,0.034488402
2101,4512,0.0346412
2101,4544,0.034401316
2101,4576,0.034520503
2101,4608,0.03458084
2101,4640,0.03449147
2101,4672,0.034593478
2101,4704,0.03453246
2101,4736,0.03452721
2101,4768,0.03451336
2101,4800,0.034286574
2101,4832,0.03448021
2101,4864,0.034415577
2101,4896,0.03441059
2101,4928,0.034450285
2101,4960,0.034416877
2101,4992,0.034476
2101,5024,0.034419697
2101,5056,0.03448794
2101,5088,0.03448409
2101,5120,0.034366284
2101,5152,0.034316115
2101,5184,0.03447669
2101,5216,0.034630675
2101,5248,0.03433827
2101,5280,0.034379024
2101,5312,0.03439776
2101,5344,0.034461934
2101,5376,0.0344395
2101,5408,0.034492157
2101,5440,0.03437025
2101,5472,0.03447775
2101,5504,0.034425788
2101,5536,0.034347206
2101,5568,0.034378745
2101,5600,0.03436325
2101,5632,0.034345206
2101,5664,0.03442972
2101,5696,0.034430422
2101,5728,0.034325037
2101,5760,0.034320064
2101,5792,0.034351368
2101,5824,0.034284033
2101,5856,0.034208365
2101,5888,0.034321025
2101,5920,0.03427072
2101,5952,0.034323875
2101,5984,0.034359615
2101,6016,0.03434993
2101,6048,0.034289964
2101,6080,0.0343283
2102,0,0.034208015
2102,32,0.03419162
2102,64,0.03425499
2102,96,0.034126014
2102,128,0.03424515
2102,160,0.034229703
2102,192,0.034166966
2102,224,0.03443113
2102,256,0.034359343
2102,288,0.034275662
2102,320,0.034317493
2102,352,0.034248862
2102,384,0.034343705
2102,416,0.03423433
2102,448,0.034274884
2102,480,0.034183394
2102,512,0.034229346
2102,544,0.034217857
2102,576,0.03424148
2102,608,0.03432627
2102,640,0.034143485
2102,672,0.0342514
2102,704,0.034282986
2102,736,0.034257744
2102,768,0.034262054
2102,800,0.034232434
2102,832,0.034227755
2102,864,0.034276333
2102,896,0.034237716
2102,928,0.03415344
2102,960,0.034203455
2102,992,0.034204334
2102,1024,0.03408706
2102,1056,0.034152947
2102,1088,0.034205984
2102,1120,0.034150198
2102,1152,0.03419193
2102,1184,0.034228664
2102,1216,0.03426713
2102,1248,0.034097113
2102,1280,0.034064554
2102,1312,0.03421423
2102,1344,0.034114305
2102,1376,0.034183994
2102,1408,0.034138534
2102,1440,0.03418791
2102,1472,0.0340301
2102,1504,0.034061484
2102,1536,0.034117557
2102,1568,0.03404112
2102,1600,0.03409887
2102,1632,0.03409132
2102,1664,0.03410588
2102,1696,0.034140766
2102,1728,0.03418002
2102,1760,0.03410713
2102,1792,0.034060087
2102,1824,0.03409954
2102,1856,0.034099694
2102,1888,0.034187723
2102,1920,0.034105066
2102,1952,0.034011606
2102,1984,0.03412388
2102,2016,0.034129202
2102,2048,0.034116995
2102,2080,0.034147356
2102,2112,0.034087904
2102,2144,0.03404561
2102,2176,0.03402717
2102,2208,0.034555316
2102,2240,0.034582537
2102,2272,0.034519855
2102,2304,0.0346093
2102,2336,0.03445736
2102,2368,0.034454077
2102,2400,0.034535967
2102,2432,0.034615066
2102,2464,0.03446188
2102,2496,0.03456202
2102,2528,0.034444656
2102,2560,0.034573756
2102,2592,0.034486093
2102,2624,0.034523062
2102,2656,0.034330823
2102,2688,0.034428917
2102,2720,0.034290694
2102,2752,0.03432389
2102,2784,0.03431224
2102,2816,0.034369413
2102,2848,0.034363404
2102,2880,0.034386188
2102,2912,0.034326807
2102,2944,0.034352038
2102,2976,0.03434989
2102,3008,0.034330282
2102,3040,0.034405455
2102,3072,0.034257364
2102,3104,0.034234863
2102,3136,0.034385417
2102,3168,0.034428027
2102,3200,0.03438858
2102,3232,0.034316175
2102,3264,0.034246646
2102,3296,0.034410335
2102,3328,0.034424562
2102,3360,0.034313764
2102,3392,0.03422498
2102,3424,0.03438099
2102,3456,0.0343157
2102,3488,0.034415167
2102,3520,0.034132853
2102,3552,0.034383025
2102,3584,0.034234896
2102,3616,0.034369756
2102,3648,0.034308452
2102,3680,0.034271322
2102,3712,0.03423871
2102,3744,0.034391925
2102,3776,0.034298837
2102,3808,0.034238443
2102,3840,0.034241416
2102,3872,0.0341963
2102,3904,0.034317818
2102,3936,0.034202456
2102,3968,0.034286786
2102,4000,0.034206327
2102,4032,0.034153633
2102,4064,0.034274753
2102,4096,0.034235794
2102,4128,0.034250338
2102,4160,0.034216363
2102,4192,0.034306716
2102,4224,0.034253307
2102,4256,0.03421398
2102,4288,0.034118395
2102,4320,0.034142468
2102,4352,0.034274027
2102,4384,0.03418861
2102,4416,0.034174856
2102,4448,0.03415198
2102,4480,0.034224506
2102,4512,0.03429798
2102,4544,0.034185737
2102,4576,0.034173105
2102,4608,0.034077283
2102,4640,0.034158416
2102,4672,0.034062833
2102,4704,0.03431171
2102,4736,0.034136254
2102,4768,0.03416624
2102,4800,0.034126267
2102,4832,0.034128226
2102,4864,0.033990506
2102,4896,0.03407632
2102,4928,0.034163702
2102,4960,0.034152783
2102,4992,0.034140375
2102,5024,0.034106202
2102,5056,0.03409735
2102,5088,0.0340705
2102,5120,0.034299884
2102,5152,0.034080304
2102,5184,0.034045383
2102,5216,0.03412736
2102,5248,0.034071904
2102,5280,0.03418733
2102,5312,0.034167223
2102,5344,0.03404068
2102,5376,0.034169756
2102,5408,0.034038465
2102,5440,0.034204077
2102,5472,0.03398286
2102,5504,0.03411801
2102,5536,0.034080256
2102,5568,0.03410747
2102,5600,0.034094296
2102,5632,0.03407998
2102,5664,0.03397969
2102,5696,0.03412225
2102,5728,0.03411356
2102,5760,0.03396704
2102,5792,0.033963807
2102,5824,0.033961575
2102,5856,0.03395554
2102,5888,0.03414297
2102,5920,0.034063857
2102,5952,0.034000695
2102,5984,0.033985108
2102,6016,0.034095027
2102,6048,0.03414006
2102,6080,0.03392962
2103,0,0.034153767
2103,32,0.034031056
2103,64,0.03397929
2103,96,0.033918127
2103,128,0.03382215
2103,160,0.034010317
2103,192,0.03453585
2103,224,0.034533698
2103,256,0.034489796
2103,288,0.034525044
2103,320,0.034478668
2103,352,0.034449603
2103,384,0.034447465
2103,416,0.034384914
2103,448,0.034473754
2103,480,0.034442775
2103,512,0.034384515
2103,544,0.03448202
2103,576,0.034365878
2103,608,0.034429576
2103,640,0.034557603
2103,672,0.034530506
2103,704,0.03442304
2103,736,0.034419395
2103,768,0.034329306
2103,800,0.034356028
2103,832,0.03435382
2103,864,0.03432397
2103,896,0.03447236
2103,928,0.034203988
2103,960,0.03449106
2103,992,0.034388814
2103,1024,0.03430491
2103,1056,0.03432738
2103,1088,0.034370244
2103,1120,0.03419399
2103,1152,0.034239177
2103,1184,0.034339253
2103,1216,0.03431507
2103,1248,0.034188688
2103,1280,0.034304127
2103,1312,0.03442724
2103,1344,0.034287028
2103,1376,0.03438957
2103,1408,0.034395896
2103,1440,0.03416607
2103,1472,0.03424081
2103,1504,0.034246005
2103,1536,0.034287985
2103,1568,0.03426071
2103,1600,0.03409008
2103,1632,0.034244806
2103,1664,0.034128767
2103,1696,0.03442236
2103,1728,0.0342036
2103,1760,0.034329362
2103,1792,0.03423008
2103,1824,0.03430202
2103,1856,0.034203216
2103,1888,0.03414604
2103,1920,0.034291238
2103,1952,0.034167472
2103,1984,0.034254078
2103,2016,0.03414095
2103,2048,0.034237534
2103,2080,0.034171604
2103,2112,0.03413479
2103,2144,0.034150373
2103,2176,0.03417948
2103,2208,0.034167785
2103,2240,0.034199715
2103,2272,0.034126315
2103,2304,0.034120973
2103,2336,0.03421024
2103,2368,0.034189504
2103,2400,0.034114677
2103,2432,0.034032147
2103,2464,0.03412893
2103,2496,0.034132894
2103,2528,0.03425431
2103,2560,0.034124624
2103,2592,0.03411848
2103,2624,0.034030046
2103,2656,0.03395145
2103,2688,0.034079354
2103,2720,0.03408149
2103,2752,0.034137182
2103,2784,0.034160063
2103,2816,0.034066565
2103,2848,0.03395874
2103,2880,0.03416042
2103,2912,0.033956926
2103,2944,0.034094173
2103,2976,0.034184992
2103,3008,0.034104876
2103,3040,0.03409506
2103,3072,0.034077693
2103,3104,0.03400335
2103,3136,0.034034785
2103,3168,0.033966776
2103,3200,0.034186255
2103,3232,0.03415538
2103,3264,0.03410907
2103,3296,0.033995252
2103,3328,0.03393009
2103,3360,0.034065235
2103,3392,0.033970356
2103,3424,0.034037355
2103,3456,0.034014188
2103,3488,0.034058936
2103,3520,0.034121532
2103,3552,0.034007404
2103,3584,0.034070004
2103,3616,0.03397942
2103,3648,0.033980645
2103,3680,0.034006905
2103,3712,0.034038726
2103,3744,0.03400642
2103,3776,0.033981856
2103,3808,0.034061223
2103,3840,0.03407742
2103,3872,0.03398113
2103,3904,0.03402079
2103,3936,0.033998877
2103,3968,0.033908606
2103,4000,0.033964694
2103,4032,0.033980094
2103,4064,0.034041207
2103,4096,0.033948936
2103,4128,0.033990186
2103,4160,0.033949494
2103,4192,0.03387025
2103,4224,0.034038622
2103,4256,0.034079436
2103,4288,0.034107666
2103,4320,0.034071583
2103,4352,0.033957664
2103,4384,0.034038946
2103,4416,0.03399051
2103,4448,0.0338431
2103,4480,0.033980414
2103,4512,0.03402219
2103,4544,0.033918433
2103,4576,0.034035865
2103,4608,0.03401589
2103,4640,0.03398073
2103,4672,0.033890907
2103,4704,0.033905443
2103,4736,0.03397136
2103,4768,0.033882037
2103,4800,0.03380845
2103,4832,0.033939198
2103,4864,0.03390419
2103,4896,0.033842698
2103,4928,0.0338713
2103,4960,0.033831958
2103,4992,0.033872947
2103,5024,0.033842493
2103,5056,0.033825465
2103,5088,0.03397492
2103,5120,0.03396696
2103,5152,0.03388315
2103,5184,0.03393916
2103,5216,0.033775944
2103,5248,0.03391486
2103,5280,0.033858832
2103,5312,0.03385786
2103,5344,0.03378253
2103,5376,0.033801205
2103,5408,0.033817187
2103,5440,0.033709582
2103,5472,0.03376536
2103,5504,0.033898287
2103,5536,0.033871625
2103,5568,0.033787392
2103,5600,0.033821683
2103,5632,0.033763763
2103,5664,0.033770878
2103,5696,0.03365407
2103,5728,0.03377915
2103,5760,0.0337707
2103,5792,0.033669963
2103,5824,0.033717584
2103,5856,0.03377321
2103,5888,0.03373907
2103,5920,0.033754315
2103,5952,0.03380395
2103,5984,0.03373163
2103,6016,0.033635177
2103,6048,0.033811767
2103,6080,0.03364469
2104,0,0.033689637
2104,32,0.03374461
2104,64,0.033741754
2104,96,0.033714645
2104,128,0.03378549
2104,160,0.033657856
2104,192,0.033663526
2104,224,0.03378012
2104,256,0.033712793
2104,288,0.0336568
2104,320,0.033742607
2104,352,0.03371257
2104,384,0.033791855
2104,416,0.033774503
2104,448,0.03355991
2104,480,0.033664763
2104,512,0.03382913
2104,544,0.03382933
2104,576,0.033676103
2104,608,0.033711012
2104,640,0.03366518
2104,672,0.033685025
2104,704,0.03365893
2104,736,0.03364882
2104,768,0.033472724
2104,800,0.033492256
2104,832,0.033647276
2104,864,0.033712007
2104,896,0.033602554
2104,928,0.03371668
2104,960,0.033558752
2104,992,0.03375242
2104,1024,0.033675984
2104,1056,0.033568755
2104,1088,0.033604793
2104,1120,0.03348815
2104,1152,0.033678815
2104,1184,0.03358463
2104,1216,0.033538964
2104,1248,0.033554304
2104,1280,0.033717528
2104,1312,0.03356033
2104,1344,0.03363078
2104,1376,0.033538766
2104,1408,0.033609964
2104,1440,0.033574793
2104,1472,0.033578463
2104,1504,0.03365982
2104,1536,0.033649318
2104,1568,0.033694256
2104,1600,0.03367484
2104,1632,0.03358452
2104,1664,0.033585362
2104,1696,0.03347048
2104,1728,0.033501025
2104,1760,0.03357932
2104,1792,0.03344227
2104,1824,0.03349442
2104,1856,0.03341555
2104,1888,0.03336132
2104,1920,0.033499513
2104,1952,0.033491984
2104,1984,0.033539295
2104,2016,0.033427592
2104,2048,0.033497013
2104,2080,0.033591263
2104,2112,0.033494372
2104,2144,0.033461753
2104,2176,0.03350936
2104,2208,0.033634804
2104,2240,0.033550624
2104,2272,0.033908725
2104,2304,0.03397814
2104,2336,0.033976987
2104,2368,0.033881973
2104,2400,0.03398677
2104,2432,0.03391923
2104,2464,0.03397539
2104,2496,0.03386835
2104,2528,0.03395823
2104,2560,0.033955127
2104,2592,0.033792935
2104,2624,0.03374283
2104,2656,0.033817742
2104,2688,0.033767737
2104,2720,0.033818375
2104,2752,0.033829726
2104,2784,0.033867
2104,2816,0.033861533
2104,2848,0.03397207
2104,2880,0.033889566
2104,2912,0.033880763
2104,2944,0.033815652
2104,2976,0.03382753
2104,3008,0.0338656
2104,3040,0.03379021
2104,3072,0.033894587
2104,3104,0.033919934
2104,3136,0.033759773
2104,3168,0.033821512
2104,3200,0.033742003
2104,3232,0.033783197
2104,3264,0.033684965
2104,3296,0.0337568
2104,3328,0.03371033
2104,3360,0.033770386
2104,3392,0.03377046
2104,3424,0.03379185
2104,3456,0.033780128
2104,3488,0.033748105
2104,3520,0.03375515
2104,3552,0.03386199
2104,3584,0.03372918
2104,3616,0.033811
2104,3648,0.03377955
2104,3680,0.03365356
2104,3712,0.033713702
2104,3744,0.03374036
2104,3776,0.03363687
2104,3808,0.033638854
2104,3840,0.03370112
2104,3872,0.03376474
2104,3904,0.033740453
2104,3936,0.033769783
2104,3968,0.033581197
2104,4000,0.03369815
2104,4032,0.03358899
2104,4064,0.033814657
2104,4096,0.033624277
2104,4128,0.033485908
2104,4160,0.03379225
2104,4192,0.03356042
2104,4224,0.03362968
2104,4256,0.033612844
2104,4288,0.033593714
2104,4320,0.03363278
2104,4352,0.033704568
2104,4384,0.033671625
2104,4416,0.033521384
2104,4448,0.033572316
2104,4480,0.033575866
2104,4512,0.033537295
2104,4544,0.03349663
2104,4576,0.033606257
2104,4608,0.0337005
2104,4640,0.033678584
2104,4672,0.033572126
2104,4704,0.033622347
2104,4736,0.033554543
2104,4768,0.03370703
2104,4800,0.03354018
2104,4832,0.033512827
2104,4864,0.03344621
2104,4896,0.03358941
2104,4928,0.033533406
2104,4960,0.03342998
2104,4992,0.0335433
2104,5024,0.033583883
2104,5056,0.03350343
2104,5088,0.033596534
2104,5120,0.033665996
2104,5152,0.03347797
2104,5184,0.033571176
2104,5216,0.03348543
2104,5248,0.03360908
2104,5280,0.033593692
2104,5312,0.033570964
2104,5344,0.033380076
2104,5376,0.03356634
2104,5408,0.033487003
2104,5440,0.033466674
2104,5472,0.033501767
2104,5504,0.033638764
2104,5536,0.033424597
2104,5568,0.033428933
2104,5600,0.033403385
2104,5632,0.03355392
2104,5664,0.03339751
2104,5696,0.033430044
2104,5728,0.033450913
2104,5760,0.033539213
2104,5792,0.03353442
2104,5824,0.033440575
2104,5856,0.03347657
2104,5888,0.033437762
2104,5920,0.033507667
2104,5952,0.033414375
2104,5984,0.033389874
2104,6016,0.033491924
2104,6048,0.033465147
2104,6080,0.03335386
2105,0,0.03336027
2105,32,0.033503287
2105,64,0.03341997
2105,96,0.03341681
2105,128,0.03350463
2105,160,0.033526517
2105,192,0.033363424
2105,224,0.03333709
2105,256,0.033907317
2105,288,0.034462985
2105,320,0.034407973
2105,352,0.034356702
2105,384,0.034387406
2105,416,0.03443576
2105,448,0.034563113
2105,480,0.03434575
2105,512,0.034368314
2105,544,0.034440745
2105,576,0.034432553
2105,608,0.034349613
2105,640,0.03436714
2105,672,0.03432975
2105,704,0.0343025
2105,736,0.034446675
2105,768,0.03420232
2105,800,0.03419284
2105,832,0.034275275
2105,864,0.034293324
2105,896,0.034213047
2105,928,0.034205806
2105,960,0.034356803
2105,992,0.034259375
2105,1024,0.034272656
2105,1056,0.03419285
2105,1088,0.03431916
2105,1120,0.03420163
2105,1152,0.034318585
2105,1184,0.034308977
2105,1216,0.03425491
2105,1248,0.034230117
2105,1280,0.034253422
2105,1312,0.034316756
2105,1344,0.03418431
2105,1376,0.034170043
2105,1408,0.03423118
2105,1440,0.034122758
2105,1472,0.034218118
2105,1504,0.034199182
2105,1536,0.03413204
2105,1568,0.034296643
2105,1600,0.034216754
2105,1632,0.03419022
2105,1664,0.034038972
2105,1696,0.034177396
2105,1728,0.03410203
2105,1760,0.034250833
2105,1792,0.034219116
2105,1824,0.0339964
2105,1856,0.034165274
2105,1888,0.034233864
2105,1920,0.034232497
2105,1952,0.034147568
2105,1984,0.034205765
2105,2016,0.034144435
2105,2048,0.034272097
2105,2080,0.034094315
2105,2112,0.03416731
2105,2144,0.034102835
2105,2176,0.034181375
2105,2208,0.03418624
2105,2240,0.03418122
2105,2272,0.03411408
2105,2304,0.034028184
2105,2336,0.0341676
2105,2368,0.034109615
2105,2400,0.034164462
2105,2432,0.034142993
2105,2464,0.034126516
2105,2496,0.03409099
2105,2528,0.034226943
2105,2560,0.034120236
2105,2592,0.034060664
2105,2624,0.033991423
2105,2656,0.03401812
2105,2688,0.034060154
2105,2720,0.033989087
2105,2752,0.034077883
2105,2784,0.03400898
2105,2816,0.03407768
2105,2848,0.033986438
2105,2880,0.033988785
2105,2912,0.03400014
2105,2944,0.03399462
2105,2976,0.034141824
2105,3008,0.03410001
2105,3040,0.034030877
2105,3072,0.034024134
2105,3104,0.034039736
2105,3136,0.03408906
2105,3168,0.0338594
2105,3200,0.034078464
2105,3232,0.033937532
2105,3264,0.033872783
2105,3296,0.033943318
2105,3328,0.033962894
2105,3360,0.033933017
2105,3392,0.034066733
2105,3424,0.034086235
2105,3456,0.034016762
2105,3488,0.033842664
2105,3520,0.034145754
2105,3552,0.033892646
2105,3584,0.03398918
2105,3616,0.03395529
2105,3648,0.033912685
2105,3680,0.033953976
2105,3712,0.0338946
2105,3744,0.033887934
2105,3776,0.033888143
2105,3808,0.033985447
2105,3840,0.034042213
2105,3872,0.03401328
2105,3904,0.03408377
2105,3936,0.033835854
2105,3968,0.034017105
2105,4000,0.033922393
2105,4032,0.03385008
2105,4064,0.03386097
2105,4096,0.033989668
2105,4128,0.033920772
2105,4160,0.033981543
2105,4192,0.03391635
2105,4224,0.033951133
2105,4256,0.03391436
2105,4288,0.033865716
2105,4320,0.033999015
2105,4352,0.03428387
2105,4384,0.03477475
2105,4416,0.034530975
2105,4448,0.034588058
2105,4480,0.03447568
2105,4512,0.034589432
2105,4544,0.034540992
2105,4576,0.034453254
2105,4608,0.034567565
2105,4640,0.03449058
2105,4672,0.03440212
2105,4704,0.034437504
2105,4736,0.034477033
2105,4768,0.034382056
2105,4800,0.03446146
2105,4832,0.03451639
2105,4864,0.034344774
2105,4896,0.03435094
2105,4928,0.034427326
2105,4960,0.034510214
2105,4992,0.03454129
2105,5024,0.034461856
2105,5056,0.034387223
2105,5088,0.034370255
2105,5120,0.034378655
2105,5152,0.03458242
2105,5184,0.034479816
2105,5216,0.034462605
2105,5248,0.034222785
2105,5280,0.03438937
2105,5312,0.034335967
2105,5344,0.03433654
2105,5376,0.034445666
2105,5408,0.034288943
2105,5440,0.03445616
2105,5472,0.034480914
2105,5504,0.03420168
2105,5536,0.03431521
2105,5568,0.034299765
2105,5600,0.03447872
2105,5632,0.034356248
2105,5664,0.034299836
2105,5696,0.034297355
2105,5728,0.034365032
2105,5760,0.034400675
2105,5792,0.034283485
2105,5824,0.03440855
2105,5856,0.034235355
2105,5888,0.03433386
2105,5920,0.03420801
2105,5952,0.034196924
2105,5984,0.034307744
2105,6016,0.03427472
2105,6048,0.034302056
2105,6080,0.03433973
2106,0,0.03428832
2106,32,0.034347795
2106,64,0.03431546
2106,96,0.034342665
2106,128,0.034374677
2106,160,0.034306653
2106,192,0.03427959
2106,224,0.03423734
2106,256,0.034164336
2106,288,0.034276575
2106,320,0.03424397
2106,352,0.034163427
2106,384,0.034142457
2106,416,0.034172524
2106,448,0.034210067
2106,480,0.034264788
2106,512,0.034160145
2106,544,0.034161955
2106,576,0.03420461
2106,608,0.03418652
2106,640,0.034150813
2106,672,0.034116622
2106,704,0.034263007
2106,736,0.034153588
2106,768,0.034086682
2106,800,0.034209114
2106,832,0.034127466
2106,864,0.03420793
2106,896,0.034249492
2106,928,0.03420557
2106,960,0.034278385
2106,992,0.034099247
2106,1024,0.03428761
2106,1056,0.034175295
2106,1088,0.034239084
2106,1120,0.034140367
2106,1152,0.034162223
2106,1184,0.034136005
2106,1216,0.034227103
2106,1248,0.034112398
2106,1280,0.034104027
2106,1312,0.03415862
2106,1344,0.034184773
2106,1376,0.034137074
2106,1408,0.034118656
2106,1440,0.034033824
2106,1472,0.03410856
2106,1504,0.03403975
2106,1536,0.034112964
2106,1568,0.03414429
2106,1600,0.03413927
2106,1632,0.034031264
2106,1664,0.034087583
2106,1696,0.03406014
2106,1728,0.034154963
2106,1760,0.034165323
2106,1792,0.034112815
2106,1824,0.03393005
2106,1856,0.03414324
2106,1888,0.03413555
2106,1920,0.03406501
2106,1952,0.03401622
2106,1984,0.034041222
2106,2016,0.034103762
2106,2048,0.033976514
2106,2080,0.034052677
2106,2112,0.03410152
2106,2144,0.034077898
2106,2176,0.03403421
2106,2208,0.0339377
2106,2240,0.034096543
2106,2272,0.034023046
2106,2304,0.03414862
2106,2336,0.034285635
2106,2368,0.034772616
2106,2400,0.034720276
2106,2432,0.034681603
2106,2464,0.034861125
2106,2496,0.034711573
2106,2528,0.034863736
2106,2560,0.034903154
2106,2592,0.034830436
2106,2624,0.03467873
2106,2656,0.03470426
2106,2688,0.034690786
2106,2720,0.034566402
2106,2752,0.034651726
2106,2784,0.03463366
2106,2816,0.03471269
2106,2848,0.034619257
2106,2880,0.034799658
2106,2912,0.03476879
2106,2944,0.034630027
2106,2976,0.034705598
2106,3008,0.03459303
2106,3040,0.034780093
2106,3072,0.034688737
2106,3104,0.03470295
2106,3136,0.034627225
2106,3168,0.03471444
2106,3200,0.034751195
2106,3232,0.03466768
2106,3264,0.034675527
2106,3296,0.034644414
2106,3328,0.034618538
2106,3360,0.03459122
2106,3392,0.034588527
2106,3424,0.034414098
2106,3456,0.03462553
2106,3488,0.03455747
2106,3520,0.03453476
2106,3552,0.034512665
2106,3584,0.034596022
2106,3616,0.034672957
2106,3648,0.034468785
2106,3680,0.034675144
2106,3712,0.03442053
2106,3744,0.034563262
2106,3776,0.03457887
2106,3808,0.03462585
2106,3840,0.03455697
2106,3872,0.034582846
2106,3904,0.034444675
2106,3936,0.0345896
2106,3968,0.034436293
2106,4000,0.034505073
2106,4032,0.03455158
2106,4064,0.034494232
2106,4096,0.034512833
2106,4128,0.034509856
2106,4160,0.034539834
2106,4192,0.03449279
2106,4224,0.03446339
2106,4256,0.03451347
2106,4288,0.03441039
2106,4320,0.034573372
2106,4352,0.034379184
2106,4384,0.034353223
2106,4416,0.034416676
2106,4448,0.03456897
2106,4480,0.034379292
2106,4512,0.03447136
2106,4544,0.03429351
2106,4576,0.034448627
2106,4608,0.03436916
2106,4640,0.034587096
2106,4672,0.03438569
2106,4704,0.034485616
2106,4736,0.034292933
2106,4768,0.034430098
2106,4800,0.03432311
2106,4832,0.03446079
2106,4864,0.03440576
2106,4896,0.03436068
2106,4928,0.03440187
2106,4960,0.03443472
2106,4992,0.034412935
2106,5024,0.03442431
2106,5056,0.03441737
2106,5088,0.034471534
2106,5120,0.034402415
2106,5152,0.034410175
2106,5184,0.03424249
2106,5216,0.03433407
2106,5248,0.034369
2106,5280,0.03437958
2106,5312,0.034480285
2106,5344,0.03430844
2106,5376,0.03432053
2106,5408,0.034375273
2106,5440,0.03424995
2106,5472,0.03451298
2106,5504,0.034427647
2106,5536,0.034528065
2106,5568,0.034357682
2106,5600,0.03436802
2106,5632,0.034389485
2106,5664,0.034192916
2106,5696,0.03428594
2106,5728,0.03432947
2106,5760,0.034385838
2106,5792,0.03428823
2106,5824,0.03425641
2106,5856,0.0341986
2106,5888,0.034311764
2106,5920,0.034258496
2106,5952,0.034332935
2106,5984,0.034278784
2106,6016,0.034160446
2106,6048,0.03426777
2106,6080,0.034261703
2107,0,0.0343265
2107,32,0.034296364
2107,64,0.034283336
2107,96,0.034264598
2107,128,0.03426698
2107,160,0.034220677
2107,192,0.03426593
2107,224,0.03425299
2107,256,0.03432185
2107,288,0.034330957
2107,320,0.034223955
2107,352,0.034564488
2107,384,0.034634307
2107,416,0.034473438
2107,448,0.034536418
2107,480,0.034583583
2107,512,0.034525737
2107,544,0.03457114
2107,576,0.034535397
2107,608,0.034577414
2107,640,0.03456807
2107,672,0.034610465
2107,704,0.034600716
2107,736,0.034576222
2107,768,0.034406487
2107,800,0.034531716
2107,832,0.034490928
2107,864,0.034509324
2107,896,0.0345098
2107,928,0.034442056
2107,960,0.034485992
2107,992,0.034465443
2107,1024,0.03451378
2107,1056,0.03442177
2107,1088,0.034304336
2107,1120,0.034378223
2107,1152,0.03454577
2107,1184,0.03447894
2107,1216,0.034309868
2107,1248,0.03440718
2107,1280,0.034409776
2107,1312,0.034441356
2107,1344,0.034497686
2107,1376,0.03444943
2107,1408,0.03436236
2107,1440,0.034474988
2107,1472,0.03432986
2107,1504,0.03427112
2107,1536,0.03449694
2107,1568,0.034330577
2107,1600,0.034348436
2107,1632,0.03436097
2107,1664,0.034283005
2107,1696,0.034421854
2107,1728,0.03434292
2107,1760,0.034296885
2107,1792,0.034388065
2107,1824,0.034332085
2107,1856,0.034298133
2107,1888,0.03441725
2107,1920,0.034284696
2107,1952,0.034244295
2107,1984,0.034367397
2107,2016,0.034309033
2107,2048,0.03434889
2107,2080,0.03426804
2107,2112,0.034165535
2107,2144,0.03425282
2107,2176,0.03425344
2107,2208,0.034394257
2107,2240,0.034334667
2107,2272,0.034237567
2107,2304,0.034262676
2107,2336,0.03438462
2107,2368,0.034239583
2107,2400,0.034167197
2107,2432,0.034221943
2107,2464,0.034197237
2107,2496,0.034297846
2107,2528,0.03415426
2107,2560,0.034148697
2107,2592,0.034208577
2107,2624,0.034307312
2107,2656,0.03428406
2107,2688,0.034182332
2107,2720,0.034281842
2107,2752,0.034204893
2107,2784,0.034268215
2107,2816,0.034173112
2107,2848,0.034234196
2107,2880,0.034209374
2107,2912,0.0342967
2107,2944,0.034152195
2107,2976,0.034200694
2107,3008,0.03416179
2107,3040,0.034201972
2107,3072,0.03415122
2107,3104,0.03411395
2107,3136,0.0342791
2107,3168,0.034176014
2107,3200,0.034187686
2107,3232,0.034245994
2107,3264,0.03433797
2107,3296,0.034216154
2107,3328,0.03408538
2107,3360,0.034241058
2107,3392,0.034166608
2107,3424,0.034228146
2107,3456,0.034244362
2107,3488,0.03419169
2107,3520,0.034256265
2107,3552,0.03421735
2107,3584,0.034254204
2107,3616,0.034072656
2107,3648,0.034010008
2107,3680,0.034049414
2107,3712,0.034181118
2107,3744,0.03403542
2107,3776,0.034080163
2107,3808,0.034119833
2107,3840,0.03411308
2107,3872,0.034153014
2107,3904,0.03428272
2107,3936,0.034032464
2107,3968,0.034046635
2107,4000,0.034043904
2107,4032,0.03416315
2107,4064,0.034178827
2107,4096,0.034195922
2107,4128,0.034123305
2107,4160,0.034042463
2107,4192,0.0340987
2107,4224,0.03402096
2107,4256,0.03411088
2107,4288,0.034137364
2107,4320,0.034094516
2107,4352,0.034004405
2107,4384,0.034035623
2107,4416,0.034059826
2107,4448,0.034681037
2107,4480,0.034637492
2107,4512,0.034644607
2107,4544,0.03456904
2107,4576,0.03478376
2107,4608,0.034444485
2107,4640,0.03474859
2107,4672,0.034502298
2107,4704,0.034521524
2107,4736,0.034496926
2107,4768,0.034587026
2107,4800,0.03458483
2107,4832,0.034550734
2107,4864,0.03459925
2107,4896,0.034525372
2107,4928,0.034554332
2107,4960,0.03463556
2107,4992,0.0344958
2107,5024,0.034597527
2107,5056,0.034677938
2107,5088,0.03452069
2107,5120,0.034528732
2107,5152,0.034447744
2107,5184,0.03457862
2107,5216,0.03448964
2107,5248,0.034476537
2107,5280,0.03450923
2107,5312,0.03450776
2107,5344,0.034469567
2107,5376,0.034554027
2107,5408,0.034694925
2107,5440,0.034465015
2107,5472,0.034509394
2107,5504,0.034455847
2107,5536,0.03439232
2107,5568,0.03451243
2107,5600,0.034441065
2107,5632,0.034522492
2107,5664,0.03440427
2107,5696,0.034443405
2107,5728,0.03449145
2107,5760,0.03449594
2107,5792,0.034485895
2107,5824,0.034457352
2107,5856,0.03453416
2107,5888,0.034420587
2107,5920,0.034548033
2107,5952,0.03444283
2107,5984,0.034447752
2107,6016,0.03450469
2107,6048,0.03445475
2107,6080,0.034397323
2108,0,0.034419235
2108,32,0.03442305
2108,64,0.03451197
2108,96,0.034458812
2108,128,0.03445748
2108,160,0.034402553
2108,192,0.034325607
2108,224,0.03444283
2108,256,0.03435073
2108,288,0.03442363
2108,320,0.034481145
2108,352,0.03441277
2108,384,0.034394845
2108,416,0.034390196
2108,448,0.034302942
2108,480,0.03433514
2108,512,0.03419801
2108,544,0.034302264
2108,576,0.034395326
2108,608,0.034203645
2108,640,0.034407288
2108,672,0.034277722
2108,704,0.034375504
2108,736,0.034439918
2108,768,0.034274705
2108,800,0.034252085
2108,832,0.034377106
2108,864,0.03432818
2108,896,0.03432204
2108,928,0.034390662
2108,960,0.034365043
2108,992,0.034291975
2108,1024,0.034381043
2108,1056,0.034233283
2108,1088,0.03440212
2108,1120,0.034292847
2108,1152,0.03442625
2108,1184,0.034407996
2108,1216,0.03438584
2108,1248,0.034234777
2108,1280,0.034251135
2108,1312,0.034164406
2108,1344,0.03435921
2108,1376,0.034134936
2108,1408,0.03418182
2108,1440,0.034228787
2108,1472,0.034181986
2108,1504,0.034276117
2108,1536,0.03421632
2108,1568,0.03443651
2108,1600,0.03436095
2108,1632,0.03429833
2108,1664,0.03427224
2108,1696,0.03428243
2108,1728,0.034225743
2108,1760,0.034257285
2108,1792,0.034172535
2108,1824,0.034253996
2108,1856,0.03424013
2108,1888,0.03442901
2108,1920,0.03425507
2108,1952,0.034118805
2108,1984,0.03422939
2108,2016,0.034221813
2108,2048,0.034150727
2108,2080,0.034150988
2108,2112,0.034213647
2108,2144,0.03423474
2108,2176,0.034215532
2108,2208,0.03412795
2108,2240,0.034154996
2108,2272,0.03410624
2108,2304,0.034257144
2108,2336,0.03428392
2108,2368,0.034163654
2108,2400,0.034219768
2108,2432,0.03418131
2108,2464,0.034144457
2108,2496,0.034150425
2108,2528,0.034099795
2108,2560,0.034154527
2108,2592,0.03407753
2108,2624,0.034119774
2108,2656,0.03415668
2108,2688,0.03416837
2108,2720,0.03414911
2108,2752,0.034088835
2108,2784,0.034330375
2108,2816,0.034051586
2108,2848,0.034150723
2108,2880,0.034168527
2108,2912,0.03410772
2108,2944,0.034235053
2108,2976,0.034235187
2108,3008,0.034132965
2108,3040,0.034059055
2108,3072,0.03393403
2108,3104,0.034040008
2108,3136,0.034053385
2108,3168,0.03401413
2108,3200,0.034094773
2108,3232,0.033955228
2108,3264,0.034062147
2108,3296,0.034089312
2108,3328,0.034044202
2108,3360,0.03398137
2108,3392,0.034068674
2108,3424,0.034106802
2108,3456,0.03403012
2108,3488,0.0340589
2108,3520,0.03398693
2108,3552,0.034107935
2108,3584,0.034082223
2108,3616,0.033895276
2108,3648,0.03423722
2108,3680,0.033967417
2108,3712,0.034036003
2108,3744,0.034049224
2108,3776,0.03407743
2108,3808,0.034081027
2108,3840,0.03384191
2108,3872,0.033926833
2108,3904,0.034030553
2108,3936,0.03394277
2108,3968,0.03394111
2108,4000,0.034056675
2108,4032,0.033859864
2108,4064,0.034022994
2108,4096,0.03397952
2108,4128,0.033827763
2108,4160,0.03402509
2108,4192,0.034009423
2108,4224,0.033906426
2108,4256,0.033916567
2108,4288,0.033903502
2108,4320,0.033921316
2108,4352,0.03389971
2108,4384,0.03404566
2108,4416,0.033970468
2108,4448,0.03393108
2108,4480,0.034107488
2108,4512,0.033998176
2108,4544,0.03403067
2108,4576,0.033925828
2108,4608,0.033793364
2108,4640,0.033940975
2108,4672,0.03384178
2108,4704,0.03394705
2108,4736,0.033910077
2108,4768,0.033830974
2108,4800,0.033825863
2108,4832,0.03395462
2108,4864,0.033914648
2108,4896,0.033853125
2108,4928,0.033837218
2108,4960,0.03393134
2108,4992,0.033913027
2108,5024,0.033934154
2108,5056,0.03388634
2108,5088,0.03391161
2108,5120,0.033867516
2108,5152,0.03389812
2108,5184,0.03387439
2108,5216,0.033811532
2108,5248,0.033773914
2108,5280,0.033739448
2108,5312,0.033806607
2108,5344,0.0338684
2108,5376,0.03382019
2108,5408,0.033815123
2108,5440,0.033726793
2108,5472,0.03373261
2108,5504,0.033641454
2108,5536,0.03382899
2108,5568,0.03381917
2108,5600,0.033886444
2108,5632,0.033797726
2108,5664,0.033878513
2108,5696,0.033686124
2108,5728,0.033708427
2108,5760,0.033753935
2108,5792,0.03378264
2108,5824,0.03374633
2108,5856,0.033860326
2108,5888,0.03383608
2108,5920,0.03369386
2108,5952,0.0337801
2108,5984,0.033785522
2108,6016,0.03380891
2108,6048,0.03374345
2108,6080,0.03379482
2109,0,0.03378662
2109,32,0.033745863
2109,64,0.03380393
2109,96,0.033726655
2109,128,0.033715352
2109,160,0.033748586
2109,192,0.033842094
2109,224,0.033658024
2109,256,0.03370747
2109,288,0.033708453
2109,320,0.03375801
2109,352,0.033751104
2109,384,0.03372073
2109,416,0.033916056
2109,448,0.033799935
2109,480,0.033814225
2109,512,0.0338041
2109,544,0.033842802
2109,576,0.033863414
2109,608,0.034037992
2109,640,0.033875093
2109,672,0.033892203
2109,704,0.03380157
2109,736,0.033858523
2109,768,0.033977598
2109,800,0.03387393
2109,832,0.033726737
2109,864,0.033889037
2109,896,0.03386174
2109,928,0.03369292
2109,960,0.033758223
2109,992,0.033881493
2109,1024,0.033630047
2109,1056,0.03369392
2109,1088,0.03379414
2109,1120,0.0336956
2109,1152,0.033820316
2109,1184,0.033739705
2109,1216,0.033839434
2109,1248,0.033679456
2109,1280,0.03379449
2109,1312,0.033799835
2109,1344,0.03376262
2109,1376,0.03379828
2109,1408,0.033657715
2109,1440,0.03375802
2109,1472,0.033661537
2109,1504,0.033726398
2109,1536,0.03377414
2109,1568,0.033572208
2109,1600,0.033668164
2109,1632,0.033705804
2109,1664,0.033695824
2109,1696,0.033676267
2109,1728,0.033748757
2109,1760,0.033643
2109,1792,0.03377236
2109,1824,0.033690937
2109,1856,0.033716835
2109,1888,0.03377247
2109,1920,0.033680193
2109,1952,0.03351223
2109,1984,0.033633046
2109,2016,0.033725798
2109,2048,0.033575747
2109,2080,0.033663902
2109,2112,0.033619117
2109,2144,0.033626284
2109,2176,0.033623043
2109,2208,0.033430833
2109,2240,0.033510666
2109,2272,0.033659514
2109,2304,0.033663914
2109,2336,0.03373877
2109,2368,0.033643663
2109,2400,0.033490665
2109,2432,0.03353922
2109,2464,0.033604007
2109,2496,0.03368542
2109,2528,0.03358395
2109,2560,0.033531707
2109,2592,0.033596136
2109,2624,0.033566877
2109,2656,0.033619754
2109,2688,0.033537555
2109,2720,0.033690758
2109,2752,0.03351649
2109,2784,0.0335722
2109,2816,0.033560026
2109,2848,0.03355343
2109,2880,0.033583492
2109,2912,0.033462565
2109,2944,0.033541687
2109,2976,0.03348286
2109,3008,0.03358222
2109,3040,0.033534143
2109,3072,0.03349515
2109,3104,0.033491027
2109,3136,0.033391196
2109,3168,0.03350232
2109,3200,0.033530574
2109,3232,0.03352321
2109,3264,0.03356344
2109,3296,0.033442657
2109,3328,0.03349867
2109,3360,0.033403598
2109,3392,0.033377606
2109,3424,0.03346379
2109,3456,0.033478677
2109,3488,0.033522736
2109,3520,0.033428658
2109,3552,0.033467926
2109,3584,0.03358348
2109,3616,0.03347947
2109,3648,0.03352248
2109,3680,0.033488862
2109,3712,0.03355499
2109,3744,0.033363283
2109,3776,0.03345467
2109,3808,0.03341369
2109,3840,0.03344725
2109,3872,0.033512127
2109,3904,0.03342573
2109,3936,0.033387512
2109,3968,0.03350784
2109,4000,0.033473954
2109,4032,0.033454314
2109,4064,0.03341927
2109,4096,0.033464782
2109,4128,0.033553742
2109,4160,0.033427585
2109,4192,0.0334584
2109,4224,0.033356644
2109,4256,0.0333259
2109,4288,0.03344942
2109,4320,0.03347023
2109,4352,0.03346975
2109,4384,0.03338682
2109,4416,0.03348951
2109,4448,0.033484694
2109,4480,0.03332539
2109,4512,0.0340567
2109,4544,0.034675192
2109,4576,0.034656048
2109,4608,0.03477414
2109,4640,0.034625202
2109,4672,0.034670603
2109,4704,0.034731325
2109,4736,0.034571916
2109,4768,0.034683585
2109,4800,0.03477445
2109,4832,0.034570232
2109,4864,0.034619007
2109,4896,0.034654673
2109,4928,0.034649935
2109,4960,0.03463554
2109,4992,0.03460244
2109,5024,0.034680463
2109,5056,0.034612156
2109,5088,0.034668334
2109,5120,0.034575544
2109,5152,0.03464368
2109,5184,0.03465371
2109,5216,0.034670282
2109,5248,0.034590162
2109,5280,0.03457034
2109,5312,0.034743726
2109,5344,0.034606524
2109,5376,0.034717888
2109,5408,0.03465125
2109,5440,0.034648925
2109,5472,0.034689393
2109,5504,0.03448968
2109,5536,0.03455762
2109,5568,0.03459962
2109,5600,0.034635823
2109,5632,0.03448989
2109,5664,0.034447014
2109,5696,0.03451253
2109,5728,0.034530345
2109,5760,0.03459296
2109,5792,0.034545694
2109,5824,0.03453256
2109,5856,0.03451795
2109,5888,0.034629975
2109,5920,0.034551993
2109,5952,0.034614578
2109,5984,0.034595285
2109,6016,0.034514662
2109,6048,0.034580886
2109,6080,0.03449319
2110,0,0.034418434
2110,32,0.03451813
2110,64,0.03459506
2110,96,0.034386743
2110,128,0.03445957
2110,160,0.03461425
2110,192,0.03450277
2110,224,0.034441255
2110,256,0.034515753
2110,288,0.03446236
2110,320,0.034457974
2110,352,0.03448388
2110,384,0.034488108
2110,416,0.03437949
2110,448,0.034455273
2110,480,0.03437141
2110,512,0.034485262
2110,544,0.03442173
2110,576,0.03448749
2110,608,0.034483008
2110,640,0.034316834
2110,672,0.03438406
2110,704,0.034516968
2110,736,0.034452435
2110,768,0.034555715
2110,800,0.03442264
2110,832,0.034353346
2110,864,0.034270473
2110,896,0.034368694
2110,928,0.03446459
2110,960,0.034405444
2110,992,0.034361556
2110,1024,0.03452617
2110,1056,0.034341965
2110,1088,0.034426026
2110,1120,0.034265757
2110,1152,0.03434635
2110,1184,0.03431127
2110,1216,0.034425467
2110,1248,0.034349743
2110,1280,0.034212776
2110,1312,0.034419816
2110,1344,0.034339815
2110,1376,0.034344625
2110,1408,0.03435716
2110,1440,0.034229457
2110,1472,0.034252465
2110,1504,0.034522254
2110,1536,0.03441091
2110,1568,0.03442281
2110,1600,0.034373492
2110,1632,0.03427411
2110,1664,0.03428868
2110,1696,0.034312926
2110,1728,0.03432005
2110,1760,0.034430224
2110,1792,0.03431075
2110,1824,0.03429377
2110,1856,0.034277163
2110,1888,0.03438598
2110,1920,0.034271028
2110,1952,0.03440315
2110,1984,0.03428868
2110,2016,0.03448428
2110,2048,0.03426416
2110,2080,0.03428283
2110,2112,0.034296088
2110,2144,0.034296103
2110,2176,0.034258742
2110,2208,0.03432867
2110,2240,0.03425573
2110,2272,0.03431674
2110,2304,0.034310587
2110,2336,0.03438264
2110,2368,0.03417614
2110,2400,0.034428753
2110,2432,0.03419852
2110,2464,0.034251142
2110,2496,0.03436262
2110,2528,0.034904048
2110,2560,0.03483201
2110,2592,0.034692954
2110,2624,0.034761198
2110,2656,0.034836065
2110,2688,0.03478042
2110,2720,0.03487021
2110,2752,0.034672275
2110,2784,0.034801174
2110,2816,0.034803465
2110,2848,0.03473607
2110,2880,0.034778588
2110,2912,0.034750827
2110,2944,0.034739643
2110,2976,0.034658197
2110,3008,0.034571648
2110,3040,0.034785748
2110,3072,0.034861103
2110,3104,0.034669466
2110,3136,0.03474192
2110,3168,0.034523066
2110,3200,0.03477544
2110,3232,0.03470175
2110,3264,0.034687806
2110,3296,0.034590274
2110,3328,0.034592595
2110,3360,0.03474181
2110,3392,0.03475003
2110,3424,0.03459916
2110,3456,0.03468694
2110,3488,0.034598526
2110,3520,0.034760773
2110,3552,0.03461261
2110,3584,0.034628846
2110,3616,0.03471265
2110,3648,0.03462175
2110,3680,0.03464594
2110,3712,0.034593638
2110,3744,0.034722827
2110,3776,0.034669448
2110,3808,0.03461259
2110,3840,0.03452101
2110,3872,0.034543827
2110,3904,0.03468164
2110,3936,0.034540046
2110,3968,0.03460125
2110,4000,0.0345708
2110,4032,0.03465474
2110,4064,0.034609746
2110,4096,0.034620132
2110,4128,0.034523807
2110,4160,0.034539472
2110,4192,0.034657378
2110,4224,0.034548685
2110,4256,0.0345207
2110,4288,0.03444244
2110,4320,0.03464347
2110,4352,0.034719728
2110,4384,0.034543257
2110,4416,0.034575094
2110,4448,0.034578558
2110,4480,0.034454923
2110,4512,0.034453537
2110,4544,0.03457228
2110,4576,0.034501243
2110,4608,0.034642257
2110,4640,0.034517806
2110,4672,0.034494817
2110,4704,0.03451397
2110,4736,0.03444738
2110,4768,0.034371395
2110,4800,0.034372717
2110,4832,0.034576207
2110,4864,0.034476876
2110,4896,0.034522373
2110,4928,0.03452186
2110,4960,0.03437767
2110,4992,0.034420364
2110,5024,0.034427743
2110,5056,0.034539502
2110,5088,0.03445107
2110,5120,0.034580126
2110,5152,0.03438965
2110,5184,0.034500625
2110,5216,0.034525014
2110,5248,0.03442061
2110,5280,0.034428824
2110,5312,0.034497026
2110,5344,0.034483463
2110,5376,0.0345115
2110,5408,0.034445845
2110,5440,0.034511235
2110,5472,0.034442138
2110,5504,0.03446295
2110,5536,0.034540385
2110,5568,0.034300167
2110,5600,0.034320083
2110,5632,0.03444089
2110,5664,0.034490738
2110,5696,0.0344269
2110,5728,0.03427926
2110,5760,0.034306925
2110,5792,0.03442367
2110,5824,0.034385048
2110,5856,0.03439603
2110,5888,0.034328867
2110,5920,0.034434766
2110,5952,0.034415703
2110,5984,0.034443352
2110,6016,0.03438187
2110,6048,0.034305077
2110,6080,0.034322836
2111,0,0.034363043
2111,32,0.034498062
2111,64,0.034461174
2111,96,0.03430533
2111,128,0.034389008
2111,160,0.03444838
2111,192,0.034333374
2111,224,0.034416623
2111,256,0.034474544
2111,288,0.03444818
2111,320,0.03438021
2111,352,0.03437712
2111,384,0.03425522
2111,416,0.034317933
2111,448,0.034394864
2111,480,0.03440028
2111,512,0.035151616
2111,544,0.035023347
2111,576,0.03505326
2111,608,0.035093546
2111,640,0.035203587
2111,672,0.03515892
2111,704,0.034973945
2111,736,0.035059836
2111,768,0.034944866
2111,800,0.03499051
2111,832,0.035067424
2111,864,0.03490803
2111,896,0.034923013
2111,928,0.034928232
2111,960,0.034921918
2111,992,0.03496991
2111,1024,0.034950763
2111,1056,0.034903247
2111,1088,0.034960717
2111,1120,0.03501641
2111,1152,0.034877013
2111,1184,0.034872245
2111,1216,0.034970533
2111,1248,0.034926016
2111,1280,0.034763977
2111,1312,0.03496254
2111,1344,0.034880675
2111,1376,0.034873996
2111,1408,0.034910023
2111,1440,0.034786455
2111,1472,0.03487687
2111,1504,0.035010032
2111,1536,0.034737702
2111,1568,0.03491869
2111,1600,0.03490947
2111,1632,0.03492033
2111,1664,0.03480291
2111,1696,0.034927424
2111,1728,0.034841947
2111,1760,0.034830183
2111,1792,0.034835972
2111,1824,0.03490355
2111,1856,0.034852546
2111,1888,0.034743607
2111,1920,0.034883823
2111,1952,0.03472626
2111,1984,0.034979768
2111,2016,0.034718953
2111,2048,0.03480571
2111,2080,0.03475235
2111,2112,0.034948204
2111,2144,0.034851734
2111,2176,0.03479895
2111,2208,0.03479919
2111,2240,0.034768876
2111,2272,0.034862075
2111,2304,0.034691565
2111,2336,0.03485324
2111,2368,0.034712538
2111,2400,0.034758225
2111,2432,0.034881447
2111,2464,0.03479751
2111,2496,0.034884706
2111,2528,0.0348396
2111,2560,0.034794107
2111,2592,0.034699865
2111,2624,0.034818802
2111,2656,0.034777816
2111,2688,0.034729462
2111,2720,0.034647517
2111,2752,0.03472255
2111,2784,0.034738615
2111,2816,0.03476663
2111,2848,0.03475064
2111,2880,0.03474833
2111,2912,0.034737848
2111,2944,0.03482235
2111,2976,0.034731306
2111,3008,0.03466863
2111,3040,0.034698803
2111,3072,0.03472464
2111,3104,0.034734562
2111,3136,0.034813855
2111,3168,0.034714073
2111,3200,0.034595244
2111,3232,0.034792554
2111,3264,0.03464433
2111,3296,0.03477825
2111,3328,0.03477184
2111,3360,0.034738455
2111,3392,0.034792837
2111,3424,0.03471853
2111,3456,0.03468976
2111,3488,0.03467771
2111,3520,0.034613013
2111,3552,0.03462666
2111,3584,0.034565173
2111,3616,0.03475157
2111,3648,0.034557216
2111,3680,0.034661133
2111,3712,0.03466158
2111,3744,0.034460194
2111,3776,0.03454605
2111,3808,0.034644797
2111,3840,0.034516186
2111,3872,0.034567825
2111,3904,0.034484368
2111,3936,0.034657475
2111,3968,0.034579523
2111,4000,0.03446513
2111,4032,0.03456586
2111,4064,0.034544144
2111,4096,0.034661133
2111,4128,0.034548257
2111,4160,0.034632217
2111,4192,0.034613945
2111,4224,0.03452848
2111,4256,0.034631822
2111,4288,0.034637053
2111,4320,0.034559317
2111,4352,0.034485668
2111,4384,0.034528185
2111,4416,0.034563664
2111,4448,0.03469867
2111,4480,0.03458586
2111,4512,0.034503687
2111,4544,0.034479164
2111,4576,0.034586083
2111,4608,0.03441562
2111,4640,0.034390874
2111,4672,0.034435816
2111,4704,0.03440632
2111,4736,0.03445666
2111,4768,0.034494724
2111,4800,0.03423681
2111,4832,0.034441896
2111,4864,0.03433291
2111,4896,0.034496814
2111,4928,0.034453552
2111,4960,0.03434578
2111,4992,0.034408383
2111,5024,0.03430817
2111,5056,0.03439652
2111,5088,0.03429232
2111,5120,0.03438145
2111,5152,0.034386568
2111,5184,0.034276374
2111,5216,0.03439016
2111,5248,0.034367397
2111,5280,0.034422614
2111,5312,0.03425409
2111,5344,0.034173608
2111,5376,0.03446783
2111,5408,0.03432328
2111,5440,0.034296315
2111,5472,0.03431049
2111,5504,0.034258246
2111,5536,0.034252502
2111,5568,0.03429376
2111,5600,0.03434097
2111,5632,0.034395017
2111,5664,0.03427466
2111,5696,0.034279156
2111,5728,0.034388814
2111,5760,0.034337647
2111,5792,0.034281258
2111,5824,0.034096073
2111,5856,0.034161936
2111,5888,0.034410294
2111,5920,0.034225672
2111,5952,0.034227595
2111,5984,0.034206502
2111,6016,0.034327574
2111,6048,0.03424441
2111,6080,0.034201257
2112,0,0.03418815
2112,32,0.0342403
2112,64,0.03415978
2112,96,0.034020573
2112,128,0.03410606
2112,160,0.03420214
2112,192,0.03418204
2112,224,0.03415455
2112,256,0.03420477
2112,288,0.034216985
2112,320,0.034030057
2112,352,0.03403974
2112,384,0.034123506
2112,416,0.034223147
2112,448,0.034139026
2112,480,0.034128606
2112,512,0.03418372
2112,544,0.03419852
2112,576,0.034193445
2112,608,0.034076035
2112,640,0.03407457
2112,672,0.034171503
2112,704,0.034183558
2112,736,0.03413166
2112,768,0.034060184
2112,800,0.034078486
2112,832,0.03410463
2112,864,0.03417527
2112,896,0.03420464
2112,928,0.03417115
2112,960,0.03420958
2112,992,0.03419906
2112,1024,0.03423475
2112,1056,0.034087103
2112,1088,0.034132447
2112,1120,0.034089267
2112,1152,0.034157477
2112,1184,0.03417073
2112,1216,0.03409584
2112,1248,0.03401216
2112,1280,0.0340942
2112,1312,0.03410816
2112,1344,0.03401799
2112,1376,0.034013845
2112,1408,0.03399891
2112,1440,0.03404275
2112,1472,0.03412032
2112,1504,0.03409436
2112,1536,0.034093518
2112,1568,0.03403619
2112,1600,0.034037564
2112,1632,0.034109935
2112,1664,0.034023825
2112,1696,0.033992127
2112,1728,0.03400414
2112,1760,0.034088768
2112,1792,0.034076534
2112,1824,0.033991892
2112,1856,0.03398187
2112,1888,0.033991437
2112,1920,0.03385448
2112,1952,0.033928715
2112,1984,0.03398822
2112,2016,0.03402072
2112,2048,0.03392467
2112,2080,0.034051023
2112,2112,0.03403382
2112,2144,0.034036074
2112,2176,0.0338542
2112,2208,0.034066442
2112,2240,0.034111857
2112,2272,0.033948027
2112,2304,0.03401409
2112,2336,0.034026776
2112,2368,0.033878356
2112,2400,0.033920184
2112,2432,0.034103032
2112,2464,0.033898365
2112,2496,0.034085616
2112,2528,0.03391937
2112,2560,0.033984687
2112,2592,0.033992335
2112,2624,0.03395059
2112,2656,0.03404163
2112,2688,0.03404567
2112,2720,0.03400806
2112,2752,0.034007642
2112,2784,0.03404462
2112,2816,0.03392791
2112,2848,0.03387168
2112,2880,0.033947296
2112,2912,0.03391111
2112,2944,0.033997774
2112,2976,0.033855274
2112,3008,0.033876903
2112,3040,0.033940393
2112,3072,0.033938684
2112,3104,0.033843737
2112,3136,0.03391032
2112,3168,0.033905257
2112,3200,0.03394416
2112,3232,0.033994533
2112,3264,0.033903092
2112,3296,0.03379827
2112,3328,0.03390274
2112,3360,0.033830546
2112,3392,0.033764154
2112,3424,0.033970945
2112,3456,0.03390435
2112,3488,0.034004778
2112,3520,0.033757165
2112,3552,0.033943646
2112,3584,0.03393241
2112,3616,0.033980902
2112,3648,0.03385126
2112,3680,0.03389702
2112,3712,0.0339027
2112,3744,0.03389517
2112,3776,0.033922136
2112,3808,0.033869922
2112,3840,0.033886194
2112,3872,0.033812135
2112,3904,0.03387629
2112,3936,0.033797868
2112,3968,0.0337943
2112,4000,0.033851832
2112,4032,0.03378899
2112,4064,0.033922307
2112,4096,0.03379784
2112,4128,0.033789184
2112,4160,0.03374568
2112,4192,0.033688158
2112,4224,0.03371234
2112,4256,0.033709556
2112,4288,0.033692442
2112,4320,0.033673007
2112,4352,0.033753596
2112,4384,0.033685416
2112,4416,0.033778
2112,4448,0.033750217
2112,4480,0.03375378
2112,4512,0.0338293
2112,4544,0.033633627
2112,4576,0.033733863
2112,4608,0.033801064
2112,4640,0.033667333
2112,4672,0.03365545
2112,4704,0.033789046
2112,4736,0.03371869
2112,4768,0.03371542
2112,4800,0.03376691
2112,4832,0.03370398
2112,4864,0.03371561
2112,4896,0.033635415
2112,4928,0.03370827
2112,4960,0.033629626
2112,4992,0.03360949
2112,5024,0.033664454
2112,5056,0.03358537
2112,5088,0.033645637
2112,5120,0.033584885
2112,5152,0.03369599
2112,5184,0.033660155
2112,5216,0.033706266
2112,5248,0.033637773
2112,5280,0.03355127
2112,5312,0.033723023
2112,5344,0.033706445
2112,5376,0.033748813
2112,5408,0.033614695
2112,5440,0.03357812
2112,5472,0.033637643
2112,5504,0.03374624
2112,5536,0.03355299
2112,5568,0.033659495
2112,5600,0.033595342
2112,5632,0.033699162
2112,5664,0.033698097
2112,5696,0.033747066
2112,5728,0.033662174
2112,5760,0.03364346
2112,5792,0.03367784
2112,5824,0.033576462
2112,5856,0.033637412
2112,5888,0.033559974
2112,5920,0.033530194
2112,5952,0.033574875
2112,5984,0.03360154
2112,6016,0.033473957
2112,6048,0.033677753
2112,6080,0.033547014
2113,0,0.03362572
2113,32,0.03359418
2113,64,0.033633515
2113,96,0.033574298
2113,128,0.033540636
2113,160,0.033481415
2113,192,0.033607114
2113,224,0.03354351
2113,256,0.033600904
2113,288,0.03362601
2113,320,0.03370307
2113,352,0.033533856
2113,384,0.033598553
2113,416,0.03361323
2113,448,0.03362236
2113,480,0.03341666
2113,512,0.03346907
2113,544,0.03346035
2113,576,0.03426251
2113,608,0.03470938
2113,640,0.034737233
2113,672,0.034810983
2113,704,0.03464246
2113,736,0.034736503
2113,768,0.034757614
2113,800,0.034683403
2113,832,0.03469865
2113,864,0.03473543
2113,896,0.03462338
2113,928,0.034764893
2113,960,0.0348728
2113,992,0.034775276
2113,1024,0.034777768
2113,1056,0.034692097
2113,1088,0.034729704
2113,1120,0.034728702
2113,1152,0.034724295
2113,1184,0.03479405
2113,1216,0.0347025
2113,1248,0.034634367
2113,1280,0.034620933
2113,1312,0.034689017
2113,1344,0.034695815
2113,1376,0.034535307
2113,1408,0.034839515
2113,1440,0.034836
2113,1472,0.0347367
2113,1504,0.03454521
2113,1536,0.034445774
2113,1568,0.034653828
2113,1600,0.034653664
2113,1632,0.034653105
2113,1664,0.034670845
2113,1696,0.034565087
2113,1728,0.034669124
2113,1760,0.034652047
2113,1792,0.034617506
2113,1824,0.03468836
2113,1856,0.03461216
2113,1888,0.034669783
2113,1920,0.034711264
2113,1952,0.03454851
2113,1984,0.034633312
2113,2016,0.03467772
2113,2048,0.034650005
2113,2080,0.03450165
2113,2112,0.034644067
2113,2144,0.03458131
2113,2176,0.034582645
2113,2208,0.034664594
2113,2240,0.034521386
2113,2272,0.034590818
2113,2304,0.03446197
2113,2336,0.034642667
2113,2368,0.034563847
2113,2400,0.0345792
2113,2432,0.034511793
2113,2464,0.034549907
2113,2496,0.034560982
2113,2528,0.034494177
2113,2560,0.03449317
2113,2592,0.03449324
2113,2624,0.034396462
2113,2656,0.03442351
2113,2688,0.034474723
2113,2720,0.03438672
2113,2752,0.03443922
2113,2784,0.034424115
2113,2816,0.034413878
2113,2848,0.03449159
2113,2880,0.034514092
2113,2912,0.034448512
2113,2944,0.034518793
2113,2976,0.03457488
2113,3008,0.0344688
2113,3040,0.03450085
2113,3072,0.034370538
2113,3104,0.034466397
2113,3136,0.0344644
2113,3168,0.034553062
2113,3200,0.03430572
2113,3232,0.03447
2113,3264,0.034250602
2113,3296,0.03438999
2113,3328,0.034459192
2113,3360,0.034397338
2113,3392,0.03440468
2113,3424,0.034454506
2113,3456,0.03455147
2113,3488,0.034374114
2113,3520,0.034543518
2113,3552,0.03430146
2113,3584,0.034535285
2113,3616,0.034464695
2113,3648,0.034379497
2113,3680,0.034500435
2113,3712,0.0342628
2113,3744,0.034417834
2113,3776,0.0343476
2113,3808,0.03446396
2113,3840,0.034416877
2113,3872,0.03443259
2113,3904,0.034340024
2113,3936,0.03427299
2113,3968,0.034299545
2113,4000,0.03449497
2113,4032,0.034361217
2113,4064,0.034317315
2113,4096,0.034406904
2113,4128,0.034343507
2113,4160,0.03441186
2113,4192,0.03433279
2113,4224,0.034346398
2113,4256,0.034351923
2113,4288,0.034338538
2113,4320,0.03439848
2113,4352,0.034428187
2113,4384,0.034477394
2113,4416,0.034345042
2113,4448,0.034462746
2113,4480,0.03425542
2113,4512,0.03443184
2113,4544,0.034274925
2113,4576,0.034364004
2113,4608,0.03432817
2113,4640,0.03429311
2113,4672,0.034578554
2113,4704,0.034831796
2113,4736,0.034708127
2113,4768,0.034760546
2113,4800,0.03479151
2113,4832,0.034853835
2113,4864,0.034686133
2113,4896,0.034654167
2113,4928,0.034765743
2113,4960,0.034796994
2113,4992,0.034789454
2113,5024,0.034664005
2113,5056,0.034669563
2113,5088,0.034773163
2113,5120,0.034686163
2113,5152,0.034698512
2113,5184,0.03460024
2113,5216,0.034761764
2113,5248,0.034679443
2113,5280,0.034624897
2113,5312,0.034602135
2113,5344,0.034665573
2113,5376,0.03466305
2113,5408,0.034725174
2113,5440,0.034643956
2113,5472,0.034707736
2113,5504,0.034678064
2113,5536,0.034735464
2113,5568,0.034663517
2113,5600,0.03466294
2113,5632,0.034670535
2113,5664,0.034581356
2113,5696,0.03470673
2113,5728,0.034707345
2113,5760,0.03456962
2113,5792,0.034531325
2113,5824,0.034505844
2113,5856,0.034554143
2113,5888,0.034597337
2113,5920,0.034538504
2113,5952,0.034634944
2113,5984,0.03460155
2113,6016,0.034646448
2113,6048,0.03453976
2113,6080,0.034640547
2114,0,0.034554355
2114,32,0.034617346
2114,64,0.034515813
2114,96,0.034566823
2114,128,0.034496456
2114,160,0.034527887
2114,192,0.034543265
2114,224,0.034536112
2114,256,0.03469527
2114,288,0.03462135
2114,320,0.034573454
2114,352,0.034595933
2114,384,0.03466488
2114,416,0.034509625
2114,448,0.034418117
2114,480,0.034521688
2114,512,0.03454982
2114,544,0.034521088
2114,576,0.034644566
2114,608,0.03447616
2114,640,0.03455218
2114,672,0.034466725
2114,704,0.034361362
2114,736,0.034454044
2114,768,0.034537118
2114,800,0.0345742
2114,832,0.03444161
2114,864,0.034406364
2114,896,0.0345814
2114,928,0.034500238
2114,960,0.034508314
2114,992,0.034582805
2114,1024,0.03446646
2114,1056,0.03440677
2114,1088,0.034543395
2114,1120,0.034529418
2114,1152,0.034414086
2114,1184,0.034405157
2114,1216,0.03438712
2114,1248,0.034446295
2114,1280,0.034362532
2114,1312,0.034358647
2114,1344,0.03444369
2114,1376,0.034521077
2114,1408,0.03451737
2114,1440,0.03433833
2114,1472,0.034391515
2114,1504,0.034498192
2114,1536,0.034483016
2114,1568,0.034320727
2114,1600,0.034424305
2114,1632,0.034404974
2114,1664,0.034544293
2114,1696,0.03438069
2114,1728,0.03442345
2114,1760,0.03449704
2114,1792,0.03440603
2114,1824,0.03435283
2114,1856,0.034418065
2114,1888,0.034414943
2114,1920,0.03430602
2114,1952,0.034344215
2114,1984,0.034327485
2114,2016,0.034253724
2114,2048,0.03427794
2114,2080,0.03438256
2114,2112,0.034363195
2114,2144,0.034418143
2114,2176,0.034350406
2114,2208,0.03435335
2114,2240,0.034400348
2114,2272,0.03440718
2114,2304,0.034377147
2114,2336,0.034411363
2114,2368,0.034327656
2114,2400,0.034364883
2114,2432,0.034228988
2114,2464,0.03424053
2114,2496,0.034486808
2114,2528,0.034263488
2114,2560,0.034394518
2114,2592,0.034470163
2114,2624,0.034451555
2114,2656,0.03456528
2114,2688,0.03476713
2114,2720,0.0346586
2114,2752,0.03479433
2114,2784,0.034648858
2114,2816,0.03465055
2114,2848,0.034629345
2114,2880,0.034557924
2114,2912,0.034657903
2114,2944,0.034766674
2114,2976,0.03468236
2114,3008,0.034663744
2114,3040,0.034700934
2114,3072,0.034566365
2114,3104,0.034710493
2114,3136,0.034658886
2114,3168,0.034509473
2114,3200,0.034640737
2114,3232,0.034619175
2114,3264,0.034672238
2114,3296,0.034628816
2114,3328,0.03458187
2114,3360,0.034629278
2114,3392,0.034520928
2114,3424,0.03468691
2114,3456,0.03450206
2114,3488,0.0345757
2114,3520,0.034496874
2114,3552,0.034519907
2114,3584,0.034495004
2114,3616,0.034505364
2114,3648,0.034560118
2114,3680,0.03457483
2114,3712,0.034577467
2114,3744,0.034496427
2114,3776,0.034739
2114,3808,0.03451889
2114,3840,0.034576483
2114,3872,0.03465483
2114,3904,0.03457338
2114,3936,0.034586195
2114,3968,0.034502678
2114,4000,0.034512214
2114,4032,0.034378797
2114,4064,0.034561485
2114,4096,0.034468338
2114,4128,0.034553997
2114,4160,0.034495298
2114,4192,0.0344732
2114,4224,0.034503054
2114,4256,0.03445733
2114,4288,0.034451008
2114,4320,0.0345239
2114,4352,0.034384236
2114,4384,0.03446967
2114,4416,0.03440562
2114,4448,0.034424365
2114,4480,0.034637693
2114,4512,0.034434177
2114,4544,0.03433793
2114,4576,0.03436818
2114,4608,0.034399327
2114,4640,0.03423707
2114,4672,0.034423992
2114,4704,0.03447599
2114,4736,0.034467224
2114,4768,0.03447691
2114,4800,0.034329705
2114,4832,0.034424406
2114,4864,0.034411043
2114,4896,0.034387454
2114,4928,0.03453255
2114,4960,0.034408778
2114,4992,0.034390263
2114,5024,0.034416147
2114,5056,0.034246415
2114,5088,0.034424845
2114,5120,0.034421023
2114,5152,0.034424827
2114,5184,0.03431603
2114,5216,0.03439822
2114,5248,0.03441322
2114,5280,0.034188524
2114,5312,0.03439793
2114,5344,0.034302507
2114,5376,0.034344133
2114,5408,0.034426227
2114,5440,0.03432272
2114,5472,0.034168676
2114,5504,0.0344377
2114,5536,0.03445148
2114,5568,0.034448784
2114,5600,0.034285173
2114,5632,0.034220777
2114,5664,0.03428614
2114,5696,0.034421396
2114,5728,0.03444176
2114,5760,0.034271035
2114,5792,0.034374055
2114,5824,0.034228723
2114,5856,0.034223236
2114,5888,0.03433208
2114,5920,0.034228772
2114,5952,0.034291755
2114,5984,0.03433391
2114,6016,0.034224536
2114,6048,0.03447838
2114,6080,0.034308
2115,0,0.034157056
2115,32,0.034351464
2115,64,0.034246083
2115,96,0.034334302
2115,128,0.03432641
2115,160,0.034200512
2115,192,0.034349732
2115,224,0.034286212
2115,256,0.034176357
2115,288,0.03427896
2115,320,0.034209803
2115,352,0.034266956
2115,384,0.03438418
2115,416,0.034127716
2115,448,0.034224212
2115,480,0.03420656
2115,512,0.03433449
2115,544,0.03419832
2115,576,0.034301493
2115,608,0.034264795
2115,640,0.03423844
2115,672,0.034612767
2115,704,0.034643278
2115,736,0.034480482
2115,768,0.03453149
2115,800,0.034489974
2115,832,0.034580365
2115,864,0.034528624
2115,896,0.0344647
2115,928,0.034459542
2115,960,0.03444207
2115,992,0.03432727
2115,1024,0.03453823
2115,1056,0.03447418
2115,1088,0.034498755
2115,1120,0.034470983
2115,1152,0.034371153
2115,1184,0.034303613
2115,1216,0.034418132
2115,1248,0.03443355
2115,1280,0.034428097
2115,1312,0.034330513
2115,1344,0.034383126
2115,1376,0.03442949
2115,1408,0.034519147
2115,1440,0.034382492
2115,1472,0.034253437
2115,1504,0.03430687
2115,1536,0.034367297
2115,1568,0.03440511
2115,1600,0.034369074
2115,1632,0.034448884
2115,1664,0.034370374
2115,1696,0.034307
2115,1728,0.03441868
2115,1760,0.034310203
2115,1792,0.03444617
2115,1824,0.034387633
2115,1856,0.034345526
2115,1888,0.034389727
2115,1920,0.034422945
2115,1952,0.0341027
2115,1984,0.034377262
2115,2016,0.034340985
2115,2048,0.03443424
2115,2080,0.034212016
2115,2112,0.034306034
2115,2144,0.034377832
2115,2176,0.034250185
2115,2208,0.034273196
2115,2240,0.034233753
2115,2272,0.034322754
2115,2304,0.03428059
2115,2336,0.03426353
2115,2368,0.034184925
2115,2400,0.034291882
2115,2432,0.034374326
2115,2464,0.03439107
2115,2496,0.034290306
2115,2528,0.034243047
2115,2560,0.034199037
2115,2592,0.034190025
2115,2624,0.03432796
2115,2656,0.03443434
2115,2688,0.034179106
2115,2720,0.03418418
2115,2752,0.034241553
2115,2784,0.03419969
2115,2816,0.034282535
2115,2848,0.034242354
2115,2880,0.034093555
2115,2912,0.034323037
2115,2944,0.034335017
2115,2976,0.03423883
2115,3008,0.0341815
2115,3040,0.034256738
2115,3072,0.034089584
2115,3104,0.034223188
2115,3136,0.03422849
2115,3168,0.034303866
2115,3200,0.034187663
2115,3232,0.034105502
2115,3264,0.034114253
2115,3296,0.03415006
2115,3328,0.034166902
2115,3360,0.034187622
2115,3392,0.03418079
2115,3424,0.034161847
2115,3456,0.034073237
2115,3488,0.034186177
2115,3520,0.034167126
2115,3552,0.034176853
2115,3584,0.034248285
2115,3616,0.034205835
2115,3648,0.03426714
2115,3680,0.034325197
2115,3712,0.03412517
2115,3744,0.034112386
2115,3776,0.034019418
2115,3808,0.034175478
2115,3840,0.034151632
2115,3872,0.034085892
2115,3904,0.034075484
2115,3936,0.03406894
2115,3968,0.034041453
2115,4000,0.034220755
2115,4032,0.034180872
2115,4064,0.034139086
2115,4096,0.034132976
2115,4128,0.03414435
2115,4160,0.03410231
2115,4192,0.034073878
2115,4224,0.03396917
2115,4256,0.034219213
2115,4288,0.034250375
2115,4320,0.034184184
2115,4352,0.03397332
2115,4384,0.034064393
2115,4416,0.0341838
2115,4448,0.034100328
2115,4480,0.03406004
2115,4512,0.033957213
2115,4544,0.034070194
2115,4576,0.034140386
2115,4608,0.034026816
2115,4640,0.034083087
2115,4672,0.03416277
2115,4704,0.034046993
2115,4736,0.03412657
2115,4768,0.034520246
2115,4800,0.03473025
2115,4832,0.03469429
2115,4864,0.034499016
2115,4896,0.03457946
2115,4928,0.03469678
2115,4960,0.034560923
2115,4992,0.034643322
2115,5024,0.03452343
2115,5056,0.034450788
2115,5088,0.034389302
2115,5120,0.034554336
2115,5152,0.034567866
2115,5184,0.03452908
2115,5216,0.034660883
2115,5248,0.03461798
2115,5280,0.03468848
2115,5312,0.03448122
2115,5344,0.03444733
2115,5376,0.034479253
2115,5408,0.034559436
2115,5440,0.034546234
2115,5472,0.034633216
2115,5504,0.034557223
2115,5536,0.034515195
2115,5568,0.03446888
2115,5600,0.034381628
2115,5632,0.034378424
2115,5664,0.034601282
2115,5696,0.034421846
2115,5728,0.034439515
2115,5760,0.034360267
2115,5792,0.03439677
2115,5824,0.0343218
2115,5856,0.03442735
2115,5888,0.034319676
2115,5920,0.034413565
2115,5952,0.034541547
2115,5984,0.0344163
2115,6016,0.034435015
2115,6048,0.03428581
2115,6080,0.034500584
2116,0,0.034362677
2116,32,0.034403775
2116,64,0.03449185
2116,96,0.034388043
2116,128,0.03446467
2116,160,0.034480933
2116,192,0.034443673
2116,224,0.034228005
2116,256,0.034417316
2116,288,0.0345092
2116,320,0.034360595
2116,352,0.034365807
2116,384,0.03441256
2116,416,0.03440142
2116,448,0.034415584
2116,480,0.034412168
2116,512,0.034253266
2116,544,0.034244742
2116,576,0.034303106
2116,608,0.03436947
2116,640,0.034376733
2116,672,0.03437811
2116,704,0.034300946
2116,736,0.03436251
2116,768,0.034306355
2116,800,0.03427902
2116,832,0.03442338
2116,864,0.034501113
2116,896,0.034330152
2116,928,0.03439607
2116,960,0.03415899
2116,992,0.034383427
2116,1024,0.03439006
2116,1056,0.034382675
2116,1088,0.03432585
2116,1120,0.034320656
2116,1152,0.034296617
2116,1184,0.03428386
2116,1216,0.03430233
2116,1248,0.034254394
2116,1280,0.034442257
2116,1312,0.03423919
2116,1344,0.03423602
2116,1376,0.03431093
2116,1408,0.034250665
2116,1440,0.034314558
2116,1472,0.034244116
2116,1504,0.034264766
2116,1536,0.034407586
2116,1568,0.034354676
2116,1600,0.034188237
2116,1632,0.03417587
2116,1664,0.03417803
2116,1696,0.03424552
2116,1728,0.034216616
2116,1760,0.034228582
2116,1792,0.034269318
2116,1824,0.034251567
2116,1856,0.034220323
2116,1888,0.03429368
2116,1920,0.034163147
2116,1952,0.034169454
2116,1984,0.03421241
2116,2016,0.034165144
2116,2048,0.034187928
2116,2080,0.033993952
2116,2112,0.034047157
2116,2144,0.03414129
2116,2176,0.034149718
2116,2208,0.034361705
2116,2240,0.034142938
2116,2272,0.034135222
2116,2304,0.03419205
2116,2336,0.034270372
2116,2368,0.034193303
2116,2400,0.034217194
2116,2432,0.034078788
2116,2464,0.03428755
2116,2496,0.034291636
2116,2528,0.03430877
2116,2560,0.03421105
2116,2592,0.034214698
2116,2624,0.034176387
2116,2656,0.034252815
2116,2688,0.034161136
2116,2720,0.034111377
2116,2752,0.03461459
2116,2784,0.03437368
2116,2816,0.034490272
2116,2848,0.034507863
2116,2880,0.034523528
2116,2912,0.03455858
2116,2944,0.034492742
2116,2976,0.0344907
2116,3008,0.034477025
2116,3040,0.034437288
2116,3072,0.034505054
2116,3104,0.034575403
2116,3136,0.034462076
2116,3168,0.034625173
2116,3200,0.034493707
2116,3232,0.034465354
2116,3264,0.03445865
2116,3296,0.034376405
2116,3328,0.03436509
2116,3360,0.03445947
2116,3392,0.034493577
2116,3424,0.03434857
2116,3456,0.034424774
2116,3488,0.0343127
2116,3520,0.034317244
2116,3552,0.03438419
2116,3584,0.034392934
2116,3616,0.034513213
2116,3648,0.0343416
2116,3680,0.0344352
2116,3712,0.034340654
2116,3744,0.03435774
2116,3776,0.03443961
2116,3808,0.034352142
2116,3840,0.034432296
2116,3872,0.034272943
2116,3904,0.034358844
2116,3936,0.034319475
2116,3968,0.034376062
2116,4000,0.034393746
2116,4032,0.03436438
2116,4064,0.03441447
2116,4096,0.03434953
2116,4128,0.03419665
2116,4160,0.034325354
2116,4192,0.034309596
2116,4224,0.034448143
2116,4256,0.0343682
2116,4288,0.034382116
2116,4320,0.034212258
2116,4352,0.034286205
2116,4384,0.034325045
2116,4416,0.034237795
2116,4448,0.034289703
2116,4480,0.034160975
2116,4512,0.034237612
2116,4544,0.034286365
2116,4576,0.034418087
2116,4608,0.034317084
2116,4640,0.034307115
2116,4672,0.034218088
2116,4704,0.03428521
2116,4736,0.034268115
2116,4768,0.034273308
2116,4800,0.03415866
2116,4832,0.0341053
2116,4864,0.034277543
2116,4896,0.034211252
2116,4928,0.03417706
2116,4960,0.03425072
2116,4992,0.034146044
2116,5024,0.034106396
2116,5056,0.034222398
2116,5088,0.03426147
2116,5120,0.03429479
2116,5152,0.03410009
2116,5184,0.034159318
2116,5216,0.034178797
2116,5248,0.034185376
2116,5280,0.034139335
2116,5312,0.034222748
2116,5344,0.03408893
2116,5376,0.034178156
2116,5408,0.03432463
2116,5440,0.03426638
2116,5472,0.034280088
2116,5504,0.034129098
2116,5536,0.034223694
2116,5568,0.034111533
2116,5600,0.03414566
2116,5632,0.034138992
2116,5664,0.03419369
2116,5696,0.03419384
2116,5728,0.03421787
2116,5760,0.03397101
2116,5792,0.034082904
2116,5824,0.03420712
2116,5856,0.03411183
2116,5888,0.034107924
2116,5920,0.034069736
2116,5952,0.034264054
2116,5984,0.034151133
2116,6016,0.034062847
2116,6048,0.03411927
2116,6080,0.034115173
2117,0,0.034146447
2117,32,0.034105644
2117,64,0.034118537
2117,96,0.034204617
2117,128,0.03407006
2117,160,0.03402624
2117,192,0.034163
2117,224,0.034139182
2117,256,0.034062
2117,288,0.03401926
2117,320,0.034137126
2117,352,0.034146197
2117,384,0.034181874
2117,416,0.033986382
2117,448,0.034147426
2117,480,0.034114983
2117,512,0.03410738
2117,544,0.034038223
2117,576,0.034131408
2117,608,0.033940077
2117,640,0.034033816
2117,672,0.034005392
2117,704,0.03401856
2117,736,0.034373492
2117,768,0.03451699
2117,800,0.03469277
2117,832,0.03457239
2117,864,0.03452099
2117,896,0.034459032
2117,928,0.03454565
2117,960,0.034543555
2117,992,0.034538325
2117,1024,0.034546733
2117,1056,0.034504518
2117,1088,0.03443325
2117,1120,0.034587685
2117,1152,0.034468297
2117,1184,0.03456007
2117,1216,0.034470458
2117,1248,0.034613516
2117,1280,0.03453533
2117,1312,0.034554586
2117,1344,0.03441687
2117,1376,0.03441571
2117,1408,0.034419384
2117,1440,0.03452206
2117,1472,0.03439769
2117,1504,0.03450575
2117,1536,0.03453997
2117,1568,0.034584332
2117,1600,0.03464744
2117,1632,0.034281846
2117,1664,0.034469023
2117,1696,0.034461025
2117,1728,0.034363974
2117,1760,0.034447633
2117,1792,0.03437325
2117,1824,0.034348506
2117,1856,0.034456205
2117,1888,0.03445558
2117,1920,0.034513358
2117,1952,0.03439405
2117,1984,0.03452064
2117,2016,0.03439695
2117,2048,0.034514867
2117,2080,0.034312405
2117,2112,0.03438527
2117,2144,0.03442242
2117,2176,0.034326956
2117,2208,0.034433894
2117,2240,0.034374237
2117,2272,0.03440554
2117,2304,0.03426434
2117,2336,0.03432076
2117,2368,0.034358643
2117,2400,0.034511346
2117,2432,0.034449555
2117,2464,0.03439822
2117,2496,0.03434269
2117,2528,0.034395557
2117,2560,0.034407366
2117,2592,0.034368515
2117,2624,0.034372147
2117,2656,0.034390476
2117,2688,0.03440724
2117,2720,0.034319814
2117,2752,0.034413103
2117,2784,0.034316517
2117,2816,0.03421028
2117,2848,0.03432732
2117,2880,0.03426887
2117,2912,0.034287676
2117,2944,0.034358285
2117,2976,0.034294162
2117,3008,0.034278627
2117,3040,0.034302115
2117,3072,0.034271795
2117,3104,0.03429388
2117,3136,0.03437702
2117,3168,0.034295257
2117,3200,0.03438201
2117,3232,0.0342211
2117,3264,0.034249917
2117,3296,0.034251258
2117,3328,0.03437864
2117,3360,0.03427751
2117,3392,0.034305338
2117,3424,0.03433207
2117,3456,0.034300555
2117,3488,0.03421964
2117,3520,0.034217283
2117,3552,0.03416746
2117,3584,0.034392163
2117,3616,0.034078047
2117,3648,0.03427381
2117,3680,0.03414664
2117,3712,0.034201678
2117,3744,0.03436713
2117,3776,0.034291606
2117,3808,0.034146614
2117,3840,0.034254815
2117,3872,0.034163695
2117,3904,0.034265142
2117,3936,0.03421261
2117,3968,0.034276396
2117,4000,0.0343157
2117,4032,0.034102097
2117,4064,0.0342146
2117,4096,0.03424063
2117,4128,0.03408285
2117,4160,0.034155086
2117,4192,0.034132753
2117,4224,0.03425932
2117,4256,0.034094308
2117,4288,0.034166012
2117,4320,0.034261484
2117,4352,0.034413874
2117,4384,0.034204908
2117,4416,0.03426762
2117,4448,0.034107544
2117,4480,0.034281764
2117,4512,0.034242183
2117,4544,0.034168515
2117,4576,0.03410122
2117,4608,0.03410002
2117,4640,0.034134973
2117,4672,0.03412411
2117,4704,0.034170497
2117,4736,0.034070592
2117,4768,0.034123387
2117,4800,0.03421455
2117,4832,0.03445242
2117,4864,0.034584973
2117,4896,0.03464946
2117,4928,0.034622505
2117,4960,0.034621708
2117,4992,0.034710076
2117,5024,0.034751967
2117,5056,0.034721095
2117,5088,0.03461131
2117,5120,0.034627076
2117,5152,0.034632962
2117,5184,0.034532644
2117,5216,0.034521423
2117,5248,0.03457061
2117,5280,0.034572374
2117,5312,0.034593184
2117,5344,0.034505438
2117,5376,0.034575567
2117,5408,0.034587238
2117,5440,0.03465803
2117,5472,0.034606405
2117,5504,0.034646437
2117,5536,0.03452957
2117,5568,0.03450845
2117,5600,0.034582146
2117,5632,0.034617428
2117,5664,0.03461487
2117,5696,0.034411993
2117,5728,0.03452385
2117,5760,0.034435548
2117,5792,0.034535885
2117,5824,0.03451729
2117,5856,0.034643576
2117,5888,0.034471516
2117,5920,0.034584757
2117,5952,0.034517415
2117,5984,0.03459982
2117,6016,0.034374107
2117,6048,0.034506317
2117,6080,0.034657665
2118,0,0.03457359
2118,32,0.03453497
2118,64,0.034397107
2118,96,0.034646362
2118,128,0.03452812
2118,160,0.034372553
2118,192,0.034610253
2118,224,0.034482673
2118,256,0.034509957
2118,288,0.034500282
2118,320,0.034510963
2118,352,0.03461112
2118,384,0.034550354
2118,416,0.03458158
2118,448,0.03449278
2118,480,0.034500103
2118,512,0.034608323
2118,544,0.03442641
2118,576,0.03447678
2118,608,0.03446658
2118,640,0.034381993
2118,672,0.034532987
2118,704,0.034466144
2118,736,0.034565028
2118,768,0.03447865
2118,800,0.03442276
2118,832,0.03444335
2118,864,0.03427211
2118,896,0.034382816
2118,928,0.034375846
2118,960,0.034540318
2118,992,0.034413725
2118,1024,0.034457803
2118,1056,0.034357276
2118,1088,0.034349658
2118,1120,0.034465853
2118,1152,0.034364555
2118,1184,0.034439407
2118,1216,0.034261495
2118,1248,0.034303203
2118,1280,0.034529567
2118,1312,0.034377087
2118,1344,0.03438617
2118,1376,0.034516115
2118,1408,0.034330625
2118,1440,0.034382034
2118,1472,0.03441021
2118,1504,0.03436651
2118,1536,0.034368318
2118,1568,0.034426518
2118,1600,0.03434831
2118,1632,0.03435983
2118,1664,0.03450239
2118,1696,0.03437327
2118,1728,0.03437833
2118,1760,0.034387365
2118,1792,0.034303203
2118,1824,0.034409776
2118,1856,0.03427125
2118,1888,0.034316204
2118,1920,0.0344103
2118,1952,0.03417515
2118,1984,0.034269746
2118,2016,0.03437704
2118,2048,0.03440646
2118,2080,0.034327246
2118,2112,0.034320183
2118,2144,0.034252077
2118,2176,0.03444012
2118,2208,0.034305003
2118,2240,0.03432586
2118,2272,0.03430618
2118,2304,0.03439873
2118,2336,0.03421831
2118,2368,0.03430624
2118,2400,0.0343149
2118,2432,0.034317452
2118,2464,0.034299478
2118,2496,0.034144953
2118,2528,0.034315057
2118,2560,0.034291748
2118,2592,0.03443594
2118,2624,0.03432435
2118,2656,0.034334112
2118,2688,0.03425953
2118,2720,0.03420489
2118,2752,0.034455482
2118,2784,0.03415498
2118,2816,0.034180038
2118,2848,0.034273155
2118,2880,0.034208313
2118,2912,0.034104723
2118,2944,0.03408132
2118,2976,0.03423051
2118,3008,0.03410234
2118,3040,0.034052353
2118,3072,0.034096513
2118,3104,0.034237344
2118,3136,0.034127817
2118,3168,0.033956937
2118,3200,0.033948623
2118,3232,0.034131117
2118,3264,0.03421635
2118,3296,0.0339813
2118,3328,0.03392783
2118,3360,0.034123544
2118,3392,0.034209963
2118,3424,0.034062818
2118,3456,0.0340751
2118,3488,0.033904355
2118,3520,0.034247357
2118,3552,0.03414343
2118,3584,0.03400047
2118,3616,0.0340489
2118,3648,0.033901233
2118,3680,0.03404693
2118,3712,0.034027677
2118,3744,0.03396609
2118,3776,0.034151897
2118,3808,0.034053814
2118,3840,0.034011714
2118,3872,0.033852763
2118,3904,0.034065485
2118,3936,0.033975933
2118,3968,0.033883557
2118,4000,0.034044053
2118,4032,0.03408245
2118,4064,0.033908397
2118,4096,0.034084924
2118,4128,0.033860005
2118,4160,0.033944096
2118,4192,0.033989538
2118,4224,0.034063753
2118,4256,0.03388354
2118,4288,0.033949107
2118,4320,0.033925366
2118,4352,0.034081884
2118,4384,0.033922154
2118,4416,0.03384389
2118,4448,0.03405006
2118,4480,0.033981763
2118,4512,0.03388133
2118,4544,0.033753693
2118,4576,0.033874743
2118,4608,0.033913627
2118,4640,0.033985887
2118,4672,0.033975877
2118,4704,0.033781014
2118,4736,0.033913285
2118,4768,0.033855584
2118,4800,0.033918798
2118,4832,0.033944096
2118,4864,0.03378313
2118,4896,0.033911377
2118,4928,0.033899713
2118,4960,0.033838354
2118,4992,0.033846483
2118,5024,0.033755817
2118,5056,0.033895914
2118,5088,0.03389068
2118,5120,0.033795815
2118,5152,0.033872705
2118,5184,0.03377421
2118,5216,0.03369571
2118,5248,0.033838976
2118,5280,0.033977732
2118,5312,0.03386091
2118,5344,0.033894304
2118,5376,0.03386586
2118,5408,0.033857323
2118,5440,0.033853218
2118,5472,0.033871476
2118,5504,0.03387808
2118,5536,0.033675108
2118,5568,0.03384337
2118,5600,0.03382032
2118,5632,0.033792187
2118,5664,0.033896685
2118,5696,0.033894572
2118,5728,0.033693302
2118,5760,0.033834245
2118,5792,0.03369361
2118,5824,0.033844676
2118,5856,0.033807274
2118,5888,0.033792045
2118,5920,0.033757053
2118,5952,0.03383353
2118,5984,0.033792138
2118,6016,0.033684246
2118,6048,0.033709787
2118,6080,0.033827785
2119,0,0.03369919
2119,32,0.033752974
2119,64,0.033755913
2119,96,0.033733
2119,128,0.033731423
2119,160,0.03384038
2119,192,0.03375354
2119,224,0.033725563
2119,256,0.033827092
2119,288,0.033745974
2119,320,0.03376394
2119,352,0.03372002
2119,384,0.03377925
2119,416,0.033634383
2119,448,0.03370941
2119,480,0.03377301
2119,512,0.03390683
2119,544,0.03369357
2119,576,0.033753745
2119,608,0.033718623
2119,640,0.033741493
2119,672,0.03367054
2119,704,0.0336751
2119,736,0.033737388
2119,768,0.033644266
2119,800,0.033745617
2119,832,0.03454408
2119,864,0.034758527
2119,896,0.03468591
2119,928,0.03466509
2119,960,0.034655515
2119,992,0.034508742
2119,1024,0.034559026
2119,1056,0.03465307
2119,1088,0.03456414
2119,1120,0.03459737
2119,1152,0.034481183
2119,1184,0.03446751
2119,1216,0.03464763
2119,1248,0.034577306
2119,1280,0.034589287
2119,1312,0.034425694
2119,1344,0.034595206
2119,1376,0.03454309
2119,1408,0.03457982
2119,1440,0.034623682
2119,1472,0.034774005
2119,1504,0.03438493
2119,1536,0.034669828
2119,1568,0.03455829
2119,1600,0.034518212
2119,1632,0.034616843
2119,1664,0.0345434
2119,1696,0.03430473
2119,1728,0.03459873
2119,1760,0.034389466
2119,1792,0.03457849
2119,1824,0.03446654
2119,1856,0.03447842
2119,1888,0.034411706
2119,1920,0.034564946
2119,1952,0.03451842
2119,1984,0.034633674
2119,2016,0.034617554
2119,2048,0.03444222
2119,2080,0.03447191
2119,2112,0.034434438
2119,2144,0.034531664
2119,2176,0.034566518
2119,2208,0.034318324
2119,2240,0.034449153
2119,2272,0.034424502
2119,2304,0.034424532
2119,2336,0.034481995
2119,2368,0.03451276
2119,2400,0.034607887
2119,2432,0.03442811
2119,2464,0.034410365
2119,2496,0.03448791
2119,2528,0.034457855
2119,2560,0.034462117
2119,2592,0.034474365
2119,2624,0.03439635
2119,2656,0.034430504
2119,2688,0.034276348
2119,2720,0.034358207
2119,2752,0.034241814
2119,2784,0.03443191
2119,2816,0.03445385
2119,2848,0.03427444
2119,2880,0.034380767
2119,2912,0.034399685
2119,2944,0.03437362
2119,2976,0.03434781
2119,3008,0.034320112
2119,3040,0.034399766
2119,3072,0.03441605
2119,3104,0.034368917
2119,3136,0.034353115
2119,3168,0.034301158
2119,3200,0.034390446
2119,3232,0.03431355
2119,3264,0.034364525
2119,3296,0.03442516
2119,3328,0.034454383
2119,3360,0.034354575
2119,3392,0.034346253
2119,3424,0.03432351
2119,3456,0.03435851
2119,3488,0.03426559
2119,3520,0.034185864
2119,3552,0.034309015
2119,3584,0.03435148
2119,3616,0.034311462
2119,3648,0.034333266
2119,3680,0.034418385
2119,3712,0.034386892
2119,3744,0.034260232
2119,3776,0.034398023
2119,3808,0.034316696
2119,3840,0.034421433
2119,3872,0.034283713
2119,3904,0.034249526
2119,3936,0.034307994
2119,3968,0.034312565
2119,4000,0.034328826
2119,4032,0.034292687
2119,4064,0.034268666
2119,4096,0.034253597
2119,4128,0.034352493
2119,4160,0.03422502
2119,4192,0.03425916
2119,4224,0.034295928
2119,4256,0.034235813
2119,4288,0.034302913
2119,4320,0.0342241
2119,4352,0.034149528
2119,4384,0.034177553
2119,4416,0.03422662
2119,4448,0.03426833
2119,4480,0.034214683
2119,4512,0.03423543
2119,4544,0.034115836
2119,4576,0.034226745
2119,4608,0.034124635
2119,4640,0.034141183
2119,4672,0.03430841
2119,4704,0.034332734
2119,4736,0.034043703
2119,4768,0.03418993
2119,4800,0.034156304
2119,4832,0.034222696
2119,4864,0.03420125
2119,4896,0.034185514
2119,4928,0.034736626
2119,4960,0.03458224
2119,4992,0.034626275
2119,5024,0.0346438
2119,5056,0.03459403
2119,5088,0.03480759
2119,5120,0.03466302
2119,5152,0.034575447
2119,5184,0.034513507
2119,5216,0.034576405
2119,5248,0.03450021
2119,5280,0.03468282
2119,5312,0.03473317
2119,5344,0.03471112
2119,5376,0.03450766
2119,5408,0.034626186
2119,5440,0.034585923
2119,5472,0.03467404
2119,5504,0.034750853
2119,5536,0.03460112
2119,5568,0.034451142
2119,5600,0.03466293
2119,5632,0.034529466
2119,5664,0.03454892
2119,5696,0.03461066
2119,5728,0.034539856
2119,5760,0.03465079
2119,5792,0.034684096
2119,5824,0.034624692
2119,5856,0.03454948
2119,5888,0.034541227
2119,5920,0.034567427
2119,5952,0.034559783
2119,5984,0.03440648
2119,6016,0.03438446
2119,6048,0.034440074
2119,6080,0.034474403
2120,0,0.03439448
2120,32,0.03454854
2120,64,0.03452289
2120,96,0.034460142
2120,128,0.03451506
2120,160,0.034569442
2120,192,0.034491476
2120,224,0.03448389
2120,256,0.03450949
2120,288,0.034482777
2120,320,0.034549218
2120,352,0.03429272
2120,384,0.03445886
2120,416,0.034525603
2120,448,0.034461442
2120,480,0.034335107
2120,512,0.03447398
2120,544,0.034306604
2120,576,0.034445945
2120,608,0.03456577
2120,640,0.03443284
2120,672,0.03447762
2120,704,0.03439714
2120,736,0.034562353
2120,768,0.034409292
2120,800,0.034383807
2120,832,0.0344238
2120,864,0.03436842
2120,896,0.034426525
2120,928,0.034505635
2120,960,0.034450218
2120,992,0.034393687
2120,1024,0.034504645
2120,1056,0.034327164
2120,1088,0.034452558
2120,1120,0.03447165
2120,1152,0.03440796
2120,1184,0.034385175
2120,1216,0.03425803
2120,1248,0.034371346
2120,1280,0.03443186
2120,1312,0.034411676
2120,1344,0.0342475
2120,1376,0.034434024
2120,1408,0.034300406
2120,1440,0.03434628
2120,1472,0.03434751
2120,1504,0.034395557
2120,1536,0.03432353
2120,1568,0.034353074
2120,1600,0.03443051
2120,1632,0.034363125
2120,1664,0.03428144
2120,1696,0.034174815
2120,1728,0.034401912
2120,1760,0.034221597
2120,1792,0.034384634
2120,1824,0.03440134
2120,1856,0.034493297
2120,1888,0.034225386
2120,1920,0.034359045
2120,1952,0.034386944
2120,1984,0.034274876
2120,2016,0.034272004
2120,2048,0.034194108
2120,2080,0.034324326
2120,2112,0.03443283
2120,2144,0.034280166
2120,2176,0.0344682
2120,2208,0.0343481
2120,2240,0.034272842
2120,2272,0.034260284
2120,2304,0.034315813
2120,2336,0.034305226
2120,2368,0.034217473
2120,2400,0.034325972
2120,2432,0.034128293
2120,2464,0.034223136
2120,2496,0.03436951
2120,2528,0.034286022
2120,2560,0.03436094
2120,2592,0.0343609
2120,2624,0.034163665
2120,2656,0.03421488
2120,2688,0.03432853
2120,2720,0.03414728
2120,2752,0.034289893
2120,2784,0.03423272
2120,2816,0.03420163
2120,2848,0.034233004
2120,2880,0.03427756
2120,2912,0.034751173
2120,2944,0.034850307
2120,2976,0.034798425
2120,3008,0.034818757
2120,3040,0.034734853
2120,3072,0.034959998
2120,3104,0.03471449
2120,3136,0.03494462
2120,3168,0.034785755
2120,3200,0.034811042
2120,3232,0.03491797
2120,3264,0.034872066
2120,3296,0.034733515
2120,3328,0.034860168
2120,3360,0.0349244
2120,3392,0.03472608
2120,3424,0.034817155
2120,3456,0.03485791
2120,3488,0.034651123
2120,3520,0.03461505
2120,3552,0.034793485
2120,3584,0.034703635
2120,3616,0.03477888
2120,3648,0.034699507
2120,3680,0.03464369
2120,3712,0.034761466
2120,3744,0.034731552
2120,3776,0.034682795
2120,3808,0.034756836
2120,3840,0.03478846
2120,3872,0.034830503
2120,3904,0.034724444
2120,3936,0.034591038
2120,3968,0.03473106
2120,4000,0.034842726
2120,4032,0.034782767
2120,4064,0.03475679
2120,4096,0.03477463
2120,4128,0.03479723
2120,4160,0.0347144
2120,4192,0.03478841
2120,4224,0.034618303
2120,4256,0.03475071
2120,4288,0.03479421
2120,4320,0.034657624
2120,4352,0.034744944
2120,4384,0.034528457
2120,4416,0.034701694
2120,4448,0.034684185
2120,4480,0.034582093
2120,4512,0.034584027
2120,4544,0.034653887
2120,4576,0.03486284
2120,4608,0.03469836
2120,4640,0.03473537
2120,4672,0.03465883
2120,4704,0.034637477
2120,4736,0.034664135
2120,4768,0.03471444
2120,4800,0.034658782
2120,4832,0.03475562
2120,4864,0.034740333
2120,4896,0.034817684
2120,4928,0.03462134
2120,4960,0.0346477
2120,4992,0.034604922
2120,5024,0.034609362
2120,5056,0.03467472
2120,5088,0.03454791
2120,5120,0.034676705
2120,5152,0.03465567
2120,5184,0.034535993
2120,5216,0.034539726
2120,5248,0.034580477
2120,5280,0.034781717
2120,5312,0.034592345
2120,5344,0.034460187
2120,5376,0.034519657
2120,5408,0.034585785
2120,5440,0.03454722
2120,5472,0.034574278
2120,5504,0.034542136
2120,5536,0.034663495
2120,5568,0.03444897
2120,5600,0.034578882
2120,5632,0.03452985
2120,5664,0.03437242
2120,5696,0.034412254
2120,5728,0.03459817
2120,5760,0.034617253
2120,5792,0.034523122
2120,5824,0.034573976
2120,5856,0.034565568
2120,5888,0.034647964
2120,5920,0.034454726
2120,5952,0.034481492
2120,5984,0.034642886
2120,6016,0.034399737
2120,6048,0.034629002
2120,6080,0.034478433
2121,0,0.03447317
2121,32,0.034514084
2121,64,0.03469278
2121,96,0.034497548
2121,128,0.034489796
2121,160,0.034445018
2121,192,0.03449499
2121,224,0.034610238
2121,256,0.03454549
2121,288,0.034561962
2121,320,0.034627654
2121,352,0.034579255
2121,384,0.034346446
2121,416,0.034453634
2121,448,0.034457196
2121,480,0.03445125
2121,512,0.034507256
2121,544,0.03444482
2121,576,0.034498796
2121,608,0.03462459
2121,640,0.034327894
2121,672,0.034614235
2121,704,0.034364235
2121,736,0.03449788
2121,768,0.034336638
2121,800,0.034476403
2121,832,0.034456305
2121,864,0.034447238
2121,896,0.03484069
2121,928,0.03498095
2121,960,0.035166852
2121,992,0.035015266
2121,1024,0.034981407
2121,1056,0.035093084
2121,1088,0.03510455
2121,1120,0.035049237
2121,1152,0.03498053
2121,1184,0.035031214
2121,1216,0.035028946
2121,1248,0.035014305
2121,1280,0.03479197
2121,1312,0.034793485
2121,1344,0.03492185
2121,1376,0.034900673
2121,1408,0.035166126
2121,1440,0.035030585
2121,1472,0.034989662
2121,1504,0.03495716
2121,1536,0.03503825
2121,1568,0.03495302
2121,1600,0.034931213
2121,1632,0.035023596
2121,1664,0.03501558
2121,1696,0.034824528
2121,1728,0.034932315
2121,1760,0.034991097
2121,1792,0.03500578
2121,1824,0.03501707
2121,1856,0.0349969
2121,1888,0.034867786
2121,1920,0.034764383
2121,1952,0.034903284
2121,1984,0.034908745
2121,2016,0.035051502
2121,2048,0.034895707
2121,2080,0.03479398
2121,2112,0.03494774
2121,2144,0.03496305
2121,2176,0.034769446
2121,2208,0.034970198
2121,2240,0.034860894
2121,2272,0.034872845
2121,2304,0.034852166
2121,2336,0.034921553
2121,2368,0.03487063
2121,2400,0.034847155
2121,2432,0.034908295
2121,2464,0.034902003
2121,2496,0.034893338
2121,2528,0.03497072
2121,2560,0.03474624
2121,2592,0.034819733
2121,2624,0.03478297
2121,2656,0.034901243
2121,2688,0.03484256
2121,2720,0.034806218
2121,2752,0.03485072
2121,2784,0.03490184
2121,2816,0.034726225
2121,2848,0.034833882
2121,2880,0.034740195
2121,2912,0.034791473
2121,2944,0.034888323
2121,2976,0.034838915
2121,3008,0.034773283
2121,3040,0.034733478
2121,3072,0.034822464
2121,3104,0.034835376
2121,3136,0.03476252
2121,3168,0.034728665
2121,3200,0.03457416
2121,3232,0.034772784
2121,3264,0.034736183
2121,3296,0.03469285
2121,3328,0.034592077
2121,3360,0.034720007
2121,3392,0.034771763
2121,3424,0.034670737
2121,3456,0.034694005
2121,3488,0.03475797
2121,3520,0.034773875
2121,3552,0.034851667
2121,3584,0.034769803
2121,3616,0.034775283
2121,3648,0.034732185
2121,3680,0.03474669
2121,3712,0.034792446
2121,3744,0.034750037
2121,3776,0.034747954
2121,3808,0.034573305
2121,3840,0.03467994
2121,3872,0.03470582
2121,3904,0.034639638
2121,3936,0.034735348
2121,3968,0.034720626
2121,4000,0.03475416
2121,4032,0.03469217
2121,4064,0.034722254
2121,4096,0.03462898
2121,4128,0.034764025
2121,4160,0.034679394
2121,4192,0.034636065
2121,4224,0.034750596
2121,4256,0.034730334
2121,4288,0.034754004
2121,4320,0.03460233
2121,4352,0.034635145
2121,4384,0.03467419
2121,4416,0.034729898
2121,4448,0.034653246
2121,4480,0.03467766
2121,4512,0.034727737
2121,4544,0.03459082
2121,4576,0.034662146
2121,4608,0.03456854
2121,4640,0.034593355
2121,4672,0.034619637
2121,4704,0.034613255
2121,4736,0.03460717
2121,4768,0.03468802
2121,4800,0.034580287
2121,4832,0.034672353
2121,4864,0.034620132
2121,4896,0.034613803
2121,4928,0.03458993
2121,4960,0.034658957
2121,4992,0.034204315
2121,5024,0.034111276
2121,5056,0.03405431
2121,5088,0.034107823
2121,5120,0.033916783
2121,5152,0.03416363
2121,5184,0.034043364
2121,5216,0.034079965
2121,5248,0.03394566
2121,5280,0.033979893
2121,5312,0.03413266
2121,5344,0.034006402
2121,5376,0.03411159
2121,5408,0.03402601
2121,5440,0.033915773
2121,5472,0.033962186
2121,5504,0.034063388
2121,5536,0.03398484
2121,5568,0.0339167
2121,5600,0.033878613
2121,5632,0.03393637
2121,5664,0.03401937
2121,5696,0.033919122
2121,5728,0.0339932
2121,5760,0.034052536
2121,5792,0.03392437
2121,5824,0.033914175
2121,5856,0.034028146
2121,5888,0.03391302
2121,5920,0.03381317
2121,5952,0.033987444
2121,5984,0.033873003
2121,6016,0.033859916
2121,6048,0.03383742
2121,6080,0.0339771
2122,0,0.033875573
2122,32,0.033923004
2122,64,0.033959277
2122,96,0.033927117
2122,128,0.033973105
2122,160,0.033944316
2122,192,0.033878434
2122,224,0.034032367
2122,256,0.033839837
2122,288,0.033885155
2122,320,0.03385513
2122,352,0.03390203
2122,384,0.033857007
2122,416,0.033910125
2122,448,0.033848345
2122,480,0.033823747
2122,512,0.03392773
2122,544,0.033784393
2122,576,0.03377315
2122,608,0.033926625
2122,640,0.033822816
2122,672,0.0338859
2122,704,0.033902142
2122,736,0.0338115
2122,768,0.03372842
2122,800,0.033809513
2122,832,0.033729445
2122,864,0.03380562
2122,896,0.033925533
2122,928,0.0337981
2122,960,0.033739567
2122,992,0.033673383
2122,1024,0.033792607
2122,1056,0.033837598
2122,1088,0.033837266
2122,1120,0.033825547
2122,1152,0.03372679
2122,1184,0.033811975
2122,1216,0.03381435
2122,1248,0.0338227
2122,1280,0.033664353
2122,1312,0.033848092
2122,1344,0.033814646
2122,1376,0.03393658
2122,1408,0.033732526
2122,1440,0.03366381
2122,1472,0.033711143
2122,1504,0.03375032
2122,1536,0.033812683
2122,1568,0.033739716
2122,1600,0.0338079
2122,1632,0.033817835
2122,1664,0.033819612
2122,1696,0.033817723
2122,1728,0.03374128
2122,1760,0.03377875
2122,1792,0.03376753
2122,1824,0.033698097
2122,1856,0.033798274
2122,1888,0.033725515
2122,1920,0.03359134
2122,1952,0.03387391
2122,1984,0.033717167
2122,2016,0.033720925
2122,2048,0.033777438
2122,2080,0.03357067
2122,2112,0.033763483
2122,2144,0.03389006
2122,2176,0.0338352
2122,2208,0.033688754
2122,2240,0.033831716
2122,2272,0.033720043
2122,2304,0.03384415
2122,2336,0.0336196
2122,2368,0.033619914
2122,2400,0.03371953
2122,2432,0.03354944
2122,2464,0.033620074
2122,2496,0.03356939
2122,2528,0.03369025
2122,2560,0.033650964
2122,2592,0.033688266
2122,2624,0.033685282
2122,2656,0.033582848
2122,2688,0.033573747
2122,2720,0.033594333
2122,2752,0.033670757
2122,2784,0.033649646
2122,2816,0.033658125
2122,2848,0.033733327
2122,2880,0.033540267
2122,2912,0.033572182
2122,2944,0.033550244
2122,2976,0.033884387
2122,3008,0.03442846
2122,3040,0.0345155
2122,3072,0.03447857
2122,3104,0.03448198
2122,3136,0.034592316
2122,3168,0.034404147
2122,3200,0.034459937
2122,3232,0.034406345
2122,3264,0.034408327
2122,3296,0.03437227
2122,3328,0.034528684
2122,3360,0.034454416
2122,3392,0.034407046
2122,3424,0.034395732
2122,3456,0.034392517
2122,3488,0.034500744
2122,3520,0.034475625
2122,3552,0.034291197
2122,3584,0.03442336
2122,3616,0.034371626
2122,3648,0.034393832
2122,3680,0.034467302
2122,3712,0.0343629
2122,3744,0.03429126
2122,3776,0.034384873
2122,3808,0.0342937
2122,3840,0.03452361
2122,3872,0.0342369
2122,3904,0.034459513
2122,3936,0.034423668
2122,3968,0.034401253
2122,4000,0.034361098
2122,4032,0.034346733
2122,4064,0.03430005
2122,4096,0.03447951
2122,4128,0.034359656
2122,4160,0.034399856
2122,4192,0.034245104
2122,4224,0.034431066
2122,4256,0.034331005
2122,4288,0.034354847
2122,4320,0.034410417
2122,4352,0.03428281
2122,4384,0.03427088
2122,4416,0.03428255
2122,4448,0.03426755
2122,4480,0.034248892
2122,4512,0.034309223
2122,4544,0.034209702
2122,4576,0.034301247
2122,4608,0.034293488
2122,4640,0.03420856
2122,4672,0.034350615
2122,4704,0.034338843
2122,4736,0.034273237
2122,4768,0.034330815
2122,4800,0.034175556
2122,4832,0.034456678
2122,4864,0.03421292
2122,4896,0.034308426
2122,4928,0.034220647
2122,4960,0.034294106
2122,4992,0.0341914
2122,5024,0.034110233
2122,5056,0.034184508
2122,5088,0.034246244
2122,5120,0.03433151
2122,5152,0.034148972
2122,5184,0.03420365
2122,5216,0.034360148
2122,5248,0.034188688
2122,5280,0.03422628
2122,5312,0.034221955
2122,5344,0.034239482
2122,5376,0.03431695
2122,5408,0.034314394
2122,5440,0.034225073
2122,5472,0.0342006
2122,5504,0.033994645
2122,5536,0.03411557
2122,5568,0.03409163
2122,5600,0.03427846
2122,5632,0.034274105
2122,5664,0.034259513
2122,5696,0.034234203
2122,5728,0.03426618
2122,5760,0.034024253
2122,5792,0.034168128
2122,5824,0.034183443
2122,5856,0.03416479
2122,5888,0.034287658
2122,5920,0.03419783
2122,5952,0.033951253
2122,5984,0.034103688
2122,6016,0.034006897
2122,6048,0.034112822
2122,6080,0.03419633
2123,0,0.034098048
2123,32,0.03423833
2123,64,0.034172595
2123,96,0.03414648
2123,128,0.034118146
2123,160,0.03407433
2123,192,0.03410825
2123,224,0.034024768
2123,256,0.034029663
2123,288,0.03405379
2123,320,0.034130033
2123,352,0.033941813
2123,384,0.034104038
2123,416,0.03409393
2123,448,0.034018323
2123,480,0.034252167
2123,512,0.03400508
2123,544,0.034056403
2123,576,0.034192525
2123,608,0.034118522
2123,640,0.033959266
2123,672,0.034069985
2123,704,0.034094397
2123,736,0.03413042
2123,768,0.03402284
2123,800,0.034122497
2123,832,0.03392835
2123,864,0.03405611
2123,896,0.034025867
2123,928,0.03409473
2123,960,0.034091428
2123,992,0.0348982
2123,1024,0.034797665
2123,1056,0.03485908
2123,1088,0.034900736
2123,1120,0.03497992
2123,1152,0.034842744
2123,1184,0.034966163
2123,1216,0.034811478
2123,1248,0.03476422
2123,1280,0.034849774
2123,1312,0.034829598
2123,1344,0.034762565
2123,1376,0.034770332
2123,1408,0.03473411
2123,1440,0.03477724
2123,1472,0.03495552
2123,1504,0.034829523
2123,1536,0.034713883
2123,1568,0.03477039
2123,1600,0.034889385
2123,1632,0.03470927
2123,1664,0.034836445
2123,1696,0.034750942
2123,1728,0.034755934
2123,1760,0.034699976
2123,1792,0.03479039
2123,1824,0.03469572
2123,1856,0.03479794
2123,1888,0.034758147
2123,1920,0.034631073
2123,1952,0.034748096
2123,1984,0.034765575
2123,2016,0.034697462
2123,2048,0.034619793
2123,2080,0.034742717
2123,2112,0.034680948
2123,2144,0.034747593
2123,2176,0.034620628
2123,2208,0.034749743
2123,2240,0.0347379
2123,2272,0.034648485
2123,2304,0.034762155
2123,2336,0.034867678
2123,2368,0.034618363
2123,2400,0.034662213
2123,2432,0.03462962
2123,2464,0.034712456
2123,2496,0.034683432
2123,2528,0.034641013
2123,2560,0.03459234
2123,2592,0.03469104
2123,2624,0.03471759
2123,2656,0.034570828
2123,2688,0.034645937
2123,2720,0.034623906
2123,2752,0.03462825
2123,2784,0.03459249
2123,2816,0.03461108
2123,2848,0.034705773
2123,2880,0.034616794
2123,2912,0.034483027
2123,2944,0.034612276
2123,2976,0.03450423
2123,3008,0.034561466
2123,3040,0.03455493
2123,3072,0.034652576
2123,3104,0.03474148
2123,3136,0.03458081
2123,3168,0.03455775
2123,3200,0.034634206
2123,3232,0.034608252
2123,3264,0.034679268
2123,3296,0.034599997
2123,3328,0.0346051
2123,3360,0.03472926
2123,3392,0.03452775
2123,3424,0.03454396
2123,3456,0.03453518
2123,3488,0.034441732
2123,3520,0.034577403
2123,3552,0.03458812
2123,3584,0.0346223
2123,3616,0.034650587
2123,3648,0.034508836
2123,3680,0.034533016
2123,3712,0.034516525
2123,3744,0.034576792
2123,3776,0.03452331
2123,3808,0.034493838
2123,3840,0.034524336
2123,3872,0.034576092
2123,3904,0.034593113
2123,3936,0.034499004
2123,3968,0.034559667
2123,4000,0.034474432
2123,4032,0.034557194
2123,4064,0.034491815
2123,4096,0.034500975
2123,4128,0.034523174
2123,4160,0.034462757
2123,4192,0.034529075
2123,4224,0.034587353
2123,4256,0.034444824
2123,4288,0.034389406
2123,4320,0.034563374
2123,4352,0.03437209
2123,4384,0.03449156
2123,4416,0.034522448
2123,4448,0.03433664
2123,4480,0.034415416
2123,4512,0.03443869
2123,4544,0.034389447
2123,4576,0.034369666
2123,4608,0.034532428
2123,4640,0.03437405
2123,4672,0.034436066
2123,4704,0.03445099
2123,4736,0.034396935
2123,4768,0.03438542
2123,4800,0.03449543
2123,4832,0.034516014
2123,4864,0.034490887
2123,4896,0.034463856
2123,4928,0.03442778
2123,4960,0.034358904
2123,4992,0.034443416
2123,5024,0.034549613
2123,5056,0.034447815
2123,5088,0.03421637
2123,5120,0.034302197
2123,5152,0.034312338
2123,5184,0.034304004
2123,5216,0.034190606
2123,5248,0.03424523
2123,5280,0.034301586
2123,5312,0.034273315
2123,5344,0.0341793
2123,5376,0.03428053
2123,5408,0.03430011
2123,5440,0.03411412
2123,5472,0.034237824
2123,5504,0.034263667
2123,5536,0.0341008
2123,5568,0.034158733
2123,5600,0.034185886
2123,5632,0.034251913
2123,5664,0.03408084
2123,5696,0.034192927
2123,5728,0.034159567
2123,5760,0.034176603
2123,5792,0.034119036
2123,5824,0.034144476
2123,5856,0.033969194
2123,5888,0.034134597
2123,5920,0.034145422
2123,5952,0.034173876
2123,5984,0.034080096
2123,6016,0.03421511
2123,6048,0.034155715
2123,6080,0.033997796
2124,0,0.03421543
2124,32,0.034237146
2124,64,0.034190428
2124,96,0.034238175
2124,128,0.034196924
2124,160,0.034255724
2124,192,0.03411895
2124,224,0.034077697
2124,256,0.034057286
2124,288,0.03421687
2124,320,0.034126908
2124,352,0.034151696
2124,384,0.034021623
2124,416,0.034175232
2124,448,0.034067284
2124,480,0.034135472
2124,512,0.034098
2124,544,0.03405645
2124,576,0.03400704
2124,608,0.03420412
2124,640,0.034016583
2124,672,0.034101747
2124,704,0.034050938
2124,736,0.03401899
2124,768,0.034021113
2124,800,0.03404879
2124,832,0.033987053
2124,864,0.03410313
2124,896,0.03402909
2124,928,0.034098726
2124,960,0.03403484
2124,992,0.033971924
2124,1024,0.034058016
2124,1056,0.03398963
2124,1088,0.034022447
2124,1120,0.03387371
2124,1152,0.03406365
2124,1184,0.03403499
2124,1216,0.034018062
2124,1248,0.033921633
2124,1280,0.034002617
2124,1312,0.033988934
2124,1344,0.03400054
2124,1376,0.03394915
2124,1408,0.033989474
2124,1440,0.034008134
2124,1472,0.03387464
2124,1504,0.033839572
2124,1536,0.03400871
2124,1568,0.034046438
2124,1600,0.033982966
2124,1632,0.033846844
2124,1664,0.03407354
2124,1696,0.033894937
2124,1728,0.033927806
2124,1760,0.03385054
2124,1792,0.03395423
2124,1824,0.03408369
2124,1856,0.033940475
2124,1888,0.033880495
2124,1920,0.033988148
2124,1952,0.033983245
2124,1984,0.03399286
2124,2016,0.033895217
2124,2048,0.03398179
2124,2080,0.033877335
2124,2112,0.033898298
2124,2144,0.033890363
2124,2176,0.03390491
2124,2208,0.033887513
2124,2240,0.033799183
2124,2272,0.03392591
2124,2304,0.033831153
2124,2336,0.033917684
2124,2368,0.033975057
2124,2400,0.033889826
2124,2432,0.03384529
2124,2464,0.033810526
2124,2496,0.03390428
2124,2528,0.033964865
2124,2560,0.033847965
2124,2592,0.03374668
2124,2624,0.03400984
2124,2656,0.03390959
2124,2688,0.033939198
2124,2720,0.033888765
2124,2752,0.033708684
2124,2784,0.03379827
2124,2816,0.033931103
2124,2848,0.03394145
2124,2880,0.033883803
2124,2912,0.03383366
2124,2944,0.03390654
2124,2976,0.033851765
2124,3008,0.033858288
2124,3040,0.0339602
2124,3072,0.034664363
2124,3104,0.03474385
2124,3136,0.034908034
2124,3168,0.034827106
2124,3200,0.034739316
2124,3232,0.03488802
2124,3264,0.034737855
2124,3296,0.03489265
2124,3328,0.034819383
2124,3360,0.03485224
2124,3392,0.03486616
2124,3424,0.03480011
2124,3456,0.03480962
2124,3488,0.03478809
2124,3520,0.034755196
2124,3552,0.0347385
2124,3584,0.034771208
2124,3616,0.03461772
2124,3648,0.03478769
2124,3680,0.034705374
2124,3712,0.034709964
2124,3744,0.03462239
2124,3776,0.034746516
2124,3808,0.034923222
2124,3840,0.03472096
2124,3872,0.03472315
2124,3904,0.034832895
2124,3936,0.034682084
2124,3968,0.034782667
2124,4000,0.03477079
2124,4032,0.034722224
2124,4064,0.034721885
2124,4096,0.034674566
2124,4128,0.034543227
2124,4160,0.034676623
2124,4192,0.03461628
2124,4224,0.03470595
2124,4256,0.034644425
2124,4288,0.034673683
2124,4320,0.034610447
2124,4352,0.034630276
2124,4384,0.034600116
2124,4416,0.034666754
2124,4448,0.034551196
2124,4480,0.03463259
2124,4512,0.034705173
2124,4544,0.034668434
2124,4576,0.034513675
2124,4608,0.03469176
2124,4640,0.034728944
2124,4672,0.0346298
2124,4704,0.034789775
2124,4736,0.03454543
2124,4768,0.03459067
2124,4800,0.03458677
2124,4832,0.034577657
2124,4864,0.03470844
2124,4896,0.034565523
2124,4928,0.03454855
2124,4960,0.03456435
2124,4992,0.034448776
2124,5024,0.03461681
2124,5056,0.034683343
2124,5088,0.034530085
2124,5120,0.034628954
2124,5152,0.03452523
2124,5184,0.034580387
2124,5216,0.034593612
2124,5248,0.034561884
2124,5280,0.03461753
2124,5312,0.0346372
2124,5344,0.034560263
2124,5376,0.03460318
2124,5408,0.03458328
2124,5440,0.034491535
2124,5472,0.034536887
2124,5504,0.034514625
2124,5536,0.034403544
2124,5568,0.034591254
2124,5600,0.034569334
2124,5632,0.034497317
2124,5664,0.034650337
2124,5696,0.034553908
2124,5728,0.034614455
2124,5760,0.034479313
2124,5792,0.03446485
2124,5824,0.03463325
2124,5856,0.034471665
2124,5888,0.034565333
2124,5920,0.034433957
2124,5952,0.034443956
2124,5984,0.034535035
2124,6016,0.03437644
2124,6048,0.034526084
2124,6080,0.03453325
2125,0,0.034524634
2125,32,0.034546763
2125,64,0.03456884
2125,96,0.03454726
2125,128,0.034456637
2125,160,0.034644756
2125,192,0.034484997
2125,224,0.034513067
2125,256,0.03443251
2125,288,0.03448268
2125,320,0.03456464
2125,352,0.034459725
2125,384,0.034549333
2125,416,0.03459107
2125,448,0.034444977
2125,480,0.034491707
2125,512,0.034457706
2125,544,0.034493577
2125,576,0.034346994
2125,608,0.03442832
2125,640,0.034516394
2125,672,0.034417026
2125,704,0.034443885
2125,736,0.034411676
2125,768,0.03446533
2125,800,0.034421932
2125,832,0.03447817
2125,864,0.034371383
2125,896,0.034363054
2125,928,0.0343399
2125,960,0.034394633
2125,992,0.03459416
2125,1024,0.03436528
2125,1056,0.0347353
2125,1088,0.034967955
2125,1120,0.034963354
2125,1152,0.034983624
2125,1184,0.034841895
2125,1216,0.034893304
2125,1248,0.03493929
2125,1280,0.03485988
2125,1312,0.03494043
2125,1344,0.034857363
2125,1376,0.034887403
2125,1408,0.034939688
2125,1440,0.034967337
2125,1472,0.034853727
2125,1504,0.034769956
2125,1536,0.034819726
2125,1568,0.034863777
2125,1600,0.034728568
2125,1632,0.03483804
2125,1664,0.034838654
2125,1696,0.034798883
2125,1728,0.034776222
2125,1760,0.03478643
2125,1792,0.03481776
2125,1824,0.034822684
2125,1856,0.034699883
2125,1888,0.0347994
2125,1920,0.034757502
2125,1952,0.034794327
2125,1984,0.034795925
2125,2016,0.034789596
2125,2048,0.03481549
2125,2080,0.034686472
2125,2112,0.034901954
2125,2144,0.034810126
2125,2176,0.034713324
2125,2208,0.03477816
2125,2240,0.034742936
2125,2272,0.034738727
2125,2304,0.034736652
2125,2336,0.034844827
2125,2368,0.034810655
2125,2400,0.034818456
2125,2432,0.03476649
2125,2464,0.034500748
2125,2496,0.034800872
2125,2528,0.034697637
2125,2560,0.034746174
2125,2592,0.03470253
2125,2624,0.03459297
2125,2656,0.03468003
2125,2688,0.034668412
2125,2720,0.034773365
2125,2752,0.034709197
2125,2784,0.034677733
2125,2816,0.03480587
2125,2848,0.034666
2125,2880,0.03478581
2125,2912,0.03461517
2125,2944,0.03479027
2125,2976,0.03470662
2125,3008,0.03468006
2125,3040,0.034550134
2125,3072,0.0346251
2125,3104,0.03464985
2125,3136,0.034592878
2125,3168,0.034728035
2125,3200,0.03455823
2125,3232,0.034783497
2125,3264,0.03458302
2125,3296,0.034552127
2125,3328,0.034649193
2125,3360,0.034678355
2125,3392,0.03465998
2125,3424,0.034731068
2125,3456,0.034670487
2125,3488,0.034663472
2125,3520,0.034641184
2125,3552,0.03446643
2125,3584,0.034686897
2125,3616,0.034663778
2125,3648,0.03465231
2125,3680,0.034666583
2125,3712,0.034649268
2125,3744,0.03463139
2125,3776,0.034711093
2125,3808,0.03460581
2125,3840,0.03467936
2125,3872,0.03457241
2125,3904,0.034808088
2125,3936,0.034575168
2125,3968,0.03461991
2125,4000,0.034514807
2125,4032,0.03463293
2125,4064,0.03464456
2125,4096,0.034505498
2125,4128,0.03454033
2125,4160,0.034431454
2125,4192,0.034573376
2125,4224,0.034517113
2125,4256,0.03463569
2125,4288,0.034625307
2125,4320,0.0345523
2125,4352,0.034564056
2125,4384,0.0346405
2125,4416,0.034567274
2125,4448,0.034567963
2125,4480,0.034620505
2125,4512,0.034546
2125,4544,0.03450829
2125,4576,0.034590468
2125,4608,0.034667898
2125,4640,0.03457218
2125,4672,0.034527823
2125,4704,0.034525905
2125,4736,0.034537822
2125,4768,0.034623865
2125,4800,0.03446709
2125,4832,0.034472145
2125,4864,0.034541618
2125,4896,0.03453644
2125,4928,0.034612633
2125,4960,0.034368593
2125,4992,0.03443995
2125,5024,0.03455304
2125,5056,0.034574013
2125,5088,0.034494445
2125,5120,0.034510482
2125,5152,0.034842927
2125,5184,0.035047725
2125,5216,0.035263147
2125,5248,0.035179984
2125,5280,0.035111487
2125,5312,0.03502271
2125,5344,0.035079353
2125,5376,0.03512789
2125,5408,0.035040867
2125,5440,0.03505787
2125,5472,0.035112184
2125,5504,0.035028283
2125,5536,0.03509476
2125,5568,0.03500109
2125,5600,0.0349897
2125,5632,0.03512964
2125,5664,0.035008438
2125,5696,0.035038684
2125,5728,0.035078537
2125,5760,0.035149034
2125,5792,0.035017848
2125,5824,0.0351404
2125,5856,0.03503573
2125,5888,0.034974813
2125,5920,0.035001367
2125,5952,0.034966398
2125,5984,0.034963615
2125,6016,0.034997568
2125,6048,0.03509358
2125,6080,0.035053343
2126,0,0.03510282
2126,32,0.0350045
2126,64,0.034926184
2126,96,0.0350657
2126,128,0.035101768
2126,160,0.035037864
2126,192,0.035112433
2126,224,0.03508167
2126,256,0.035009265
2126,288,0.03494987
2126,320,0.035000093
2126,352,0.034984212
2126,384,0.03501188
2126,416,0.034919463
2126,448,0.03497997
2126,480,0.035102352
2126,512,0.035025656
2126,544,0.03502683
2126,576,0.03504538
2126,608,0.034918826
2126,640,0.034947116
2126,672,0.035026614
2126,704,0.034996364
2126,736,0.03490052
2126,768,0.034869943
2126,800,0.034838993
2126,832,0.03489098
2126,864,0.03497589
2126,896,0.0349215
2126,928,0.03505622
2126,960,0.034866713
2126,992,0.03494314
2126,1024,0.034791946
2126,1056,0.034932397
2126,1088,0.034848504
2126,1120,0.034777105
2126,1152,0.034944814
2126,1184,0.034956645
2126,1216,0.034855694
2126,1248,0.03486231
2126,1280,0.03491387
2126,1312,0.03500887
2126,1344,0.03494277
2126,1376,0.034859765
2126,1408,0.0348704
2126,1440,0.034878854
2126,1472,0.034844775
2126,1504,0.03484639
2126,1536,0.034896366
2126,1568,0.03499104
2126,1600,0.034881767
2126,1632,0.03475754
2126,1664,0.03481169
2126,1696,0.034875076
2126,1728,0.03482336
2126,1760,0.034867145
2126,1792,0.034929022
2126,1824,0.034785274
2126,1856,0.034808323
2126,1888,0.034888756
2126,1920,0.034861006
2126,1952,0.034871683
2126,1984,0.03479316
2126,2016,0.034821678
2126,2048,0.03485006
2126,2080,0.034765206
2126,2112,0.03481341
2126,2144,0.034916665
2126,2176,0.03480932
2126,2208,0.034748945
2126,2240,0.03473572
2126,2272,0.034800436
2126,2304,0.034846753
2126,2336,0.034843758
2126,2368,0.034810882
2126,2400,0.034789782
2126,2432,0.034734674
2126,2464,0.03480388
2126,2496,0.03483004
2126,2528,0.034743905
2126,2560,0.03487886
2126,2592,0.03468941
2126,2624,0.034848593
2126,2656,0.03487536
2126,2688,0.03486553
2126,2720,0.034898035
2126,2752,0.03480782
2126,2784,0.0347668
2126,2816,0.034740686
2126,2848,0.03467118
2126,2880,0.034760177
2126,2912,0.03483554
2126,2944,0.034760557
2126,2976,0.034790333
2126,3008,0.03469211
2126,3040,0.034659557
2126,3072,0.03480156
2126,3104,0.034680173
2126,3136,0.034644004
2126,3168,0.03464115
2126,3200,0.034527138
2126,3232,0.034570985
2126,3264,0.034653336
2126,3296,0.034544587
2126,3328,0.03462095
2126,3360,0.03458015
2126,3392,0.03456395
2126,3424,0.034592006
2126,3456,0.03458968
2126,3488,0.03462382
2126,3520,0.034530908
2126,3552,0.03446434
2126,3584,0.0346835
2126,3616,0.03457257
2126,3648,0.034470905
2126,3680,0.034467697
2126,3712,0.03465372
2126,3744,0.03457672
2126,3776,0.034500368
2126,3808,0.03452821
2126,3840,0.03448133
2126,3872,0.03460644
2126,3904,0.03442255
2126,3936,0.034428954
2126,3968,0.034468632
2126,4000,0.034415066
2126,4032,0.03434883
2126,4064,0.034487363
2126,4096,0.03443805
2126,4128,0.034580998
2126,4160,0.03435678
2126,4192,0.034460727
2126,4224,0.034617104
2126,4256,0.03441007
2126,4288,0.03445286
2126,4320,0.034301657
2126,4352,0.034352366
2126,4384,0.03438146
2126,4416,0.034465205
2126,4448,0.0344121
2126,4480,0.034557283
2126,4512,0.034350343
2126,4544,0.034436267
2126,4576,0.03444125
2126,4608,0.03438415
2126,4640,0.03448357
2126,4672,0.034389753
2126,4704,0.034403916
2126,4736,0.034535002
2126,4768,0.034378253
2126,4800,0.034427244
2126,4832,0.03439734
2126,4864,0.034356084
2126,4896,0.034335908
2126,4928,0.034477007
2126,4960,0.034404118
2126,4992,0.03435374
2126,5024,0.034494042
2126,5056,0.03435109
2126,5088,0.034444083
2126,5120,0.03441185
2126,5152,0.034415763
2126,5184,0.03421656
2126,5216,0.034323145
2126,5248,0.034351233
2126,5280,0.03429172
2126,5312,0.034361344
2126,5344,0.0342937
2126,5376,0.034299895
2126,5408,0.034382924
2126,5440,0.034295432
2126,5472,0.034361087
2126,5504,0.0343766
2126,5536,0.034348916
2126,5568,0.034313373
2126,5600,0.034452982
2126,5632,0.034191493
2126,5664,0.034320094
2126,5696,0.0342162
2126,5728,0.034350123
2126,5760,0.034355246
2126,5792,0.03426752
2126,5824,0.03432531
2126,5856,0.034268294
2126,5888,0.034318008
2126,5920,0.034377545
2126,5952,0.03415543
2126,5984,0.034304608
2126,6016,0.03433125
2126,6048,0.03434432
2126,6080,0.034313515
2127,0,0.03414808
2127,32,0.034298655
2127,64,0.034380313
2127,96,0.034403622
2127,128,0.03436963
2127,160,0.034404818
2127,192,0.0343385
2127,224,0.034417205
2127,256,0.034245893
2127,288,0.034159675
2127,320,0.03414944
2127,352,0.034277897
2127,384,0.03430825
2127,416,0.034251705
2127,448,0.034254283
2127,480,0.034205854
2127,512,0.034245655
2127,544,0.034216516
2127,576,0.034157444
2127,608,0.03423355
2127,640,0.034305032
2127,672,0.034293357
2127,704,0.034254976
2127,736,0.034257993
2127,768,0.034296773
2127,800,0.03416552
2127,832,0.034329213
2127,864,0.03426645
2127,896,0.034168024
2127,928,0.03417272
2127,960,0.034335915
2127,992,0.03421326
2127,1024,0.034254856
2127,1056,0.034311477
2127,1088,0.034384664
2127,1120,0.034332406
2127,1152,0.034297425
2127,1184,0.034390762
2127,1216,0.03432616
2127,1248,0.03439453
2127,1280,0.03441985
2127,1312,0.03425492
2127,1344,0.034244996
2127,1376,0.034325566
2127,1408,0.03428847
2127,1440,0.034355115
2127,1472,0.034342296
2127,1504,0.03444688
2127,1536,0.034330204
2127,1568,0.034312177
2127,1600,0.034372203
2127,1632,0.034291722
2127,1664,0.034319744
2127,1696,0.034385897
2127,1728,0.034410503
2127,1760,0.03432392
2127,1792,0.034277663
2127,1824,0.03428684
2127,1856,0.034221772
2127,1888,0.034277663
2127,1920,0.03421575
2127,1952,0.03429063
2127,1984,0.034226727
2127,2016,0.03426891
2127,2048,0.034294445
2127,2080,0.03431821
2127,2112,0.034397546
2127,2144,0.034233335
2127,2176,0.03430644
2127,2208,0.034135267
2127,2240,0.034191854
2127,2272,0.03409269
2127,2304,0.03410915
2127,2336,0.03424366
2127,2368,0.034211755
2127,2400,0.03423478
2127,2432,0.034327816
2127,2464,0.03422782
2127,2496,0.034116797
2127,2528,0.034227666
2127,2560,0.034251
2127,2592,0.03420008
2127,2624,0.034206346
2127,2656,0.034206256
2127,2688,0.034257945
2127,2720,0.034120027
2127,2752,0.034123532
2127,2784,0.03417027
2127,2816,0.034271587
2127,2848,0.03411306
2127,2880,0.03415686
2127,2912,0.034073465
2127,2944,0.034081493
2127,2976,0.034023013
2127,3008,0.03418666
2127,3040,0.034251362
2127,3072,0.03409622
2127,3104,0.03408219
2127,3136,0.03416794
2127,3168,0.03415505
2127,3200,0.034286324
2127,3232,0.034253668
2127,3264,0.034167975
2127,3296,0.033989523
2127,3328,0.03407416
2127,3360,0.03407661
2127,3392,0.034225557
2127,3424,0.0340297
2127,3456,0.03405532
2127,3488,0.034135707
2127,3520,0.034194514
2127,3552,0.03412016
2127,3584,0.034181714
2127,3616,0.034207482
2127,3648,0.03415695
2127,3680,0.03406763
2127,3712,0.03409772
2127,3744,0.03417355
2127,3776,0.034006655
2127,3808,0.034029625
2127,3840,0.03417111
2127,3872,0.034095787
2127,3904,0.034184355
2127,3936,0.03391205
2127,3968,0.034238555
2127,4000,0.033997174
2127,4032,0.034005202
2127,4064,0.033994466
2127,4096,0.034018334
2127,4128,0.03403048
2127,4160,0.034046575
2127,4192,0.034163967
2127,4224,0.034037836
2127,4256,0.034018625
2127,4288,0.034012403
2127,4320,0.034205742
2127,4352,0.033921357
2127,4384,0.033924837
2127,4416,0.034013744
2127,4448,0.034018032
2127,4480,0.03401149
2127,4512,0.034047097
2127,4544,0.0340026
2127,4576,0.034028552
2127,4608,0.03386377
2127,4640,0.03407529
2127,4672,0.034019656
2127,4704,0.03401325
2127,4736,0.03397589
2127,4768,0.033999186
2127,4800,0.0338514
2127,4832,0.03386842
2127,4864,0.03396554
2127,4896,0.034014747
2127,4928,0.03398396
2127,4960,0.03397455
2127,4992,0.03406783
2127,5024,0.034164626
2127,5056,0.033934373
2127,5088,0.0340254
2127,5120,0.034020785
2127,5152,0.033989925
2127,5184,0.03386959
2127,5216,0.034133047
2127,5248,0.034695584
2127,5280,0.034874614
2127,5312,0.03479876
2127,5344,0.03460199
2127,5376,0.034602553
2127,5408,0.034608435
2127,5440,0.034567285
2127,5472,0.034678522
2127,5504,0.034616932
2127,5536,0.034690544
2127,5568,0.034665324
2127,5600,0.0346949
2127,5632,0.0345382
2127,5664,0.03460922
2127,5696,0.034575555
2127,5728,0.03457715
2127,5760,0.034658022
2127,5792,0.03453196
2127,5824,0.03462378
2127,5856,0.03470837
2127,5888,0.03454072
2127,5920,0.034740772
2127,5952,0.034685623
2127,5984,0.03450126
2127,6016,0.034509823
2127,6048,0.034520417
2127,6080,0.034538858
2128,0,0.03450038
2128,32,0.034626268
2128,64,0.03458536
2128,96,0.034595873
2128,128,0.034527004
2128,160,0.03457594
2128,192,0.034534667
2128,224,0.034705807
2128,256,0.03452161
2128,288,0.03457467
2128,320,0.03454124
2128,352,0.034616545
2128,384,0.034482416
2128,416,0.03446627
2128,448,0.034535427
2128,480,0.03460439
2128,512,0.0343674
2128,544,0.03447668
2128,576,0.03446607
2128,608,0.03454194
2128,640,0.034536794
2128,672,0.034648772
2128,704,0.034595285
2128,736,0.034440864
2128,768,0.03457813
2128,800,0.034454938
2128,832,0.034447122
2128,864,0.03448871
2128,896,0.034380686
2128,928,0.034561425
2128,960,0.034507997
2128,992,0.03444266
2128,1024,0.034535967
2128,1056,0.034379564
2128,1088,0.034458883
2128,1120,0.03449255
2128,1152,0.03444763
2128,1184,0.03445664
2128,1216,0.03439893
2128,1248,0.03447825
2128,1280,0.034520183
2128,1312,0.034385975
2128,1344,0.034471158
2128,1376,0.034509618
2128,1408,0.034374658
2128,1440,0.03447237
2128,1472,0.034395106
2128,1504,0.034432963
2128,1536,0.03440251
2128,1568,0.034462202
2128,1600,0.034289505
2128,1632,0.034418363
2128,1664,0.034458283
2128,1696,0.034353662
2128,1728,0.03446136
2128,1760,0.034287203
2128,1792,0.034333937
2128,1824,0.0344093
2128,1856,0.03441021
2128,1888,0.034412522
2128,1920,0.034266517
2128,1952,0.03445424
2128,1984,0.03435054
2128,2016,0.034366816
2128,2048,0.034441482
2128,2080,0.03445554
2128,2112,0.034328755
2128,2144,0.03437351
2128,2176,0.03427951
2128,2208,0.034431856
2128,2240,0.034397483
2128,2272,0.034356896
2128,2304,0.034361478
2128,2336,0.034322143
2128,2368,0.034385223
2128,2400,0.034453418
2128,2432,0.034343887
2128,2464,0.03434741
2128,2496,0.034472104
2128,2528,0.034337986
2128,2560,0.03432819
2128,2592,0.034372393
2128,2624,0.034422506
2128,2656,0.034280915
2128,2688,0.03423195
2128,2720,0.03431294
2128,2752,0.03430767
2128,2784,0.034243762
2128,2816,0.03433267
2128,2848,0.034359086
2128,2880,0.03435492
2128,2912,0.034353875
2128,2944,0.03422357
2128,2976,0.034190457
2128,3008,0.03430026
2128,3040,0.034268383
2128,3072,0.034231137
2128,3104,0.034263536
2128,3136,0.034288533
2128,3168,0.034396898
2128,3200,0.03435428
2128,3232,0.03458414
2128,3264,0.034669407
2128,3296,0.034739617
2128,3328,0.03478022
2128,3360,0.03473107
2128,3392,0.034707505
2128,3424,0.03461356
2128,3456,0.03484328
2128,3488,0.034700997
2128,3520,0.03467462
2128,3552,0.034696735
2128,3584,0.034614734
2128,3616,0.034555662
2128,3648,0.03468416
2128,3680,0.03458819
2128,3712,0.03463268
2128,3744,0.034654897
2128,3776,0.034550466
2128,3808,0.034705423
2128,3840,0.03457958
2128,3872,0.034668036
2128,3904,0.034591008
2128,3936,0.034540385
2128,3968,0.034491498
2128,4000,0.03455509
2128,4032,0.034638673
2128,4064,0.034722332
2128,4096,0.034583878
2128,4128,0.03461444
2128,4160,0.034543753
2128,4192,0.03466307
2128,4224,0.03462196
2128,4256,0.034525
2128,4288,0.03461092
2128,4320,0.034494385
2128,4352,0.03460906
2128,4384,0.0345036
2128,4416,0.03456484
2128,4448,0.034415632
2128,4480,0.03447831
2128,4512,0.034540392
2128,4544,0.034647733
2128,4576,0.03459044
2128,4608,0.034556173
2128,4640,0.034536615
2128,4672,0.034502592
2128,4704,0.034563888
2128,4736,0.034527257
2128,4768,0.034593217
2128,4800,0.0344499
2128,4832,0.034573697
2128,4864,0.03449049
2128,4896,0.034464493
2128,4928,0.034478888
2128,4960,0.034529433
2128,4992,0.0347298
2128,5024,0.034349035
2128,5056,0.034382027
2128,5088,0.034673937
2128,5120,0.03456206
2128,5152,0.03433552
2128,5184,0.034444846
2128,5216,0.034435432
2128,5248,0.034526303
2128,5280,0.034507804
2128,5312,0.034589916
2128,5344,0.034580674
2128,5376,0.03438781
2128,5408,0.034389507
2128,5440,0.034452718
2128,5472,0.03426992
2128,5504,0.034412347
2128,5536,0.034364056
2128,5568,0.034474015
2128,5600,0.034340683
2128,5632,0.034446534
2128,5664,0.03444686
2128,5696,0.03447985
2128,5728,0.03443491
2128,5760,0.034405682
2128,5792,0.03448105
2128,5824,0.034340177
2128,5856,0.034391183
2128,5888,0.034402158
2128,5920,0.03441881
2128,5952,0.034337915
2128,5984,0.034402005
2128,6016,0.03431307
2128,6048,0.034411468
2128,6080,0.03429465
2129,0,0.034453124
2129,32,0.03442167
2129,64,0.034262817
2129,96,0.034373198
2129,128,0.03436046
2129,160,0.03445625
2129,192,0.03431444
2129,224,0.03445688
2129,256,0.034305926
2129,288,0.03436149
2129,320,0.03448299
2129,352,0.034310576
2129,384,0.034303095
2129,416,0.034338776
2129,448,0.034342546
2129,480,0.03435931
2129,512,0.034456477
2129,544,0.034333963
2129,576,0.034306392
2129,608,0.034407955
2129,640,0.034350056
2129,672,0.034358274
2129,704,0.034349162
2129,736,0.034368947
2129,768,0.034304127
2129,800,0.034396064
2129,832,0.03435913
2129,864,0.034324046
2129,896,0.034335878
2129,928,0.034164786
2129,960,0.034482073
2129,992,0.034360178
2129,1024,0.034320764
2129,1056,0.034316055
2129,1088,0.034375034
2129,1120,0.034317292
2129,1152,0.034268685
2129,1184,0.03432762
2129,1216,0.034856007
2129,1248,0.03542169
2129,1280,0.035279617
2129,1312,0.03526915
2129,1344,0.035383634
2129,1376,0.035288643
2129,1408,0.035341494
2129,1440,0.035233367
2129,1472,0.03520553
2129,1504,0.03523849
2129,1536,0.035196554
2129,1568,0.035346188
2129,1600,0.03508892
2129,1632,0.03536323
2129,1664,0.03526145
2129,1696,0.035203807
2129,1728,0.03529379
2129,1760,0.03525436
2129,1792,0.035162978
2129,1824,0.035189554
2129,1856,0.035230946
2129,1888,0.035309102
2129,1920,0.035230342
2129,1952,0.03517762
2129,1984,0.035098396
2129,2016,0.035211038
2129,2048,0.035203815
2129,2080,0.035201628
2129,2112,0.035165444
2129,2144,0.035206508
2129,2176,0.03514084
2129,2208,0.035162047
2129,2240,0.035048183
2129,2272,0.03516808
2129,2304,0.03505184
2129,2336,0.035230316
2129,2368,0.03515382
2129,2400,0.035144333
2129,2432,0.035148673
2129,2464,0.03515601
2129,2496,0.035237215
2129,2528,0.03516031
2129,2560,0.035198342
2129,2592,0.035095226
2129,2624,0.035191517
2129,2656,0.035129305
2129,2688,0.035146475
2129,2720,0.03522133
2129,2752,0.035117768
2129,2784,0.035096057
2129,2816,0.03505361
2129,2848,0.03509659
2129,2880,0.035151217
2129,2912,0.035072464
2129,2944,0.03514937
2129,2976,0.03496481
2129,3008,0.035161406
2129,3040,0.03506072
2129,3072,0.03517017
2129,3104,0.03519605
2129,3136,0.035176687
2129,3168,0.03517021
2129,3200,0.03512963
2129,3232,0.03506417
2129,3264,0.034987062
2129,3296,0.03506811
2129,3328,0.035086755
2129,3360,0.035047818
2129,3392,0.034947004
2129,3424,0.035034426
2129,3456,0.03509346
2129,3488,0.034994937
2129,3520,0.034951504
2129,3552,0.034973457
2129,3584,0.034970645
2129,3616,0.035112135
2129,3648,0.034954377
2129,3680,0.035036728
2129,3712,0.03497874
2129,3744,0.035031047
2129,3776,0.034960154
2129,3808,0.034825463
2129,3840,0.03517565
2129,3872,0.03498345
2129,3904,0.03502225
2129,3936,0.03502916
2129,3968,0.034943823
2129,4000,0.03504141
2129,4032,0.034850344
2129,4064,0.03487903
2129,4096,0.034955878
2129,4128,0.034965806
2129,4160,0.03494088
2129,4192,0.034984477
2129,4224,0.035053518
2129,4256,0.034863442
2129,4288,0.03505523
2129,4320,0.03487383
2129,4352,0.03490317
2129,4384,0.0350473
2129,4416,0.035026614
2129,4448,0.03507951
2129,4480,0.034998257
2129,4512,0.03494651
2129,4544,0.035061
2129,4576,0.035029445
2129,4608,0.034927465
2129,4640,0.03490608
2129,4672,0.034910835
2129,4704,0.03500982
2129,4736,0.035050463
2129,4768,0.03497342
2129,4800,0.034930177
2129,4832,0.034794938
2129,4864,0.034882113
2129,4896,0.034876302
2129,4928,0.034931473
2129,4960,0.035038255
2129,4992,0.034856904
2129,5024,0.03487091
2129,5056,0.034882035
2129,5088,0.034897536
2129,5120,0.034846615
2129,5152,0.034889784
2129,5184,0.034884315
2129,5216,0.034924332
2129,5248,0.03480027
2129,5280,0.034907065
2129,5312,0.035027683
2129,5344,0.035113044
2129,5376,0.03508352
2129,5408,0.03499329
2129,5440,0.034939364
2129,5472,0.035075225
2129,5504,0.03494147
2129,5536,0.035036575
2129,5568,0.03504044
2129,5600,0.03512567
2129,5632,0.034999255
2129,5664,0.034840886
2129,5696,0.035068847
2129,5728,0.035042215
2129,5760,0.035072304
2129,5792,0.034952804
2129,5824,0.03496006
2129,5856,0.0350018
2129,5888,0.035042938
2129,5920,0.035044402
2129,5952,0.034899145
2129,5984,0.03498351
2129,6016,0.035004582
2129,6048,0.034937236
2129,6080,0.034894247
2130,0,0.03500334
2130,32,0.035059683
2130,64,0.034915965
2130,96,0.034954567
2130,128,0.035046462
2130,160,0.035119656
2130,192,0.034875236
2130,224,0.034902677
2130,256,0.03481617
2130,288,0.034904115
2130,320,0.034860615
2130,352,0.034901764
2130,384,0.034887154
2130,416,0.034992825
2130,448,0.03480523
2130,480,0.03496715
2130,512,0.03482756
2130,544,0.034872737
2130,576,0.034949288
2130,608,0.034869574
2130,640,0.034847442
2130,672,0.03486073
2130,704,0.034851544
2130,736,0.034840796
2130,768,0.034797076
2130,800,0.03483704
2130,832,0.034829464
2130,864,0.03492782
2130,896,0.03491723
2130,928,0.03493191
2130,960,0.03474508
2130,992,0.03487308
2130,1024,0.034926295
2130,1056,0.03500677
2130,1088,0.034829944
2130,1120,0.034863297
2130,1152,0.034769617
2130,1184,0.034828857
2130,1216,0.034783233
2130,1248,0.034851402
2130,1280,0.03480148
2130,1312,0.034761656
2130,1344,0.034727197
2130,1376,0.034648087
2130,1408,0.034937415
2130,1440,0.034948677
2130,1472,0.034765463
2130,1504,0.03488439
2130,1536,0.034842934
2130,1568,0.034840416
2130,1600,0.034744155
2130,1632,0.03476957
2130,1664,0.034780327
2130,1696,0.03487334
2130,1728,0.03480916
2130,1760,0.034686856
2130,1792,0.03473598
2130,1824,0.034823388
2130,1856,0.034871686
2130,1888,0.034837496
2130,1920,0.034705278
2130,1952,0.0348012
2130,1984,0.034777135
2130,2016,0.034684654
2130,2048,0.034756854
2130,2080,0.034773853
2130,2112,0.03478347
2130,2144,0.034802657
2130,2176,0.03490677
2130,2208,0.034722865
2130,2240,0.034816403
2130,2272,0.03476362
2130,2304,0.034868374
2130,2336,0.03475399
2130,2368,0.034643997
2130,2400,0.03468867
2130,2432,0.03456484
2130,2464,0.03475471
2130,2496,0.03482643
2130,2528,0.034602255
2130,2560,0.03474896
2130,2592,0.034837946
2130,2624,0.034659397
2130,2656,0.034701027
2130,2688,0.034598965
2130,2720,0.034760393
2130,2752,0.034715667
2130,2784,0.034635555
2130,2816,0.034719963
2130,2848,0.034771156
2130,2880,0.03474228
2130,2912,0.03467103
2130,2944,0.034676556
2130,2976,0.034607857
2130,3008,0.03475524
2130,3040,0.03467859
2130,3072,0.034597743
2130,3104,0.034659818
2130,3136,0.03467113
2130,3168,0.03465829
2130,3200,0.03465089
2130,3232,0.034671985
2130,3264,0.034637902
2130,3296,0.034479048
2130,3328,0.034044564
2130,3360,0.034017824
2130,3392,0.034015622
2130,3424,0.03393951
2130,3456,0.03400232
2130,3488,0.03388082
2130,3520,0.03400371
2130,3552,0.03403023
2130,3584,0.033886164
2130,3616,0.03393358
2130,3648,0.033849865
2130,3680,0.033826813
2130,3712,0.03399728
2130,3744,0.033921424
2130,3776,0.033985037
2130,3808,0.033934236
2130,3840,0.033708982
2130,3872,0.033866487
2130,3904,0.033908952
2130,3936,0.033943318
2130,3968,0.033812072
2130,4000,0.03381718
2130,4032,0.03387197
2130,4064,0.033791527
2130,4096,0.033950113
2130,4128,0.03395801
2130,4160,0.03393876
2130,4192,0.033852696
2130,4224,0.033849962
2130,4256,0.033841968
2130,4288,0.033749606
2130,4320,0.03387555
2130,4352,0.033969097
2130,4384,0.033872753
2130,4416,0.0337536
2130,4448,0.033836007
2130,4480,0.033850543
2130,4512,0.033740487
2130,4544,0.033880565
2130,4576,0.03381989
2130,4608,0.033645295
2130,4640,0.033945266
2130,4672,0.03381875
2130,4704,0.033769794
2130,4736,0.033769943
2130,4768,0.03388402
2130,4800,0.03369377
2130,4832,0.03369893
2130,4864,0.033876073
2130,4896,0.033880424
2130,4928,0.03372245
2130,4960,0.033768028
2130,4992,0.033839975
2130,5024,0.033847827
2130,5056,0.033806887
2130,5088,0.033789515
2130,5120,0.033558317
2130,5152,0.03370211
2130,5184,0.03383434
2130,5216,0.033813763
2130,5248,0.033765167
2130,5280,0.033878025
2130,5312,0.033793617
2130,5344,0.03379488
2130,5376,0.033726793
2130,5408,0.0338624
2130,5440,0.0336293
2130,5472,0.03378297
2130,5504,0.03367755
2130,5536,0.033745926
2130,5568,0.033674892
2130,5600,0.033704624
2130,5632,0.033866238
2130,5664,0.033813838
2130,5696,0.033773083
2130,5728,0.033742078
2130,5760,0.03371493
2130,5792,0.033804826
2130,5824,0.033745904
2130,5856,0.033612665
2130,5888,0.033714876
2130,5920,0.033863142
2130,5952,0.033759553
2130,5984,0.03368244
2130,6016,0.033782918
2130,6048,0.033737138
2130,6080,0.033707935
2131,0,0.03373324
2131,32,0.033734325
2131,64,0.03381657
2131,96,0.033652738
2131,128,0.033662412
2131,160,0.033815894
2131,192,0.033651885
2131,224,0.033684466
2131,256,0.0336279
2131,288,0.033692595
2131,320,0.033746503
2131,352,0.033725128
2131,384,0.0337009
2131,416,0.033750903
2131,448,0.033737548
2131,480,0.033776633
2131,512,0.03360863
2131,544,0.03351665
2131,576,0.03363285
2131,608,0.033721294
2131,640,0.033650383
2131,672,0.03363148
2131,704,0.033620007
2131,736,0.033753965
2131,768,0.033678874
2131,800,0.033598594
2131,832,0.033752885
2131,864,0.03375227
2131,896,0.033523254
2131,928,0.033601727
2131,960,0.033545442
2131,992,0.033571992
2131,1024,0.033556797
2131,1056,0.033656362
2131,1088,0.033681206
2131,1120,0.033564158
2131,1152,0.03370724
2131,1184,0.033729304
2131,1216,0.033658218
2131,1248,0.033622183
2131,1280,0.033718675
2131,1312,0.035218515
2131,1344,0.03516117
2131,1376,0.03529895
2131,1408,0.035237063
2131,1440,0.035216406
2131,1472,0.035359405
2131,1504,0.035158712
2131,1536,0.035261393
2131,1568,0.0350989
2131,1600,0.03519095
2131,1632,0.035339687
2131,1664,0.035265528
2131,1696,0.035103723
2131,1728,0.035252597
2131,1760,0.035137355
2131,1792,0.035174925
2131,1824,0.035264563
2131,1856,0.035327688
2131,1888,0.035323974
2131,1920,0.03520125
2131,1952,0.035147075
2131,1984,0.035100177
2131,2016,0.03522124
2131,2048,0.03503333
2131,2080,0.03519558
2131,2112,0.035202634
2131,2144,0.035083517
2131,2176,0.035188597
2131,2208,0.03509938
2131,2240,0.03506911
2131,2272,0.0351709
2131,2304,0.035133798
2131,2336,0.035053924
2131,2368,0.03513955
2131,2400,0.0351475
2131,2432,0.035006568
2131,2464,0.035091452
2131,2496,0.035069805
2131,2528,0.035133224
2131,2560,0.035082802
2131,2592,0.035006408
2131,2624,0.034946315
2131,2656,0.035157103
2131,2688,0.035135306
2131,2720,0.035112254
2131,2752,0.035043623
2131,2784,0.035152532
2131,2816,0.035165925
2131,2848,0.034911975
2131,2880,0.035073943
2131,2912,0.03505868
2131,2944,0.034965158
2131,2976,0.035063844
2131,3008,0.035073824
2131,3040,0.03506472
2131,3072,0.03512364
2131,3104,0.035052158
2131,3136,0.035074938
2131,3168,0.03510961
2131,3200,0.03517528
2131,3232,0.03500076
2131,3264,0.034932304
2131,3296,0.03508669
2131,3328,0.03499866
2131,3360,0.03497026
2131,3392,0.034966316
2131,3424,0.034997102
2131,3456,0.035102155
2131,3488,0.034989193
2131,3520,0.034994066
2131,3552,0.03508632
2131,3584,0.03494292
2131,3616,0.03505127
2131,3648,0.034933638
2131,3680,0.034941047
2131,3712,0.034981072
2131,3744,0.034925073
2131,3776,0.03489792
2131,3808,0.035036072
2131,3840,0.03504829
2131,3872,0.034956098
2131,3904,0.034948096
2131,3936,0.035076942
2131,3968,0.035019144
2131,4000,0.034861058
2131,4032,0.03507534
2131,4064,0.034828875
2131,4096,0.034991086
2131,4128,0.034937754
2131,4160,0.03507347
2131,4192,0.03494882
2131,4224,0.034838658
2131,4256,0.034845915
2131,4288,0.0349706
2131,4320,0.03486205
2131,4352,0.034986023
2131,4384,0.035002504
2131,4416,0.034999195
2131,4448,0.03494643
2131,4480,0.034916274
2131,4512,0.034922987
2131,4544,0.034941867
2131,4576,0.034951687
2131,4608,0.03490243
2131,4640,0.03493912
2131,4672,0.034913804
2131,4704,0.03493286
2131,4736,0.03495784
2131,4768,0.03493984
2131,4800,0.034945324
2131,4832,0.034862492
2131,4864,0.034927253
2131,4896,0.034851898
2131,4928,0.03484035
2131,4960,0.034831733
2131,4992,0.034854617
2131,5024,0.03488822
2131,5056,0.034882996
2131,5088,0.03487961
2131,5120,0.03483104
2131,5152,0.03495567
2131,5184,0.034755714
2131,5216,0.03491702
2131,5248,0.034869768
2131,5280,0.034855664
2131,5312,0.034989987
2131,5344,0.034742538
2131,5376,0.034866408
2131,5408,0.035341967
2131,5440,0.03541334
2131,5472,0.035343748
2131,5504,0.035383966
2131,5536,0.035318002
2131,5568,0.035458747
2131,5600,0.035325855
2131,5632,0.03532975
2131,5664,0.03543191
2131,5696,0.035393324
2131,5728,0.035318714
2131,5760,0.0352676
2131,5792,0.03524466
2131,5824,0.035374977
2131,5856,0.03534382
2131,5888,0.035285417
2131,5920,0.03529687
2131,5952,0.035197835
2131,5984,0.035144728
2131,6016,0.03536885
2131,6048,0.03529408
2131,6080,0.03528101
2132,0,0.035153553
2132,32,0.035232697
2132,64,0.035212595
2132,96,0.03522075
2132,128,0.035370477
2132,160,0.035250593
2132,192,0.03514166
2132,224,0.035252795
2132,256,0.035182916
2132,288,0.035207644
2132,320,0.035431713
2132,352,0.035258196
2132,384,0.035228834
2132,416,0.03530848
2132,448,0.035117626
2132,480,0.035276894
2132,512,0.035354093
2132,544,0.035277274
2132,576,0.035168454
2132,608,0.03514322
2132,640,0.03521008
2132,672,0.03519412
2132,704,0.035214853
2132,736,0.035135556
2132,768,0.035141867
2132,800,0.035123236
2132,832,0.03517383
2132,864,0.035305347
2132,896,0.035238884
2132,928,0.035220787
2132,960,0.035085026
2132,992,0.035136424
2132,1024,0.035099484
2132,1056,0.035130247
2132,1088,0.035196476
2132,1120,0.03497233
2132,1152,0.03514143
2132,1184,0.035178654
2132,1216,0.03507996
2132,1248,0.03520518
2132,1280,0.03516387
2132,1312,0.03515441
2132,1344,0.03525099
2132,1376,0.03523301
2132,1408,0.035101835
2132,1440,0.035227872
2132,1472,0.035133265
2132,1504,0.03514905
2132,1536,0.03512197
2132,1568,0.03500974
2132,1600,0.03504386
2132,1632,0.035156313
2132,1664,0.03510942
2132,1696,0.035244934
2132,1728,0.03523131
2132,1760,0.03511494
2132,1792,0.035092596
2132,1824,0.03493876
2132,1856,0.0351326
2132,1888,0.035066783
2132,1920,0.035137154
2132,1952,0.035124596
2132,1984,0.03508791
2132,2016,0.035024673
2132,2048,0.035179853
2132,2080,0.03517419
2132,2112,0.035035636
2132,2144,0.035134498
2132,2176,0.035098154
2132,2208,0.03511159
2132,2240,0.035117798
2132,2272,0.035025343
2132,2304,0.035083342
2132,2336,0.035011053
2132,2368,0.035112128
2132,2400,0.03486838
2132,2432,0.035143774
2132,2464,0.035063867
2132,2496,0.035054103
2132,2528,0.035045058
2132,2560,0.034995634
2132,2592,0.03500038
2132,2624,0.035022575
2132,2656,0.035082083
2132,2688,0.034951065
2132,2720,0.03508963
2132,2752,0.03492428
2132,2784,0.034885656
2132,2816,0.034965098
2132,2848,0.034876775
2132,2880,0.03500333
2132,2912,0.034942478
2132,2944,0.034955803
2132,2976,0.035043363
2132,3008,0.034916364
2132,3040,0.03502694
2132,3072,0.034956876
2132,3104,0.03493986
2132,3136,0.03503509
2132,3168,0.034962803
2132,3200,0.03504547
2132,3232,0.03496775
2132,3264,0.034974013
2132,3296,0.034981623
2132,3328,0.034981076
2132,3360,0.034944862
2132,3392,0.03487611
2132,3424,0.034906972
2132,3456,0.034978047
2132,3488,0.034812033
2132,3520,0.034675036
2132,3552,0.03485808
2132,3584,0.03475822
2132,3616,0.034768183
2132,3648,0.03476833
2132,3680,0.034677576
2132,3712,0.034789108
2132,3744,0.03478553
2132,3776,0.034767754
2132,3808,0.03491936
2132,3840,0.034751546
2132,3872,0.034785166
2132,3904,0.034643773
2132,3936,0.034662552
2132,3968,0.03450587
2132,4000,0.034811836
2132,4032,0.03467407
2132,4064,0.034676824
2132,4096,0.03474716
2132,4128,0.03467609
2132,4160,0.034641244
2132,4192,0.034686945
2132,4224,0.03490848
2132,4256,0.03470283
2132,4288,0.0347678
2132,4320,0.034694582
2132,4352,0.03462276
2132,4384,0.034769397
2132,4416,0.034718618
2132,4448,0.034727763
2132,4480,0.034839228
2132,4512,0.034725726
2132,4544,0.03479003
2132,4576,0.034815367
2132,4608,0.034651916
2132,4640,0.0345851
2132,4672,0.034741756
2132,4704,0.03467325
2132,4736,0.034695994
2132,4768,0.03458764
2132,4800,0.034794003
2132,4832,0.034655068
2132,4864,0.034711793
2132,4896,0.034613475
2132,4928,0.034753274
2132,4960,0.03452955
2132,4992,0.03462189
2132,5024,0.034624044
2132,5056,0.034644913
2132,5088,0.03468638
2132,5120,0.034567233
2132,5152,0.0347125
2132,5184,0.03469302
2132,5216,0.034672
2132,5248,0.034683082
2132,5280,0.034620345
2132,5312,0.034540016
2132,5344,0.034688465
2132,5376,0.034469772
2132,5408,0.034635156
2132,5440,0.034565337
2132,5472,0.03467149
2132,5504,0.034738008
2132,5536,0.034645695
2132,5568,0.03450209
2132,5600,0.0345813
2132,5632,0.034624845
2132,5664,0.034623794
2132,5696,0.034669798
2132,5728,0.034535773
2132,5760,0.03471654
2132,5792,0.03462002
2132,5824,0.03469575
2132,5856,0.0345236
2132,5888,0.034624547
2132,5920,0.0345344
2132,5952,0.034586065
2132,5984,0.034475528
2132,6016,0.034486134
2132,6048,0.034429178
2132,6080,0.034582425
2133,0,0.034448404
2133,32,0.034517318
2133,64,0.034538515
2133,96,0.034603037
2133,128,0.034553144
2133,160,0.034581736
2133,192,0.03446321
2133,224,0.03451919
2133,256,0.03453809
2133,288,0.03446497
2133,320,0.03441598
2133,352,0.034418266
2133,384,0.034514442
2133,416,0.034558404
2133,448,0.034547806
2133,480,0.034548644
2133,512,0.03460158
2133,544,0.03443852
2133,576,0.034515332
2133,608,0.034552246
2133,640,0.034436118
2133,672,0.034494426
2133,704,0.03456741
2133,736,0.034407895
2133,768,0.034523457
2133,800,0.0345478
2133,832,0.034413446
2133,864,0.03452558
2133,896,0.034586657
2133,928,0.034541547
2133,960,0.03459094
2133,992,0.034607712
2133,1024,0.03445157
2133,1056,0.0344294
2133,1088,0.03454361
2133,1120,0.034403287
2133,1152,0.03444064
2133,1184,0.034433577
2133,1216,0.03456786
2133,1248,0.03443783
2133,1280,0.0345338
2133,1312,0.034360487
2133,1344,0.03437589
2133,1376,0.034572408
2133,1408,0.03442999
2133,1440,0.034333277
2133,1472,0.03447625
2133,1504,0.03440212
2133,1536,0.034526385
2133,1568,0.0344839
2133,1600,0.034451783
2133,1632,0.034388836
2133,1664,0.034442015
2133,1696,0.03436395
2133,1728,0.03432359
2133,1760,0.034354527
2133,1792,0.034467917
2133,1824,0.034375064
2133,1856,0.034452207
2133,1888,0.03424071
2133,1920,0.03429713
2133,1952,0.03424417
2133,1984,0.03437707
2133,2016,0.03434957
2133,2048,0.034242753
2133,2080,0.03431596
2133,2112,0.03414207
2133,2144,0.03429454
2133,2176,0.03424409
2133,2208,0.034341097
2133,2240,0.034268674
2133,2272,0.034261446
2133,2304,0.03426662
2133,2336,0.034361318
2133,2368,0.034250457
2133,2400,0.03424698
2133,2432,0.034213472
2133,2464,0.03423258
2133,2496,0.034417555
2133,2528,0.03414477
2133,2560,0.034191538
2133,2592,0.034172926
2133,2624,0.03432433
2133,2656,0.034267157
2133,2688,0.034178514
2133,2720,0.03426264
2133,2752,0.034200307
2133,2784,0.034082007
2133,2816,0.034325097
2133,2848,0.034256086
2133,2880,0.03433115
2133,2912,0.03425832
2133,2944,0.034267362
2133,2976,0.03422629
2133,3008,0.034267783
2133,3040,0.034237944
2133,3072,0.034137357
2133,3104,0.034284946
2133,3136,0.034189954
2133,3168,0.034161966
2133,3200,0.03432551
2133,3232,0.03429847
2133,3264,0.034259498
2133,3296,0.034199562
2133,3328,0.03406345
2133,3360,0.034270633
2133,3392,0.034196887
2133,3424,0.034173325
2133,3456,0.034210015
2133,3488,0.03416027
2133,3520,0.034147326
2133,3552,0.034099862
2133,3584,0.034099024
2133,3616,0.034134712
2133,3648,0.03417477
2133,3680,0.03403531
2133,3712,0.03416141
2133,3744,0.034167647
2133,3776,0.03421746
2133,3808,0.034069598
2133,3840,0.03410751
2133,3872,0.034027003
2133,3904,0.03403163
2133,3936,0.034069713
2133,3968,0.034066807
2133,4000,0.034143917
2133,4032,0.034194008
2133,4064,0.034082055
2133,4096,0.034057964
2133,4128,0.034183104
2133,4160,0.03414859
2133,4192,0.034002867
2133,4224,0.034123473
2133,4256,0.03421411
2133,4288,0.034182046
2133,4320,0.034113787
2133,4352,0.034038737
2133,4384,0.034230135
2133,4416,0.033994693
2133,4448,0.034213684
2133,4480,0.03404475
2133,4512,0.034073405
2133,4544,0.03400869
2133,4576,0.034139235
2133,4608,0.03416344
2133,4640,0.034054913
2133,4672,0.03426118
2133,4704,0.034042314
2133,4736,0.0341741
2133,4768,0.034079093
2133,4800,0.034035973
2133,4832,0.03410843
2133,4864,0.034266517
2133,4896,0.034166925
2133,4928,0.03409396
2133,4960,0.03400663
2133,4992,0.03399346
2133,5024,0.034067985
2133,5056,0.034069136
2133,5088,0.033884216
2133,5120,0.03417102
2133,5152,0.034007724
2133,5184,0.03406645
2133,5216,0.034064677
2133,5248,0.0340379
2133,5280,0.034030404
2133,5312,0.033901896
2133,5344,0.034018658
2133,5376,0.034010377
2133,5408,0.034134038
2133,5440,0.03407234
2133,5472,0.03439465
2133,5504,0.034664694
2133,5536,0.034788847
2133,5568,0.034597833
2133,5600,0.03471551
2133,5632,0.03457374
2133,5664,0.03464812
2133,5696,0.034657273
2133,5728,0.034740254
2133,5760,0.03457061
2133,5792,0.034689635
2133,5824,0.03455044
2133,5856,0.034721144
2133,5888,0.034578197
2133,5920,0.034579795
2133,5952,0.034564935
2133,5984,0.034576815
2133,6016,0.034684014
2133,6048,0.03438661
2133,6080,0.03437239
2134,0,0.03468539
2134,32,0.034620237
2134,64,0.03455059
2134,96,0.03460398
2134,128,0.03456941
2134,160,0.034608934
2134,192,0.03446157
2134,224,0.034549676
2134,256,0.034543637
2134,288,0.03447839
2134,320,0.03457511
2134,352,0.03436719
2134,384,0.034571312
2134,416,0.034630608
2134,448,0.034486033
2134,480,0.034491822
2134,512,0.03464053
2134,544,0.0346133
2134,576,0.034583163
2134,608,0.034565963
2134,640,0.03451915
2134,672,0.03455261
2134,704,0.03443614
2134,736,0.03453894
2134,768,0.034659743
2134,800,0.0345096
2134,832,0.034443744
2134,864,0.034484543
2134,896,0.034567982
2134,928,0.034495007
2134,960,0.034484643
2134,992,0.0344322
2134,1024,0.034485366
2134,1056,0.034540705
2134,1088,0.0345099
2134,1120,0.034430195
2134,1152,0.03448743
2134,1184,0.034478433
2134,1216,0.03447663
2134,1248,0.034513537
2134,1280,0.03456896
2134,1312,0.034558617
2134,1344,0.034535743
2134,1376,0.034411192
2134,1408,0.034463882
2134,1440,0.034516674
2134,1472,0.034447823
2134,1504,0.034496374
2134,1536,0.034503568
2134,1568,0.034389243
2134,1600,0.03452994
2134,1632,0.034386877
2134,1664,0.03425401
2134,1696,0.034463886
2134,1728,0.03468389
2134,1760,0.03451723
2134,1792,0.034391247
2134,1824,0.034379836
2134,1856,0.034463137
2134,1888,0.03436365
2134,1920,0.03447827
2134,1952,0.034415167
2134,1984,0.034413222
2134,2016,0.034428887
2134,2048,0.03440199
2134,2080,0.03448461
2134,2112,0.03445062
2134,2144,0.034420464
2134,2176,0.03435284
2134,2208,0.034457613
2134,2240,0.034393948
2134,2272,0.03433502
2134,2304,0.03439678
2134,2336,0.03430597
2134,2368,0.03452302
2134,2400,0.034400776
2134,2432,0.034430657
2134,2464,0.03440973
2134,2496,0.034516297
2134,2528,0.03430509
2134,2560,0.034299392
2134,2592,0.03436715
2134,2624,0.034318577
2134,2656,0.03429198
2134,2688,0.03451127
2134,2720,0.03437566
2134,2752,0.034203954
2134,2784,0.034458306
2134,2816,0.03439646
2134,2848,0.03425219
2134,2880,0.034502298
2134,2912,0.034417875
2134,2944,0.03429047
2134,2976,0.034391977
2134,3008,0.034320313
2134,3040,0.034397766
2134,3072,0.03429745
2134,3104,0.034288894
2134,3136,0.034496885
2134,3168,0.034505393
2134,3200,0.034305908
2134,3232,0.03425601
2134,3264,0.03426883
2134,3296,0.034275718
2134,3328,0.03419761
2134,3360,0.034384757
2134,3392,0.034161557
2134,3424,0.03434813
2134,3456,0.034479555
2134,3488,0.034783203
2134,3520,0.034843035
2134,3552,0.034723755
2134,3584,0.034700964
2134,3616,0.034776762
2134,3648,0.034755785
2134,3680,0.0347079
2134,3712,0.034804873
2134,3744,0.03465838
2134,3776,0.0346922
2134,3808,0.03481332
2134,3840,0.034761358
2134,3872,0.034737196
2134,3904,0.034644198
2134,3936,0.034645498
2134,3968,0.034659937
2134,4000,0.03474461
2134,4032,0.034717973
2134,4064,0.034771185
2134,4096,0.034663387
2134,4128,0.034715526
2134,4160,0.034776215
2134,4192,0.034755938
2134,4224,0.034700852
2134,4256,0.034532916
2134,4288,0.034757033
2134,4320,0.03461404
2134,4352,0.034631092
2134,4384,0.0347513
2134,4416,0.034712322
2134,4448,0.034706395
2134,4480,0.03465917
2134,4512,0.03467486
2134,4544,0.03473377
2134,4576,0.034628846
2134,4608,0.034695596
2134,4640,0.03468104
2134,4672,0.03485879
2134,4704,0.03467438
2134,4736,0.034744304
2134,4768,0.034640756
2134,4800,0.03463686
2134,4832,0.03465605
2134,4864,0.03459941
2134,4896,0.034672294
2134,4928,0.03456217
2134,4960,0.034589525
2134,4992,0.03474443
2134,5024,0.03452519
2134,5056,0.03450192
2134,5088,0.03461578
2134,5120,0.034566127
2134,5152,0.034583833
2134,5184,0.034591477
2134,5216,0.03462196
2134,5248,0.03467196
2134,5280,0.034626044
2134,5312,0.034531526
2134,5344,0.034545533
2134,5376,0.034613334
2134,5408,0.034616247
2134,5440,0.034636892
2134,5472,0.03462465
2134,5504,0.034607578
2134,5536,0.03456634
2134,5568,0.034584388
2134,5600,0.03457495
2134,5632,0.0346341
2134,5664,0.034434665
2134,5696,0.03443497
2134,5728,0.034459565
2134,5760,0.034684725
2134,5792,0.034556955
2134,5824,0.034509405
2134,5856,0.034605723
2134,5888,0.034537856
2134,5920,0.03442512
2134,5952,0.03450767
2134,5984,0.034456898
2134,6016,0.03456268
2134,6048,0.03440269
2134,6080,0.03453685
2135,0,0.034646537
2135,32,0.034492586
2135,64,0.034504645
2135,96,0.03450602
2135,128,0.034481987
2135,160,0.034626685
2135,192,0.034473963
2135,224,0.034613907
2135,256,0.03466102
2135,288,0.034521755
2135,320,0.034460142
2135,352,0.034567736
2135,384,0.03461969
2135,416,0.03445068
2135,448,0.034534954
2135,480,0.03451373
2135,512,0.034314644
2135,544,0.034394342
2135,576,0.03453366
2135,608,0.034457143
2135,640,0.034519084
2135,672,0.03445172
2135,704,0.034388483
2135,736,0.034537777
2135,768,0.034451667
2135,800,0.034310345
2135,832,0.03442298
2135,864,0.034427773
2135,896,0.0345243
2135,928,0.0344711
2135,960,0.034396313
2135,992,0.034550607
2135,1024,0.03450998
2135,1056,0.034374412
2135,1088,0.034530446
2135,1120,0.034542818
2135,1152,0.034513928
2135,1184,0.034314953
2135,1216,0.034579054
2135,1248,0.03445884
2135,1280,0.034476243
2135,1312,0.034469664
2135,1344,0.034516335
2135,1376,0.034446806
2135,1408,0.034298588
2135,1440,0.034283824
2135,1472,0.034835484
2135,1504,0.034774695
2135,1536,0.034897946
2135,1568,0.034932796
2135,1600,0.0347582
2135,1632,0.034923654
2135,1664,0.03485148
2135,1696,0.034833755
2135,1728,0.034845963
2135,1760,0.034826275
2135,1792,0.034849748
2135,1824,0.034709822
2135,1856,0.034696158
2135,1888,0.03493631
2135,1920,0.03494729
2135,1952,0.034726147
2135,1984,0.034767605
2135,2016,0.03484458
2135,2048,0.03486934
2135,2080,0.034843218
2135,2112,0.034905266
2135,2144,0.03469555
2135,2176,0.03477263
2135,2208,0.034806997
2135,2240,0.0348998
2135,2272,0.03485589
2135,2304,0.034700446
2135,2336,0.03475516
2135,2368,0.0348325
2135,2400,0.03480917
2135,2432,0.03485186
2135,2464,0.034747295
2135,2496,0.034613702
2135,2528,0.034732606
2135,2560,0.03467218
2135,2592,0.034750417
2135,2624,0.03464217
2135,2656,0.03467624
2135,2688,0.034786742
2135,2720,0.034692362
2135,2752,0.034794573
2135,2784,0.03464457
2135,2816,0.03475927
2135,2848,0.03469718
2135,2880,0.03480363
2135,2912,0.03472424
2135,2944,0.03473383
2135,2976,0.034719847
2135,3008,0.034596678
2135,3040,0.034850504
2135,3072,0.034680314
2135,3104,0.034642417
2135,3136,0.034679532
2135,3168,0.034621492
2135,3200,0.03457984
2135,3232,0.034635074
2135,3264,0.03451456
2135,3296,0.0345955
2135,3328,0.034653127
2135,3360,0.034542773
2135,3392,0.03467061
2135,3424,0.034739994
2135,3456,0.034668848
2135,3488,0.03462812
2135,3520,0.0345825
2135,3552,0.03470261
2135,3584,0.03458456
2135,3616,0.034639638
2135,3648,0.03467668
2135,3680,0.03473488
2135,3712,0.03452762
2135,3744,0.03461064
2135,3776,0.03455313
2135,3808,0.034620572
2135,3840,0.034640674
2135,3872,0.034631304
2135,3904,0.034467127
2135,3936,0.034637716
2135,3968,0.03459868
2135,4000,0.03476075
2135,4032,0.034562055
2135,4064,0.034522083
2135,4096,0.03465525
2135,4128,0.03449985
2135,4160,0.0346575
2135,4192,0.034579724
2135,4224,0.034720488
2135,4256,0.034555614
2135,4288,0.034588274
2135,4320,0.03451327
2135,4352,0.03457278
2135,4384,0.034405358
2135,4416,0.034601405
2135,4448,0.03464413
2135,4480,0.034592334
2135,4512,0.034686126
2135,4544,0.03452629
2135,4576,0.03467076
2135,4608,0.034434445
2135,4640,0.03450198
2135,4672,0.0344705
2135,4704,0.034440693
2135,4736,0.034603532
2135,4768,0.034628626
2135,4800,0.03453763
2135,4832,0.034451444
2135,4864,0.034663532
2135,4896,0.034654498
2135,4928,0.034514684
2135,4960,0.034561146
2135,4992,0.034548152
2135,5024,0.03459475
2135,5056,0.034557957
2135,5088,0.034674894
2135,5120,0.034486644
2135,5152,0.034556948
2135,5184,0.03461259
2135,5216,0.034576774
2135,5248,0.034524083
2135,5280,0.034485783
2135,5312,0.034473237
2135,5344,0.034485634
2135,5376,0.03442375
2135,5408,0.03448266
2135,5440,0.03452526
2135,5472,0.034434013
2135,5504,0.034318116
2135,5536,0.034699388
2135,5568,0.035219163
2135,5600,0.03518522
2135,5632,0.035334367
2135,5664,0.035211295
2135,5696,0.035206668
2135,5728,0.03513799
2135,5760,0.035174545
2135,5792,0.03521727
2135,5824,0.035254646
2135,5856,0.035349593
2135,5888,0.035256498
2135,5920,0.03523554
2135,5952,0.03523897
2135,5984,0.035192564
2135,6016,0.035174683
2135,6048,0.035170272
2135,6080,0.035159066
2136,0,0.03521331
2136,32,0.03517078
2136,64,0.03519187
2136,96,0.03507378
2136,128,0.03513086
2136,160,0.035076704
2136,192,0.035057276
2136,224,0.035317283
2136,256,0.035276853
2136,288,0.035174944
2136,320,0.035256
2136,352,0.035174947
2136,384,0.035243347
2136,416,0.03517417
2136,448,0.035203815
2136,480,0.035069995
2136,512,0.035187922
2136,544,0.035223138
2136,576,0.035106834
2136,608,0.035128716
2136,640,0.03507376
2136,672,0.03508604
2136,704,0.035093088
2136,736,0.03520004
2136,768,0.03524113
2136,800,0.035110403
2136,832,0.0351486
2136,864,0.03519614
2136,896,0.035036307
2136,928,0.035164792
2136,960,0.03518655
2136,992,0.03512358
2136,1024,0.035013776
2136,1056,0.03512504
2136,1088,0.03504413
2136,1120,0.03515589
2136,1152,0.035136446
2136,1184,0.035101097
2136,1216,0.034991283
2136,1248,0.03507694
2136,1280,0.035127882
2136,1312,0.035040945
2136,1344,0.035156168
2136,1376,0.035091195
2136,1408,0.03516755
2136,1440,0.034950525
2136,1472,0.034878995
2136,1504,0.035016213
2136,1536,0.035090275
2136,1568,0.035081636
2136,1600,0.035102066
2136,1632,0.03497524
2136,1664,0.03506211
2136,1696,0.035055522
2136,1728,0.03514066
2136,1760,0.035046805
2136,1792,0.035047807
2136,1824,0.035050906
2136,1856,0.035016358
2136,1888,0.0350675
2136,1920,0.035041213
2136,1952,0.034992184
2136,1984,0.035133492
2136,2016,0.035010103
2136,2048,0.035078403
2136,2080,0.034868397
2136,2112,0.03507526
2136,2144,0.034958553
2136,2176,0.03512042
2136,2208,0.034898184
2136,2240,0.03506273
2136,2272,0.03500835
2136,2304,0.034993477
2136,2336,0.03490033
2136,2368,0.03501441
2136,2400,0.034980595
2136,2432,0.035004452
2136,2464,0.0349451
2136,2496,0.034921195
2136,2528,0.034887575
2136,2560,0.035129484
2136,2592,0.035098664
2136,2624,0.0350215
2136,2656,0.03501579
2136,2688,0.034923512
2136,2720,0.034859724
2136,2752,0.03497204
2136,2784,0.034912296
2136,2816,0.03503628
2136,2848,0.034881476
2136,2880,0.034990102
2136,2912,0.034790125
2136,2944,0.034842726
2136,2976,0.03495509
2136,3008,0.03486354
2136,3040,0.034944486
2136,3072,0.03489706
2136,3104,0.034908913
2136,3136,0.03504471
2136,3168,0.034999706
2136,3200,0.034896303
2136,3232,0.034969203
2136,3264,0.03482587
2136,3296,0.034926057
2136,3328,0.034913257
2136,3360,0.034914453
2136,3392,0.034895554
2136,3424,0.034921736
2136,3456,0.034785155
2136,3488,0.034940913
2136,3520,0.03479769
2136,3552,0.034454126
2136,3584,0.0343042
2136,3616,0.034354452
2136,3648,0.034392968
2136,3680,0.034285657
2136,3712,0.034394134
2136,3744,0.034353558
2136,3776,0.034327462
2136,3808,0.034319293
2136,3840,0.034288947
2136,3872,0.03421199
2136,3904,0.034339402
2136,3936,0.03424146
2136,3968,0.034382973
2136,4000,0.034271177
2136,4032,0.03432197
2136,4064,0.034274742
2136,4096,0.03423889
2136,4128,0.034336265
2136,4160,0.034112815
2136,4192,0.034180988
2136,4224,0.034255005
2136,4256,0.034318816
2136,4288,0.03414851
2136,4320,0.0342949
2136,4352,0.034244217
2136,4384,0.034287315
2136,4416,0.03427154
2136,4448,0.03412474
2136,4480,0.034318954
2136,4512,0.03425238
2136,4544,0.034208305
2136,4576,0.034178838
2136,4608,0.03419542
2136,4640,0.034216635
2136,4672,0.034181662
2136,4704,0.034285516
2136,4736,0.034197483
2136,4768,0.03414259
2136,4800,0.034228284
2136,4832,0.034132525
2136,4864,0.03412009
2136,4896,0.034054503
2136,4928,0.0340984
2136,4960,0.03424892
2136,4992,0.03406215
2136,5024,0.034179088
2136,5056,0.034121297
2136,5088,0.034175634
2136,5120,0.034212545
2136,5152,0.034063667
2136,5184,0.034034815
2136,5216,0.034124177
2136,5248,0.03423826
2136,5280,0.034151327
2136,5312,0.034123342
2136,5344,0.034238264
2136,5376,0.034023557
2136,5408,0.03415451
2136,5440,0.034138683
2136,5472,0.0340548
2136,5504,0.034096118
2136,5536,0.034122918
2136,5568,0.03416438
2136,5600,0.03402008
2136,5632,0.034112547
2136,5664,0.034212884
2136,5696,0.03406097
2136,5728,0.034157276
2136,5760,0.033973403
2136,5792,0.034113415
2136,5824,0.034076374
2136,5856,0.034229733
2136,5888,0.034229685
2136,5920,0.03400928
2136,5952,0.0340062
2136,5984,0.03423346
2136,6016,0.033992007
2136,6048,0.034075234
2136,6080,0.033999976
2137,0,0.03401788
2137,32,0.0341444
2137,64,0.034100518
2137,96,0.034104347
2137,128,0.034195207
2137,160,0.03396644
2137,192,0.033974525
2137,224,0.034076847
2137,256,0.03409756
2137,288,0.03409452
2137,320,0.034027662
2137,352,0.034173194
2137,384,0.034151785
2137,416,0.03395307
2137,448,0.034185264
2137,480,0.034064382
2137,512,0.034015235
2137,544,0.03412938
2137,576,0.034033544
2137,608,0.034061912
2137,640,0.03397081
2137,672,0.034072068
2137,704,0.03403307
2137,736,0.034089234
2137,768,0.034063958
2137,800,0.033965193
2137,832,0.034006953
2137,864,0.034020122
2137,896,0.034005143
2137,928,0.034079246
2137,960,0.034018487
2137,992,0.03388488
2137,1024,0.033971123
2137,1056,0.034010533
2137,1088,0.034000747
2137,1120,0.03399349
2137,1152,0.034119725
2137,1184,0.03398343
2137,1216,0.03412483
2137,1248,0.034098893
2137,1280,0.033954743
2137,1312,0.034025192
2137,1344,0.033914816
2137,1376,0.034088466
2137,1408,0.03388178
2137,1440,0.03389261
2137,1472,0.033976957
2137,1504,0.03395649
2137,1536,0.03449402
2137,1568,0.0349769
2137,1600,0.034912296
2137,1632,0.03486376
2137,1664,0.034915198
2137,1696,0.034908112
2137,1728,0.03490124
2137,1760,0.034915052
2137,1792,0.034824435
2137,1824,0.034827646
2137,1856,0.034750845
2137,1888,0.034846462
2137,1920,0.034897495
2137,1952,0.034765925
2137,1984,0.0347479
2137,2016,0.034910835
2137,2048,0.034810666
2137,2080,0.03490069
2137,2112,0.034853924
2137,2144,0.034801684
2137,2176,0.034831155
2137,2208,0.034736477
2137,2240,0.035023835
2137,2272,0.034857694
2137,2304,0.03469302
2137,2336,0.034747995
2137,2368,0.03473695
2137,2400,0.03483123
2137,2432,0.034780532
2137,2464,0.03471562
2137,2496,0.0347992
2137,2528,0.03467739
2137,2560,0.03475661
2137,2592,0.03483985
2137,2624,0.034785524
2137,2656,0.034841392
2137,2688,0.03486665
2137,2720,0.034925047
2137,2752,0.03488992
2137,2784,0.034802333
2137,2816,0.03471511
2137,2848,0.03479871
2137,2880,0.03474175
2137,2912,0.034627974
2137,2944,0.034745976
2137,2976,0.034782965
2137,3008,0.03469173
2137,3040,0.034687586
2137,3072,0.034627575
2137,3104,0.034785386
2137,3136,0.03472499
2137,3168,0.034824636
2137,3200,0.034628555
2137,3232,0.034829844
2137,3264,0.034811232
2137,3296,0.03483026
2137,3328,0.03477807
2137,3360,0.0347866
2137,3392,0.03477514
2137,3424,0.03460057
2137,3456,0.03462906
2137,3488,0.034578905
2137,3520,0.03469618
2137,3552,0.034626044
2137,3584,0.034713678
2137,3616,0.034751255
2137,3648,0.03466264
2137,3680,0.03464698
2137,3712,0.034739133
2137,3744,0.03460982
2137,3776,0.03482577
2137,3808,0.034632985
2137,3840,0.034581367
2137,3872,0.034771465
2137,3904,0.034738664
2137,3936,0.03469463
2137,3968,0.034717992
2137,4000,0.034660842
2137,4032,0.034628168
2137,4064,0.03463547
2137,4096,0.034547437
2137,4128,0.034716163
2137,4160,0.034575187
2137,4192,0.034705937
2137,4224,0.034683384
2137,4256,0.03452935
2137,4288,0.034671985
2137,4320,0.034533933
2137,4352,0.034648657
2137,4384,0.034717046
2137,4416,0.03458098
2137,4448,0.034746643
2137,4480,0.034581352
2137,4512,0.034639064
2137,4544,0.0345705
2137,4576,0.03469673
2137,4608,0.034708258
2137,4640,0.03450355
2137,4672,0.0345303
2137,4704,0.034707278
2137,4736,0.03464881
2137,4768,0.034706473
2137,4800,0.03476436
2137,4832,0.034568284
2137,4864,0.034686357
2137,4896,0.03465614
2137,4928,0.03455098
2137,4960,0.034611087
2137,4992,0.034526456
2137,5024,0.034522474
2137,5056,0.03451085
2137,5088,0.034531895
2137,5120,0.03463673
2137,5152,0.034545034
2137,5184,0.03445757
2137,5216,0.03454226
2137,5248,0.034585066
2137,5280,0.034626875
2137,5312,0.03458864
2137,5344,0.034578066
2137,5376,0.034709558
2137,5408,0.034525983
2137,5440,0.034567885
2137,5472,0.03457214
2137,5504,0.034639604
2137,5536,0.034398712
2137,5568,0.034595832
2137,5600,0.034489598
2137,5632,0.0345955
2137,5664,0.034651812
2137,5696,0.034693975
2137,5728,0.034749325
2137,5760,0.034646247
2137,5792,0.034649093
2137,5824,0.034530666
2137,5856,0.034678258
2137,5888,0.034653164
2137,5920,0.03462788
2137,5952,0.034617428
2137,5984,0.034431733
2137,6016,0.034502182
2137,6048,0.034550223
2137,6080,0.03465792
2138,0,0.03458974
2138,32,0.03451708
2138,64,0.034692917
2138,96,0.03466398
2138,128,0.034661807
2138,160,0.034576092
2138,192,0.034524642
2138,224,0.03469867
2138,256,0.03460704
2138,288,0.034685157
2138,320,0.034539986
2138,352,0.03451679
2138,384,0.03452182
2138,416,0.03482281
2138,448,0.034528334
2138,480,0.034541283
2138,512,0.034628127
2138,544,0.0345623
2138,576,0.034627847
2138,608,0.034483016
2138,640,0.03454
2138,672,0.034696605
2138,704,0.034618918
2138,736,0.034634016
2138,768,0.034526464
2138,800,0.034470703
2138,832,0.034577973
2138,864,0.03455158
2138,896,0.034581006
2138,928,0.03442713
2138,960,0.034386154
2138,992,0.034460556
2138,1024,0.03450357
2138,1056,0.034561392
2138,1088,0.034533314
2138,1120,0.03456985
2138,1152,0.034481473
2138,1184,0.034395605
2138,1216,0.034569193
2138,1248,0.034612205
2138,1280,0.03442001
2138,1312,0.0344905
2138,1344,0.03453354
2138,1376,0.03440438
2138,1408,0.03449077
2138,1440,0.034593564
2138,1472,0.03449391
2138,1504,0.034463692
2138,1536,0.034573503
2138,1568,0.034448564
2138,1600,0.034281507
2138,1632,0.03444018
2138,1664,0.0344607
2138,1696,0.034383398
2138,1728,0.034403868
2138,1760,0.034290098
2138,1792,0.034501083
2138,1824,0.034390587
2138,1856,0.034371544
2138,1888,0.034360643
2138,1920,0.034491893
2138,1952,0.034470823
2138,1984,0.034403197
2138,2016,0.03437587
2138,2048,0.03440043
2138,2080,0.034475256
2138,2112,0.034329105
2138,2144,0.034344766
2138,2176,0.034350783
2138,2208,0.034445465
2138,2240,0.034350097
2138,2272,0.034331452
2138,2304,0.034323566
2138,2336,0.034375142
2138,2368,0.03439975
2138,2400,0.034457434
2138,2432,0.03424053
2138,2464,0.034369223
2138,2496,0.034329895
2138,2528,0.03433887
2138,2560,0.034375772
2138,2592,0.034315515
2138,2624,0.03440571
2138,2656,0.034401678
2138,2688,0.034365177
2138,2720,0.034424897
2138,2752,0.034352235
2138,2784,0.03437052
2138,2816,0.034409568
2138,2848,0.034328602
2138,2880,0.034417592
2138,2912,0.034224316
2138,2944,0.03445188
2138,2976,0.034418322
2138,3008,0.034270067
2138,3040,0.03437622
2138,3072,0.034384027
2138,3104,0.03434817
2138,3136,0.03434981
2138,3168,0.03438688
2138,3200,0.034335345
2138,3232,0.034357883
2138,3264,0.034230478
2138,3296,0.03426453
2138,3328,0.03430967
2138,3360,0.034261428
2138,3392,0.034251947
2138,3424,0.034283563
2138,3456,0.03431659
2138,3488,0.03435282
2138,3520,0.034260847
2138,3552,0.034414273
2138,3584,0.034328215
2138,3616,0.034389094
2138,3648,0.034776196
2138,3680,0.0347721
2138,3712,0.034811318
2138,3744,0.034753367
2138,3776,0.034874406
2138,3808,0.034806326
2138,3840,0.034789383
2138,3872,0.034824014
2138,3904,0.03479462
2138,3936,0.03486097
2138,3968,0.034839086
2138,4000,0.03467749
2138,4032,0.034811076
2138,4064,0.0348053
2138,4096,0.03476813
2138,4128,0.034681525
2138,4160,0.034711182
2138,4192,0.034738895
2138,4224,0.03488625
2138,4256,0.03465104
2138,4288,0.03465652
2138,4320,0.03458589
2138,4352,0.03463683
2138,4384,0.03470584
2138,4416,0.034709193
2138,4448,0.034710772
2138,4480,0.034626782
2138,4512,0.034665477
2138,4544,0.03468369
2138,4576,0.034644168
2138,4608,0.034785055
2138,4640,0.03474312
2138,4672,0.034670606
2138,4704,0.034773204
2138,4736,0.03475446
2138,4768,0.03467515
2138,4800,0.034655586
2138,4832,0.03458629
2138,4864,0.034589447
2138,4896,0.034592208
2138,4928,0.03470734
2138,4960,0.03469054
2138,4992,0.034592617
2138,5024,0.034712106
2138,5056,0.034677878
2138,5088,0.03456401
2138,5120,0.03465521
2138,5152,0.034557983
2138,5184,0.03467518
2138,5216,0.034626514
2138,5248,0.03463756
2138,5280,0.034512676
2138,5312,0.03468841
2138,5344,0.034710426
2138,5376,0.03474195
2138,5408,0.034605473
2138,5440,0.03452561
2138,5472,0.034613553
2138,5504,0.034622464
2138,5536,0.034571186
2138,5568,0.034574375
2138,5600,0.03464092
2138,5632,0.03456211
2138,5664,0.034641594
2138,5696,0.03451745
2138,5728,0.034678403
2138,5760,0.034752216
2138,5792,0.034681443
2138,5824,0.03449214
2138,5856,0.034639917
2138,5888,0.034518976
2138,5920,0.034626286
2138,5952,0.034658976
2138,5984,0.03466457
2138,6016,0.034489635
2138,6048,0.034515265
2138,6080,0.03457136
2139,0,0.034546003
2139,32,0.03456008
2139,64,0.03458855
2139,96,0.034680888
2139,128,0.0345611
2139,160,0.034494057
2139,192,0.034621112
2139,224,0.034572084
2139,256,0.03444454
2139,288,0.034584273
2139,320,0.034671243
2139,352,0.034477435
2139,384,0.034447726
2139,416,0.034512427
2139,448,0.03433296
2139,480,0.03451827
2139,512,0.03441549
2139,544,0.034519024
2139,576,0.03462552
2139,608,0.034488633
2139,640,0.03446122
2139,672,0.034624513
2139,704,0.03448868
2139,736,0.034542203
2139,768,0.034630816
2139,800,0.034561973
2139,832,0.03453099
2139,864,0.03450715
2139,896,0.03454371
2139,928,0.03458622
2139,960,0.0343976
2139,992,0.034402806
2139,1024,0.034521777
2139,1056,0.034552056
2139,1088,0.034387354
2139,1120,0.034494087
2139,1152,0.03451361
2139,1184,0.034362327
2139,1216,0.034475617
2139,1248,0.034417026
2139,1280,0.034548007
2139,1312,0.03454217
2139,1344,0.03444253
2139,1376,0.03448065
2139,1408,0.03446811
2139,1440,0.034531515
2139,1472,0.034645464
2139,1504,0.034410663
2139,1536,0.034429383
2139,1568,0.034522977
2139,1600,0.034522817
2139,1632,0.03471271
2139,1664,0.034642797
2139,1696,0.03459724
2139,1728,0.034637418
2139,1760,0.034639418
2139,1792,0.034635484
2139,1824,0.03462708
2139,1856,0.034571327
2139,1888,0.0345558
2139,1920,0.034516353
2139,1952,0.03457699
2139,1984,0.03459294
2139,2016,0.034635972
2139,2048,0.03459977
2139,2080,0.034541443
2139,2112,0.034529306
2139,2144,0.034569774
2139,2176,0.03462479
2139,2208,0.034700383
2139,2240,0.034608796
2139,2272,0.03456896
2139,2304,0.034613557
2139,2336,0.034413543
2139,2368,0.03456478
2139,2400,0.034582395
2139,2432,0.034517184
2139,2464,0.034476537
2139,2496,0.034465335
2139,2528,0.034318376
2139,2560,0.03451083
2139,2592,0.034542743
2139,2624,0.03452453
2139,2656,0.034617383
2139,2688,0.034611594
2139,2720,0.034593254
2139,2752,0.034607496
2139,2784,0.034496598
2139,2816,0.03456187
2139,2848,0.03449158
2139,2880,0.034493655
2139,2912,0.03467873
2139,2944,0.03434278
2139,2976,0.034413792
2139,3008,0.034434702
2139,3040,0.03456089
2139,3072,0.03448721
2139,3104,0.034553275
2139,3136,0.034381095
2139,3168,0.03448534
2139,3200,0.034518126
2139,3232,0.03437859
2139,3264,0.03444825
2139,3296,0.034457296
2139,3328,0.034387145
2139,3360,0.034431297
2139,3392,0.034465745
2139,3424,0.034365032
2139,3456,0.03438856
2139,3488,0.034514602
2139,3520,0.034323517
2139,3552,0.034434307
2139,3584,0.03441585
2139,3616,0.034501944
2139,3648,0.034511477
2139,3680,0.034443077
2139,3712,0.034288786
2139,3744,0.034475125
2139,3776,0.03448057
2139,3808,0.03441605
2139,3840,0.034352932
2139,3872,0.034437317
2139,3904,0.03439975
2139,3936,0.03441722
2139,3968,0.034372818
2139,4000,0.034466658
2139,4032,0.034455433
2139,4064,0.034344178
2139,4096,0.034529213
2139,4128,0.03434286
2139,4160,0.03444682
2139,4192,0.034244146
2139,4224,0.034431674
2139,4256,0.034317415
2139,4288,0.0343329
2139,4320,0.03452323
2139,4352,0.03449699
2139,4384,0.034349106
2139,4416,0.034375124
2139,4448,0.034510683
2139,4480,0.03448879
2139,4512,0.034126587
2139,4544,0.034316458
2139,4576,0.03439166
2139,4608,0.034365807
2139,4640,0.03450884
2139,4672,0.034476746
2139,4704,0.03439626
2139,4736,0.034297932
2139,4768,0.03425658
2139,4800,0.034333345
2139,4832,0.03439708
2139,4864,0.034309767
2139,4896,0.03439152
2139,4928,0.03429898
2139,4960,0.034364995
2139,4992,0.034370806
2139,5024,0.03429909
2139,5056,0.034398366
2139,5088,0.034249835
2139,5120,0.03430811
2139,5152,0.034339007
2139,5184,0.034351613
2139,5216,0.034290433
2139,5248,0.034375876
2139,5280,0.03437239
2139,5312,0.034190934
2139,5344,0.034259524
2139,5376,0.034369502
2139,5408,0.03435423
2139,5440,0.03442328
2139,5472,0.034245066
2139,5504,0.034250315
2139,5536,0.034301206
2139,5568,0.034383282
2139,5600,0.034236357
2139,5632,0.0343791
2139,5664,0.034270227
2139,5696,0.034247726
2139,5728,0.033850353
2139,5760,0.03393804
2139,5792,0.033927772
2139,5824,0.03370546
2139,5856,0.033736657
2139,5888,0.03367105
2139,5920,0.03379957
2139,5952,0.03385125
2139,5984,0.033623103
2139,6016,0.033713933
2139,6048,0.03376788
2139,6080,0.03370689
2140,0,0.03389583
2140,32,0.033821505
2140,64,0.033838306
2140,96,0.033703934
2140,128,0.03374083
2140,160,0.033852138
2140,192,0.03358074
2140,224,0.03379749
2140,256,0.03364975
2140,288,0.03373357
2140,320,0.033789795
2140,352,0.033677325
2140,384,0.033791978
2140,416,0.033795305
2140,448,0.033522904
2140,480,0.033628233
2140,512,0.03383238
2140,544,0.033705227
2140,576,0.033591494
2140,608,0.033811267
2140,640,0.03358425
2140,672,0.03365387
2140,704,0.033596046
2140,736,0.033585574
2140,768,0.033693373
2140,800,0.033744533
2140,832,0.03360518
2140,864,0.033671465
2140,896,0.03362978
2140,928,0.03372112
2140,960,0.03362867
2140,992,0.033590905
2140,1024,0.03357502
2140,1056,0.03364403
2140,1088,0.033585586
2140,1120,0.033673603
2140,1152,0.033618715
2140,1184,0.03355201
2140,1216,0.03360445
2140,1248,0.033768654
2140,1280,0.03363002
2140,1312,0.033639383
2140,1344,0.033560403
2140,1376,0.033641007
2140,1408,0.0335252
2140,1440,0.03352998
2140,1472,0.03361487
2140,1504,0.033631705
2140,1536,0.033645414
2140,1568,0.033612467
2140,1600,0.033555966
2140,1632,0.033718295
2140,1664,0.033631217
2140,1696,0.03351956
2140,1728,0.033390164
2140,1760,0.03350501
2140,1792,0.03345639
2140,1824,0.033605374
2140,1856,0.033600613
2140,1888,0.033457905
2140,1920,0.033616602
2140,1952,0.033482347
2140,1984,0.03348626
2140,2016,0.03344378
2140,2048,0.033580173
2140,2080,0.033491742
2140,2112,0.0335515
2140,2144,0.03348632
2140,2176,0.033564072
2140,2208,0.03347829
2140,2240,0.03363702
2140,2272,0.033615965
2140,2304,0.033500515
2140,2336,0.0333966
2140,2368,0.033476524
2140,2400,0.03348613
2140,2432,0.033569194
2140,2464,0.033428922
2140,2496,0.033337146
2140,2528,0.03342729
2140,2560,0.033476397
2140,2592,0.03348006
2140,2624,0.03364852
2140,2656,0.033543523
2140,2688,0.03354659
2140,2720,0.033513106
2140,2752,0.033388335
2140,2784,0.033587866
2140,2816,0.033440918
2140,2848,0.03334406
2140,2880,0.033507094
2140,2912,0.033366386
2140,2944,0.033489965
2140,2976,0.033610616
2140,3008,0.033394303
2140,3040,0.033516757
2140,3072,0.033423234
2140,3104,0.033416845
2140,3136,0.033483595
2140,3168,0.03342498
2140,3200,0.03351952
2140,3232,0.033422623
2140,3264,0.033368472
2140,3296,0.033544473
2140,3328,0.033364065
2140,3360,0.03357362
2140,3392,0.033338107
2140,3424,0.033364818
2140,3456,0.033509407
2140,3488,0.033366762
2140,3520,0.033519275
2140,3552,0.033382162
2140,3584,0.033344973
2140,3616,0.033386823
2140,3648,0.033421054
2140,3680,0.033428844
2140,3712,0.0340331
2140,3744,0.034241304
2140,3776,0.03424691
2140,3808,0.034435384
2140,3840,0.034253493
2140,3872,0.034189347
2140,3904,0.034286316
2140,3936,0.034151167
2140,3968,0.034185566
2140,4000,0.03416916
2140,4032,0.034156017
2140,4064,0.034237236
2140,4096,0.0343986
2140,4128,0.034204375
2140,4160,0.034207135
2140,4192,0.03415807
2140,4224,0.034202773
2140,4256,0.03406665
2140,4288,0.034289498
2140,4320,0.03414724
2140,4352,0.03422307
2140,4384,0.034013852
2140,4416,0.034191035
2140,4448,0.034334134
2140,4480,0.034146238
2140,4512,0.03416312
2140,4544,0.034277067
2140,4576,0.03409209
2140,4608,0.034241896
2140,4640,0.034087308
2140,4672,0.03423765
2140,4704,0.034077145
2140,4736,0.034144692
2140,4768,0.03412737
2140,4800,0.034113586
2140,4832,0.034063976
2140,4864,0.034136478
2140,4896,0.034137823
2140,4928,0.034129538
2140,4960,0.034142397
2140,4992,0.034114394
2140,5024,0.03428401
2140,5056,0.034095954
2140,5088,0.034141034
2140,5120,0.034153003
2140,5152,0.03405374
2140,5184,0.034059856
2140,5216,0.034093127
2140,5248,0.034045912
2140,5280,0.034060705
2140,5312,0.034008753
2140,5344,0.03411635
2140,5376,0.03408679
2140,5408,0.034062885
2140,5440,0.03413359
2140,5472,0.034068856
2140,5504,0.03400861
2140,5536,0.03419175
2140,5568,0.034101654
2140,5600,0.034052484
2140,5632,0.03406379
2140,5664,0.03402782
2140,5696,0.034075923
2140,5728,0.034172263
2140,5760,0.034135345
2140,5792,0.034114525
2140,5824,0.034163423
2140,5856,0.034210015
2140,5888,0.034151457
2140,5920,0.03409055
2140,5952,0.034018483
2140,5984,0.03401208
2140,6016,0.033988107
2140,6048,0.034155082
2140,6080,0.034115404
2141,0,0.03399645
2141,32,0.03409421
2141,64,0.03411801
2141,96,0.03411844
2141,128,0.034088034
2141,160,0.03397345
2141,192,0.033992235
2141,224,0.034012113
2141,256,0.034060523
2141,288,0.034090735
2141,320,0.034017432
2141,352,0.03401193
2141,384,0.033935953
2141,416,0.034043923
2141,448,0.033989854
2141,480,0.034079842
2141,512,0.033975184
2141,544,0.034025133
2141,576,0.033995736
2141,608,0.034044426
2141,640,0.033995353
2141,672,0.03407
2141,704,0.03406514
2141,736,0.034061622
2141,768,0.034014817
2141,800,0.034045134
2141,832,0.033994734
2141,864,0.034005485
2141,896,0.033988014
2141,928,0.0340168
2141,960,0.03405498
2141,992,0.03400745
2141,1024,0.03387058
2141,1056,0.0340683
2141,1088,0.033888254
2141,1120,0.033973116
2141,1152,0.033899944
2141,1184,0.03408095
2141,1216,0.034047704
2141,1248,0.03394972
2141,1280,0.03386375
2141,1312,0.03394162
2141,1344,0.033823654
2141,1376,0.033841632
2141,1408,0.03391199
2141,1440,0.033909358
2141,1472,0.03387048
2141,1504,0.033885684
2141,1536,0.033880237
2141,1568,0.033955887
2141,1600,0.03400231
2141,1632,0.033901837
2141,1664,0.03396939
2141,1696,0.03448394
2141,1728,0.034922235
2141,1760,0.034914978
2141,1792,0.034915138
2141,1824,0.034816466
2141,1856,0.034911923
2141,1888,0.034925852
2141,1920,0.034907002
2141,1952,0.034986697
2141,1984,0.034930732
2141,2016,0.03476736
2141,2048,0.034766283
2141,2080,0.03483816
2141,2112,0.034911685
2141,2144,0.034847617
2141,2176,0.0347995
2141,2208,0.03468083
2141,2240,0.03480917
2141,2272,0.034774277
2141,2304,0.034736603
2141,2336,0.034749046
2141,2368,0.03475112
2141,2400,0.034789234
2141,2432,0.034757115
2141,2464,0.03473869
2141,2496,0.034892008
2141,2528,0.03477042
2141,2560,0.034761384
2141,2592,0.03476238
2141,2624,0.03491055
2141,2656,0.034770295
2141,2688,0.03482331
2141,2720,0.034813553
2141,2752,0.034749735
2141,2784,0.03473488
2141,2816,0.03475375
2141,2848,0.03466646
2141,2880,0.034840114
2141,2912,0.03469256
2141,2944,0.034705203
2141,2976,0.03462544
2141,3008,0.03459041
2141,3040,0.03478836
2141,3072,0.03481153
2141,3104,0.034714714
2141,3136,0.03464186
2141,3168,0.03466902
2141,3200,0.034704898
2141,3232,0.03473562
2141,3264,0.034653593
2141,3296,0.03463412
2141,3328,0.03457516
2141,3360,0.03478602
2141,3392,0.034689393
2141,3424,0.03473413
2141,3456,0.034582157
2141,3488,0.03467968
2141,3520,0.034681693
2141,3552,0.034620263
2141,3584,0.03461058
2141,3616,0.03455924
2141,3648,0.034668833
2141,3680,0.034793235
2141,3712,0.034791145
2141,3744,0.034614626
2141,3776,0.03461549
2141,3808,0.034607828
2141,3840,0.03460411
2141,3872,0.03456311
2141,3904,0.034486372
2141,3936,0.03464663
2141,3968,0.034656167
2141,4000,0.034603655
2141,4032,0.034721605
2141,4064,0.034620307
2141,4096,0.034717936
2141,4128,0.034647945
2141,4160,0.034598175
2141,4192,0.03459527
2141,4224,0.03452994
2141,4256,0.03456658
2141,4288,0.03471337
2141,4320,0.034683295
2141,4352,0.034700647
2141,4384,0.034594078
2141,4416,0.03468875
2141,4448,0.034598958
2141,4480,0.03465876
2141,4512,0.034582097
2141,4544,0.034597054
2141,4576,0.034699842
2141,4608,0.034594864
2141,4640,0.034703076
2141,4672,0.034554884
2141,4704,0.03470654
2141,4736,0.03460299
2141,4768,0.03454086
2141,4800,0.034531556
2141,4832,0.03471276
2141,4864,0.034598134
2141,4896,0.03457834
2141,4928,0.03463334
2141,4960,0.034618657
2141,4992,0.03463287
2141,5024,0.034573764
2141,5056,0.034504957
2141,5088,0.034576505
2141,5120,0.03464624
2141,5152,0.034551717
2141,5184,0.034697287
2141,5216,0.034523424
2141,5248,0.034505002
2141,5280,0.034483045
2141,5312,0.034578785
2141,5344,0.034475863
2141,5376,0.034666426
2141,5408,0.03455674
2141,5440,0.034425333
2141,5472,0.03447409
2141,5504,0.03456397
2141,5536,0.034567814
2141,5568,0.034551416
2141,5600,0.034530744
2141,5632,0.03454007
2141,5664,0.034442198
2141,5696,0.03459835
2141,5728,0.03455906
2141,5760,0.034570303
2141,5792,0.034909543
2141,5824,0.03495705
2141,5856,0.035057507
2141,5888,0.035126682
2141,5920,0.035168972
2141,5952,0.03516694
2141,5984,0.034985065
2141,6016,0.03507548
2141,6048,0.035140563
2141,6080,0.035027634
2142,0,0.0350038
2142,32,0.03508112
2142,64,0.035043813
2142,96,0.035071254
2142,128,0.03501342
2142,160,0.035069983
2142,192,0.035082445
2142,224,0.035153106
2142,256,0.035152923
2142,288,0.035008986
2142,320,0.03489779
2142,352,0.035052314
2142,384,0.03502485
2142,416,0.035007317
2142,448,0.03512164
2142,480,0.03482045
2142,512,0.0348765
2142,544,0.035058025
2142,576,0.035019267
2142,608,0.03495635
2142,640,0.03494413
2142,672,0.03500598
2142,704,0.03489383
2142,736,0.03500709
2142,768,0.035020974
2142,800,0.034884747
2142,832,0.034912698
2142,864,0.034925412
2142,896,0.034969423
2142,928,0.03489464
2142,960,0.03506044
2142,992,0.034989092
2142,1024,0.035019282
2142,1056,0.035096157
2142,1088,0.03502012
2142,1120,0.034849662
2142,1152,0.034826636
2142,1184,0.034821685
2142,1216,0.034882654
2142,1248,0.034836005
2142,1280,0.034868762
2142,1312,0.03492629
2142,1344,0.034959063
2142,1376,0.0348033
2142,1408,0.034925442
2142,1440,0.034900967
2142,1472,0.03492853
2142,1504,0.034850687
2142,1536,0.034972474
2142,1568,0.034878973
2142,1600,0.03484386
2142,1632,0.034938272
2142,1664,0.034881197
2142,1696,0.034919046
2142,1728,0.0348967
2142,1760,0.034911368
2142,1792,0.034939297
2142,1824,0.03486761
2142,1856,0.03496466
2142,1888,0.03491795
2142,1920,0.03489122
2142,1952,0.03483873
2142,1984,0.034862105
2142,2016,0.034813225
2142,2048,0.034952383
2142,2080,0.03478056
2142,2112,0.034693636
2142,2144,0.034968447
2142,2176,0.034780663
2142,2208,0.034779914
2142,2240,0.034956407
2142,2272,0.034862082
2142,2304,0.034727506
2142,2336,0.03477839
2142,2368,0.034880754
2142,2400,0.034834065
2142,2432,0.034926686
2142,2464,0.034863334
2142,2496,0.034993704
2142,2528,0.034943186
2142,2560,0.03482306
2142,2592,0.034832913
2142,2624,0.034852784
2142,2656,0.03484963
2142,2688,0.03482228
2142,2720,0.034715537
2142,2752,0.034795444
2142,2784,0.034880232
2142,2816,0.03489469
2142,2848,0.03471265
2142,2880,0.034779176
2142,2912,0.034743622
2142,2944,0.034719642
2142,2976,0.034851078
2142,3008,0.034779005
2142,3040,0.03475119
2142,3072,0.034888394
2142,3104,0.03473179
2142,3136,0.034695465
2142,3168,0.034842603
2142,3200,0.034813497
2142,3232,0.034782432
2142,3264,0.034693874
2142,3296,0.034760833
2142,3328,0.03485419
2142,3360,0.034789015
2142,3392,0.034799125
2142,3424,0.03468565
2142,3456,0.034771636
2142,3488,0.034674373
2142,3520,0.03478078
2142,3552,0.034801118
2142,3584,0.034827035
2142,3616,0.03480846
2142,3648,0.034817163
2142,3680,0.034765463
2142,3712,0.034704313
2142,3744,0.034798577
2142,3776,0.034700442
2142,3808,0.03506195
2142,3840,0.03502277
2142,3872,0.03504003
2142,3904,0.03505785
2142,3936,0.034920868
2142,3968,0.034989655
2142,4000,0.03491416
2142,4032,0.03495766
2142,4064,0.034946978
2142,4096,0.034811728
2142,4128,0.035029627
2142,4160,0.034887426
2142,4192,0.034879822
2142,4224,0.034885317
2142,4256,0.034947183
2142,4288,0.034943122
2142,4320,0.034846507
2142,4352,0.034971707
2142,4384,0.03483944
2142,4416,0.034995712
2142,4448,0.03488464
2142,4480,0.03496637
2142,4512,0.034795944
2142,4544,0.034859437
2142,4576,0.03501567
2142,4608,0.034801096
2142,4640,0.034947097
2142,4672,0.03483254
2142,4704,0.03505075
2142,4736,0.034850895
2142,4768,0.03477711
2142,4800,0.034982983
2142,4832,0.034951232
2142,4864,0.034949537
2142,4896,0.034898978
2142,4928,0.03497687
2142,4960,0.034985088
2142,4992,0.034789685
2142,5024,0.034809846
2142,5056,0.03494285
2142,5088,0.034867182
2142,5120,0.03481819
2142,5152,0.03471517
2142,5184,0.034763377
2142,5216,0.03489288
2142,5248,0.034878433
2142,5280,0.03473788
2142,5312,0.0347502
2142,5344,0.034806278
2142,5376,0.034792285
2142,5408,0.034801725
2142,5440,0.034743633
2142,5472,0.034791164
2142,5504,0.03479426
2142,5536,0.03477131
2142,5568,0.034716837
2142,5600,0.03475811
2142,5632,0.034758378
2142,5664,0.034810297
2142,5696,0.034861438
2142,5728,0.034790233
2142,5760,0.03473243
2142,5792,0.034937695
2142,5824,0.034694567
2142,5856,0.034755312
2142,5888,0.034727026
2142,5920,0.03471253
2142,5952,0.034726974
2142,5984,0.03477204
2142,6016,0.034656372
2142,6048,0.03473453
2142,6080,0.034807343
2143,0,0.03472329
2143,32,0.034836654
2143,64,0.034730356
2143,96,0.034717336
2143,128,0.03463222
2143,160,0.03473814
2143,192,0.03476718
2143,224,0.034652326
2143,256,0.0349311
2143,288,0.03480057
2143,320,0.034761764
2143,352,0.03482897
2143,384,0.034780517
2143,416,0.034662697
2143,448,0.034678336
2143,480,0.034754664
2143,512,0.03470325
2143,544,0.034674767
2143,576,0.03480881
2143,608,0.03460335
2143,640,0.03481623
2143,672,0.03475306
2143,704,0.034727763
2143,736,0.034606937
2143,768,0.034826387
2143,800,0.034805674
2143,832,0.034768317
2143,864,0.034691803
2143,896,0.034671653
2143,928,0.03464374
2143,960,0.034689657
2143,992,0.034669675
2143,1024,0.034729235
2143,1056,0.034671865
2143,1088,0.034652848
2143,1120,0.034722712
2143,1152,0.034653287
2143,1184,0.034656152
2143,1216,0.034657378
2143,1248,0.034692243
2143,1280,0.034621153
2143,1312,0.034654424
2143,1344,0.03458974
2143,1376,0.034537908
2143,1408,0.03461795
2143,1440,0.034629855
2143,1472,0.03451597
2143,1504,0.03472105
2143,1536,0.034629367
2143,1568,0.03480258
2143,1600,0.034699183
2143,1632,0.034701504
2143,1664,0.034681037
2143,1696,0.034597646
2143,1728,0.034604102
2143,1760,0.03449313
2143,1792,0.035248805
2143,1824,0.03512209
2143,1856,0.035048727
2143,1888,0.035035968
2143,1920,0.03509927
2143,1952,0.035158306
2143,1984,0.0351348
2143,2016,0.035182524
2143,2048,0.03507068
2143,2080,0.035056923
2143,2112,0.035113797
2143,2144,0.035081945
2143,2176,0.03501519
2143,2208,0.03506363
2143,2240,0.034988564
2143,2272,0.03509453
2143,2304,0.03519603
2143,2336,0.03505135
2143,2368,0.03499696
2143,2400,0.03495325
2143,2432,0.035240233
2143,2464,0.034977905
2143,2496,0.035126526
2143,2528,0.03501291
2143,2560,0.035086997
2143,2592,0.035040952
2143,2624,0.03496081
2143,2656,0.034950837
2143,2688,0.035041887
2143,2720,0.034997597
2143,2752,0.035105165
2143,2784,0.03506358
2143,2816,0.03503146
2143,2848,0.035016797
2143,2880,0.035113934
2143,2912,0.035151284
2143,2944,0.035020053
2143,2976,0.035122942
2143,3008,0.035036862
2143,3040,0.03497878
2143,3072,0.03495404
2143,3104,0.035080317
2143,3136,0.034902073
2143,3168,0.035016496
2143,3200,0.0349732
2143,3232,0.034992076
2143,3264,0.034842584
2143,3296,0.034982115
2143,3328,0.03506287
2143,3360,0.035052173
2143,3392,0.03492673
2143,3424,0.034852285
2143,3456,0.034992106
2143,3488,0.035000406
2143,3520,0.0350164
2143,3552,0.03501786
2143,3584,0.03508344
2143,3616,0.034938402
2143,3648,0.034912635
2143,3680,0.03495719
2143,3712,0.035073586
2143,3744,0.035001203
2143,3776,0.0350511
2143,3808,0.034918014
2143,3840,0.035038054
2143,3872,0.03498398
2143,3904,0.034982193
2143,3936,0.03499008
2143,3968,0.034967802
2143,4000,0.034836907
2143,4032,0.03491737
2143,4064,0.03506834
2143,4096,0.034960102
2143,4128,0.034997538
2143,4160,0.03499188
2143,4192,0.034893762
2143,4224,0.0349456
2143,4256,0.0349932
2143,4288,0.03490471
2143,4320,0.034875225
2143,4352,0.034902386
2143,4384,0.034805626
2143,4416,0.034902062
2143,4448,0.03498895
2143,4480,0.034950938
2143,4512,0.034885176
2143,4544,0.034999907
2143,4576,0.03477256
2143,4608,0.034832086
2143,4640,0.03496797
2143,4672,0.035003696
2143,4704,0.0348324
2143,4736,0.03482877
2143,4768,0.034866918
2143,4800,0.03493581
2143,4832,0.03480978
2143,4864,0.03489916
2143,4896,0.03495799
2143,4928,0.034836426
2143,4960,0.034737516
2143,4992,0.034889866
2143,5024,0.03478893
2143,5056,0.034909606
2143,5088,0.03486491
2143,5120,0.034950275
2143,5152,0.03477278
2143,5184,0.034811363
2143,5216,0.03475651
2143,5248,0.034921363
2143,5280,0.03492801
2143,5312,0.03483416
2143,5344,0.03490061
2143,5376,0.034868125
2143,5408,0.034778543
2143,5440,0.034842305
2143,5472,0.03482623
2143,5504,0.034871023
2143,5536,0.034888104
2143,5568,0.034814846
2143,5600,0.03485565
2143,5632,0.034859803
2143,5664,0.034890845
2143,5696,0.03477765
2143,5728,0.034801252
2143,5760,0.03488211
2143,5792,0.03494789
2143,5824,0.034777466
2143,5856,0.034731768
2143,5888,0.034525044
2143,5920,0.034602843
2143,5952,0.034574866
2143,5984,0.03450464
2143,6016,0.03455231
2143,6048,0.03463222
2143,6080,0.034571204
2144,0,0.034526583
2144,32,0.034475245
2144,64,0.03470425
2144,96,0.034509383
2144,128,0.034432977
2144,160,0.03443467
2144,192,0.034434546
2144,224,0.034463868
2144,256,0.034381934
2144,288,0.034581143
2144,320,0.034394827
2144,352,0.03450639
2144,384,0.034520112
2144,416,0.03456454
2144,448,0.03454844
2144,480,0.034614965
2144,512,0.03447082
2144,544,0.03450403
2144,576,0.034421347
2144,608,0.034401577
2144,640,0.034433056
2144,672,0.03450346
2144,704,0.034433704
2144,736,0.034386437
2144,768,0.034517534
2144,800,0.03449467
2144,832,0.03443879
2144,864,0.03449502
2144,896,0.03443345
2144,928,0.034439445
2144,960,0.03458342
2144,992,0.0343958
2144,1024,0.034316164
2144,1056,0.034433447
2144,1088,0.034451522
2144,1120,0.034436192
2144,1152,0.034514327
2144,1184,0.034375172
2144,1216,0.034424946
2144,1248,0.03434596
2144,1280,0.034305856
2144,1312,0.03448766
2144,1344,0.03432779
2144,1376,0.03440042
2144,1408,0.03440946
2144,1440,0.034304123
2144,1472,0.0343355
2144,1504,0.03434729
2144,1536,0.03433269
2144,1568,0.03430563
2144,1600,0.03447551
2144,1632,0.03444915
2144,1664,0.034294836
2144,1696,0.03437843
2144,1728,0.03429813
2144,1760,0.034467954
2144,1792,0.034350913
2144,1824,0.03427571
2144,1856,0.034349747
2144,1888,0.03436235
2144,1920,0.034181066
2144,1952,0.034362536
2144,1984,0.034387257
2144,2016,0.03430736
2144,2048,0.034371924
2144,2080,0.03426525
2144,2112,0.03432737
2144,2144,0.034309268
2144,2176,0.034291323
2144,2208,0.03434451
2144,2240,0.03437455
2144,2272,0.034373667
2144,2304,0.034245953
2144,2336,0.03425522
2144,2368,0.034415446
2144,2400,0.034342263
2144,2432,0.03434568
2144,2464,0.034160934
2144,2496,0.034235895
2144,2528,0.03430129
2144,2560,0.03439332
2144,2592,0.034278266
2144,2624,0.034331545
2144,2656,0.03429892
2144,2688,0.034342866
2144,2720,0.034238733
2144,2752,0.034307357
2144,2784,0.034183584
2144,2816,0.034469258
2144,2848,0.034285713
2144,2880,0.034267623
2144,2912,0.034324173
2144,2944,0.03424162
2144,2976,0.03430001
2144,3008,0.03432135
2144,3040,0.034200937
2144,3072,0.03418658
2144,3104,0.03419963
2144,3136,0.034426257
2144,3168,0.034237806
2144,3200,0.0342028
2144,3232,0.03412864
2144,3264,0.034294944
2144,3296,0.03422206
2144,3328,0.034231387
2144,3360,0.034237895
2144,3392,0.034397155
2144,3424,0.03433641
2144,3456,0.034191173
2144,3488,0.0342675
2144,3520,0.034282155
2144,3552,0.03436696
2144,3584,0.03432381
2144,3616,0.034260243
2144,3648,0.034266703
2144,3680,0.0342711
2144,3712,0.03406599
2144,3744,0.034099765
2144,3776,0.034242578
2144,3808,0.034208953
2144,3840,0.034102846
2144,3872,0.03466995
2144,3904,0.03471314
2144,3936,0.03467124
2144,3968,0.034736093
2144,4000,0.034767564
2144,4032,0.034777854
2144,4064,0.034754734
2144,4096,0.034773216
2144,4128,0.03467608
2144,4160,0.03484525
2144,4192,0.034639265
2144,4224,0.034608305
2144,4256,0.03464064
2144,4288,0.034638796
2144,4320,0.0345979
2144,4352,0.034802664
2144,4384,0.034590837
2144,4416,0.034784187
2144,4448,0.03467936
2144,4480,0.0346554
2144,4512,0.03463753
2144,4544,0.034678686
2144,4576,0.034569845
2144,4608,0.034583785
2144,4640,0.034663122
2144,4672,0.034569934
2144,4704,0.03470323
2144,4736,0.034654494
2144,4768,0.034775015
2144,4800,0.03459049
2144,4832,0.034686517
2144,4864,0.034725767
2144,4896,0.03456215
2144,4928,0.03475098
2144,4960,0.034540694
2144,4992,0.034510057
2144,5024,0.03459878
2144,5056,0.034549914
2144,5088,0.034733865
2144,5120,0.034478676
2144,5152,0.034498885
2144,5184,0.034534004
2144,5216,0.03457308
2144,5248,0.034557424
2144,5280,0.03451695
2144,5312,0.034524493
2144,5344,0.034552883
2144,5376,0.034516186
2144,5408,0.034591727
2144,5440,0.034726847
2144,5472,0.034711197
2144,5504,0.03457819
2144,5536,0.034456383
2144,5568,0.034614947
2144,5600,0.034548998
2144,5632,0.0344463
2144,5664,0.034746375
2144,5696,0.034518614
2144,5728,0.03453779
2144,5760,0.0346708
2144,5792,0.034603003
2144,5824,0.03457318
2144,5856,0.034486942
2144,5888,0.034468066
2144,5920,0.03451242
2144,5952,0.03461118
2144,5984,0.034604087
2144,6016,0.03450497
2144,6048,0.03441175
2144,6080,0.034476914
2145,0,0.03459127
2145,32,0.03448539
2145,64,0.034480505
2145,96,0.034684356
2145,128,0.034508042
2145,160,0.034515288
2145,192,0.03459948
2145,224,0.0344281
2145,256,0.034524687
2145,288,0.03461914
2145,320,0.03448174
2145,352,0.034506086
2145,384,0.034409158
2145,416,0.034498863
2145,448,0.03443784
2145,480,0.0345975
2145,512,0.034521796
2145,544,0.034355763
2145,576,0.03454368
2145,608,0.034539133
2145,640,0.034455426
2145,672,0.034463216
2145,704,0.034458738
2145,736,0.0345288
2145,768,0.03450283
2145,800,0.034522932
2145,832,0.03443944
2145,864,0.034483034
2145,896,0.034527402
2145,928,0.03442778
2145,960,0.0343957
2145,992,0.03444305
2145,1024,0.034428794
2145,1056,0.034456573
2145,1088,0.034282528
2145,1120,0.03440612
2145,1152,0.034411546
2145,1184,0.034434434
2145,1216,0.03444723
2145,1248,0.034486923
2145,1280,0.034448378
2145,1312,0.034478385
2145,1344,0.034442544
2145,1376,0.034460142
2145,1408,0.034441043
2145,1440,0.03438476
2145,1472,0.034415442
2145,1504,0.034433935
2145,1536,0.03432535
2145,1568,0.034398668
2145,1600,0.034415606
2145,1632,0.034391925
2145,1664,0.034465883
2145,1696,0.034511838
2145,1728,0.034346987
2145,1760,0.034439493
2145,1792,0.03444531
2145,1824,0.034291424
2145,1856,0.034959435
2145,1888,0.035242554
2145,1920,0.035232745
2145,1952,0.03525092
2145,1984,0.035122864
2145,2016,0.03520085
2145,2048,0.035136815
2145,2080,0.03529178
2145,2112,0.035217717
2145,2144,0.035134915
2145,2176,0.035177097
2145,2208,0.035337236
2145,2240,0.03525483
2145,2272,0.03532212
2145,2304,0.035291348
2145,2336,0.035258498
2145,2368,0.03514232
2145,2400,0.03514482
2145,2432,0.03530779
2145,2464,0.035145726
2145,2496,0.03503381
2145,2528,0.035117414
2145,2560,0.03500849
2145,2592,0.035105493
2145,2624,0.035222508
2145,2656,0.035150472
2145,2688,0.03513559
2145,2720,0.035281546
2145,2752,0.035176586
2145,2784,0.035200078
2145,2816,0.035214264
2145,2848,0.035090018
2145,2880,0.03496026
2145,2912,0.035115857
2145,2944,0.03512524
2145,2976,0.03506093
2145,3008,0.035169255
2145,3040,0.0350011
2145,3072,0.03520442
2145,3104,0.035007823
2145,3136,0.035198312
2145,3168,0.03504493
2145,3200,0.035010137
2145,3232,0.035166945
2145,3264,0.035085972
2145,3296,0.035110176
2145,3328,0.035079844
2145,3360,0.035147857
2145,3392,0.035061974
2145,3424,0.035175066
2145,3456,0.035049144
2145,3488,0.034974683
2145,3520,0.035128646
2145,3552,0.035072416
2145,3584,0.03509066
2145,3616,0.035044406
2145,3648,0.035016432
2145,3680,0.03494617
2145,3712,0.0349466
2145,3744,0.035048593
2145,3776,0.03504306
2145,3808,0.03500359
2145,3840,0.03520204
2145,3872,0.034928013
2145,3904,0.035097856
2145,3936,0.034908064
2145,3968,0.03494221
2145,4000,0.03490562
2145,4032,0.034900386
2145,4064,0.03493451
2145,4096,0.034921877
2145,4128,0.035070736
2145,4160,0.03500256
2145,4192,0.03506474
2145,4224,0.0350656
2145,4256,0.03497433
2145,4288,0.035020195
2145,4320,0.03511614
2145,4352,0.034995355
2145,4384,0.034924757
2145,4416,0.034900438
2145,4448,0.034977004
2145,4480,0.03492807
2145,4512,0.03498849
2145,4544,0.035025515
2145,4576,0.035023175
2145,4608,0.03497599
2145,4640,0.03495404
2145,4672,0.03500082
2145,4704,0.034975603
2145,4736,0.034966063
2145,4768,0.03516397
2145,4800,0.034921754
2145,4832,0.034923743
2145,4864,0.035097294
2145,4896,0.03502775
2145,4928,0.034937847
2145,4960,0.0349601
2145,4992,0.03505143
2145,5024,0.03490369
2145,5056,0.03496765
2145,5088,0.035104346
2145,5120,0.03493366
2145,5152,0.035019223
2145,5184,0.03492123
2145,5216,0.03492794
2145,5248,0.03496479
2145,5280,0.034877118
2145,5312,0.03498398
2145,5344,0.034889176
2145,5376,0.034922525
2145,5408,0.03490411
2145,5440,0.03485417
2145,5472,0.034974486
2145,5504,0.034937482
2145,5536,0.034883603
2145,5568,0.034865703
2145,5600,0.034870982
2145,5632,0.034915984
2145,5664,0.034928266
2145,5696,0.034770835
2145,5728,0.03484779
2145,5760,0.034846716
2145,5792,0.034833997
2145,5824,0.03479685
2145,5856,0.034895092
2145,5888,0.0348409
2145,5920,0.034930833
2145,5952,0.03481509
2145,5984,0.034643143
2145,6016,0.034517497
2145,6048,0.034672834
2145,6080,0.034598216
2146,0,0.03461475
2146,32,0.034694817
2146,64,0.0346206
2146,96,0.034595754
2146,128,0.034703154
2146,160,0.034441855
2146,192,0.03461439
2146,224,0.03455142
2146,256,0.03462459
2146,288,0.034597304
2146,320,0.03449992
2146,352,0.03466952
2146,384,0.034622498
2146,416,0.03447117
2146,448,0.03455253
2146,480,0.034590047
2146,512,0.034659587
2146,544,0.034503113
2146,576,0.034564376
2146,608,0.034498665
2146,640,0.034648675
2146,672,0.03446361
2146,704,0.0344373
2146,736,0.034519974
2146,768,0.03444726
2146,800,0.034604758
2146,832,0.034457125
2146,864,0.034535106
2146,896,0.03444198
2146,928,0.034548607
2146,960,0.03453787
2146,992,0.03461055
2146,1024,0.034561038
2146,1056,0.034460686
2146,1088,0.03447894
2146,1120,0.034400932
2146,1152,0.034529902
2146,1184,0.034340717
2146,1216,0.034474116
2146,1248,0.03451003
2146,1280,0.0344249
2146,1312,0.034437057
2146,1344,0.034527753
2146,1376,0.03448967
2146,1408,0.03438784
2146,1440,0.034595814
2146,1472,0.034388337
2146,1504,0.034380205
2146,1536,0.034445867
2146,1568,0.03443746
2146,1600,0.034409113
2146,1632,0.0344679
2146,1664,0.03454596
2146,1696,0.03454669
2146,1728,0.03452379
2146,1760,0.03444934
2146,1792,0.034489516
2146,1824,0.034342885
2146,1856,0.034541458
2146,1888,0.034569804
2146,1920,0.034341104
2146,1952,0.03438326
2146,1984,0.0343715
2146,2016,0.03436486
2146,2048,0.03440429
2146,2080,0.03446041
2146,2112,0.034463733
2146,2144,0.034500685
2146,2176,0.03444571
2146,2208,0.034498084
2146,2240,0.034316614
2146,2272,0.034272023
2146,2304,0.0343925
2146,2336,0.034401342
2146,2368,0.034394518
2146,2400,0.034460437
2146,2432,0.03446292
2146,2464,0.034252178
2146,2496,0.0343393
2146,2528,0.03436601
2146,2560,0.03437254
2146,2592,0.034387268
2146,2624,0.03432414
2146,2656,0.034481965
2146,2688,0.03437719
2146,2720,0.034313805
2146,2752,0.03430947
2146,2784,0.034397017
2146,2816,0.03459607
2146,2848,0.034459174
2146,2880,0.03432441
2146,2912,0.034300767
2146,2944,0.034517784
2146,2976,0.034315605
2146,3008,0.03448817
2146,3040,0.03438971
2146,3072,0.03436838
2146,3104,0.034312595
2146,3136,0.03431931
2146,3168,0.0343217
2146,3200,0.03426698
2146,3232,0.034339402
2146,3264,0.034286406
2146,3296,0.034264892
2146,3328,0.03421091
2146,3360,0.034244157
2146,3392,0.034246735
2146,3424,0.034308843
2146,3456,0.034384664
2146,3488,0.034270473
2146,3520,0.034276623
2146,3552,0.034241144
2146,3584,0.03433385
2146,3616,0.034329053
2146,3648,0.034327906
2146,3680,0.034315504
2146,3712,0.034330867
2146,3744,0.034209415
2146,3776,0.034496613
2146,3808,0.034316294
2146,3840,0.034208618
2146,3872,0.03432068
2146,3904,0.034283046
2146,3936,0.034446806
2146,3968,0.03490012
2146,4000,0.03482785
2146,4032,0.03491181
2146,4064,0.03482747
2146,4096,0.034769714
2146,4128,0.034803312
2146,4160,0.034797177
2146,4192,0.03485199
2146,4224,0.034683622
2146,4256,0.034696892
2146,4288,0.034872312
2146,4320,0.03477469
2146,4352,0.034717474
2146,4384,0.034809675
2146,4416,0.03475742
2146,4448,0.03467513
2146,4480,0.03482893
2146,4512,0.03469117
2146,4544,0.03478957
2146,4576,0.034712367
2146,4608,0.03471768
2146,4640,0.03465777
2146,4672,0.03480094
2146,4704,0.0346374
2146,4736,0.034763422
2146,4768,0.034748595
2146,4800,0.034777585
2146,4832,0.034716003
2146,4864,0.03469942
2146,4896,0.03478253
2146,4928,0.034838744
2146,4960,0.03475935
2146,4992,0.03464152
2146,5024,0.034629416
2146,5056,0.034689877
2146,5088,0.03470585
2146,5120,0.034691118
2146,5152,0.03463991
2146,5184,0.034593377
2146,5216,0.034731932
2146,5248,0.034604758
2146,5280,0.034512565
2146,5312,0.03461381
2146,5344,0.034745146
2146,5376,0.034679275
2146,5408,0.034576286
2146,5440,0.03451304
2146,5472,0.03471099
2146,5504,0.034563012
2146,5536,0.034531448
2146,5568,0.034643702
2146,5600,0.034603175
2146,5632,0.034657165
2146,5664,0.034667525
2146,5696,0.03456032
2146,5728,0.034613755
2146,5760,0.034349106
2146,5792,0.034670055
2146,5824,0.03461446
2146,5856,0.034624845
2146,5888,0.0346572
2146,5920,0.03474535
2146,5952,0.034584
2146,5984,0.034547646
2146,6016,0.03461425
2146,6048,0.034619436
2146,6080,0.03451311
2147,0,0.034515608
2147,32,0.034578145
2147,64,0.03448972
2147,96,0.034498822
2147,128,0.03457676
2147,160,0.03456087
2147,192,0.034502666
2147,224,0.034650408
2147,256,0.034497645
2147,288,0.0346312
2147,320,0.03468709
2147,352,0.034528296
2147,384,0.03465826
2147,416,0.034592614
2147,448,0.034520525
2147,480,0.03458398
2147,512,0.03466401
2147,544,0.0345381
2147,576,0.03459081
2147,608,0.03459545
2147,640,0.034691367
2147,672,0.034464978
2147,704,0.03472878
2147,736,0.0346851
2147,768,0.034551255
2147,800,0.03443851
2147,832,0.034478
2147,864,0.034622096
2147,896,0.034593854
2147,928,0.034647565
2147,960,0.03457559
2147,992,0.034586776
2147,1024,0.034500606
2147,1056,0.0344889
2147,1088,0.034506414
2147,1120,0.034438547
2147,1152,0.03457204
2147,1184,0.03455203
2147,1216,0.034620278
2147,1248,0.034539517
2147,1280,0.034569196
2147,1312,0.034516603
2147,1344,0.034552425
2147,1376,0.034495227
2147,1408,0.034553956
2147,1440,0.03450916
2147,1472,0.03450002
2147,1504,0.034481086
2147,1536,0.0344592
2147,1568,0.034483198
2147,1600,0.03452652
2147,1632,0.034418546
2147,1664,0.034519993
2147,1696,0.03443232
2147,1728,0.034507863
2147,1760,0.034438774
2147,1792,0.03441813
2147,1824,0.034459822
2147,1856,0.03445546
2147,1888,0.03449007
2147,1920,0.03450195
2147,1952,0.034511656
2147,1984,0.034624644
2147,2016,0.034649346
2147,2048,0.03455698
2147,2080,0.034752447
2147,2112,0.034584012
2147,2144,0.034531955
2147,2176,0.034400053
2147,2208,0.034449477
2147,2240,0.034578715
2147,2272,0.034636065
2147,2304,0.03457431
2147,2336,0.034552492
2147,2368,0.034499727
2147,2400,0.034536578
2147,2432,0.03444558
2147,2464,0.03454273
2147,2496,0.034466144
2147,2528,0.0343214
2147,2560,0.034486175
2147,2592,0.0345702
2147,2624,0.03457237
2147,2656,0.034386944
2147,2688,0.03449128
2147,2720,0.034438882
2147,2752,0.034509685
2147,2784,0.034532133
2147,2816,0.034480028
2147,2848,0.03454263
2147,2880,0.034506492
2147,2912,0.03448297
2147,2944,0.034469895
2147,2976,0.034554813
2147,3008,0.0343254
2147,3040,0.03446564
2147,3072,0.034477998
2147,3104,0.03450276
2147,3136,0.034301635
2147,3168,0.03451005
2147,3200,0.034372177
2147,3232,0.034455847
2147,3264,0.03456755
2147,3296,0.034449656
2147,3328,0.03449841
2147,3360,0.034400247
2147,3392,0.03438982
2147,3424,0.034477927
2147,3456,0.034467317
2147,3488,0.034420133
2147,3520,0.034436245
2147,3552,0.034412798
2147,3584,0.034348376
2147,3616,0.0343156
2147,3648,0.03427374
2147,3680,0.034529395
2147,3712,0.0342882
2147,3744,0.034363635
2147,3776,0.034371004
2147,3808,0.034413792
2147,3840,0.03433111
2147,3872,0.034419607
2147,3904,0.03437694
2147,3936,0.03432046
2147,3968,0.03445104
2147,4000,0.034365945
2147,4032,0.034406822
2147,4064,0.03445646
2147,4096,0.034441464
2147,4128,0.034261696
2147,4160,0.034394883
2147,4192,0.034396622
2147,4224,0.034437872
2147,4256,0.0344324
2147,4288,0.0341921
2147,4320,0.03436087
2147,4352,0.034409013
2147,4384,0.034291003
2147,4416,0.034349173
2147,4448,0.034346476
2147,4480,0.034315277
2147,4512,0.034278933
2147,4544,0.034406215
2147,4576,0.034321498
2147,4608,0.034460753
2147,4640,0.03428084
2147,4672,0.034367304
2147,4704,0.03428663
2147,4736,0.034238353
2147,4768,0.034302622
2147,4800,0.034463275
2147,4832,0.0343986
2147,4864,0.03445258
2147,4896,0.034223374
2147,4928,0.034300424
2147,4960,0.034410957
2147,4992,0.0342264
2147,5024,0.034311738
2147,5056,0.034180637
2147,5088,0.034334105
2147,5120,0.034067288
2147,5152,0.034243044
2147,5184,0.034409653
2147,5216,0.034423854
2147,5248,0.03436771
2147,5280,0.034281075
2147,5312,0.034138884
2147,5344,0.034305558
2147,5376,0.034204073
2147,5408,0.034311216
2147,5440,0.034247722
2147,5472,0.034307662
2147,5504,0.034126457
2147,5536,0.034184128
2147,5568,0.034275163
2147,5600,0.03423742
2147,5632,0.03430518
2147,5664,0.034230247
2147,5696,0.03420698
2147,5728,0.034260705
2147,5760,0.034188714
2147,5792,0.034352865
2147,5824,0.034222048
2147,5856,0.03436922
2147,5888,0.03429788
2147,5920,0.034177363
2147,5952,0.03416627
2147,5984,0.03432891
2147,6016,0.034153253
2147,6048,0.035178687
2147,6080,0.035114817
2148,0,0.035067275
2148,32,0.03515552
2148,64,0.035144694
2148,96,0.03519271
2148,128,0.03514719
2148,160,0.035248287
2148,192,0.034999665
2148,224,0.035230868
2148,256,0.034977525
2148,288,0.03508038
2148,320,0.035087463
2148,352,0.03497103
2148,384,0.03509367
2148,416,0.03508829
2148,448,0.035139605
2148,480,0.03501357
2148,512,0.035148896
2148,544,0.035142843
2148,576,0.035148516
2148,608,0.035115376
2148,640,0.03522022
2148,672,0.03499131
2148,704,0.035005067
2148,736,0.035061847
2148,768,0.035045
2148,800,0.035051305
2148,832,0.035003982
2148,864,0.03498359
2148,896,0.03501956
2148,928,0.034879886
2148,960,0.035034575
2148,992,0.03483794
2148,1024,0.034899168
2148,1056,0.03491217
2148,1088,0.035072476
2148,1120,0.03510791
2148,1152,0.034965117
2148,1184,0.034940004
2148,1216,0.035055853
2148,1248,0.03501927
2148,1280,0.035080664
2148,1312,0.035020303
2148,1344,0.03492523
2148,1376,0.0350115
2148,1408,0.034873165
2148,1440,0.03485854
2148,1472,0.03504658
2148,1504,0.03493935
2148,1536,0.034914948
2148,1568,0.03493408
2148,1600,0.034958664
2148,1632,0.034999385
2148,1664,0.03491433
2148,1696,0.03503858
2148,1728,0.035081316
2148,1760,0.035016634
2148,1792,0.03504511
2148,1824,0.03504785
2148,1856,0.03485778
2148,1888,0.034808736
2148,1920,0.034941476
2148,1952,0.034928106
2148,1984,0.034925565
2148,2016,0.035058305
2148,2048,0.034962773
2148,2080,0.034888003
2148,2112,0.03487081
2148,2144,0.035033405
2148,2176,0.034882665
2148,2208,0.0350701
2148,2240,0.034858707
2148,2272,0.03481898
2148,2304,0.035043765
2148,2336,0.034833748
2148,2368,0.035083983
2148,2400,0.034934744
2148,2432,0.034839954
2148,2464,0.035033785
2148,2496,0.03480425
2148,2528,0.034940537
2148,2560,0.03502038
2148,2592,0.034661222
2148,2624,0.03490203
2148,2656,0.03480677
2148,2688,0.034892093
2148,2720,0.034932867
2148,2752,0.034775395
2148,2784,0.03495395
2148,2816,0.034988258
2148,2848,0.034913
2148,2880,0.034884244
2148,2912,0.03488225
2148,2944,0.035034936
2148,2976,0.034907956
2148,3008,0.03483359
2148,3040,0.034852564
2148,3072,0.03482733
2148,3104,0.03485581
2148,3136,0.03493646
2148,3168,0.034882884
2148,3200,0.034786683
2148,3232,0.03485176
2148,3264,0.0348729
2148,3296,0.03486012
2148,3328,0.034885097
2148,3360,0.034963444
2148,3392,0.034979623
2148,3424,0.034870107
2148,3456,0.034857616
2148,3488,0.034613814
2148,3520,0.03481614
2148,3552,0.034852248
2148,3584,0.034738492
2148,3616,0.034822002
2148,3648,0.03480401
2148,3680,0.0348782
2148,3712,0.034828536
2148,3744,0.03481774
2148,3776,0.03473936
2148,3808,0.034890063
2148,3840,0.034717355
2148,3872,0.034807097
2148,3904,0.0348056
2148,3936,0.034915026
2148,3968,0.034802478
2148,4000,0.034950987
2148,4032,0.034918655
2148,4064,0.034699842
2148,4096,0.034841057
2148,4128,0.034874264
2148,4160,0.034821175
2148,4192,0.034936547
2148,4224,0.03482509
2148,4256,0.03493679
2148,4288,0.034905534
2148,4320,0.03501053
2148,4352,0.034793984
2148,4384,0.03480576
2148,4416,0.03483383
2148,4448,0.034879763
2148,4480,0.034776065
2148,4512,0.034807414
2148,4544,0.03484041
2148,4576,0.034746356
2148,4608,0.03469123
2148,4640,0.034921724
2148,4672,0.03481017
2148,4704,0.03478229
2148,4736,0.03479434
2148,4768,0.034708668
2148,4800,0.03475022
2148,4832,0.03469796
2148,4864,0.034646872
2148,4896,0.034881495
2148,4928,0.034675226
2148,4960,0.034743972
2148,4992,0.034665104
2148,5024,0.0348953
2148,5056,0.034819413
2148,5088,0.03464322
2148,5120,0.03483196
2148,5152,0.034590572
2148,5184,0.034774903
2148,5216,0.03462231
2148,5248,0.034609314
2148,5280,0.034674853
2148,5312,0.03479495
2148,5344,0.03478831
2148,5376,0.034746192
2148,5408,0.034737833
2148,5440,0.034710616
2148,5472,0.03471784
2148,5504,0.034614567
2148,5536,0.034751397
2148,5568,0.03477506
2148,5600,0.034744035
2148,5632,0.03464607
2148,5664,0.03456281
2148,5696,0.034613527
2148,5728,0.034720693
2148,5760,0.03458954
2148,5792,0.034732822
2148,5824,0.034671046
2148,5856,0.034725145
2148,5888,0.034729075
2148,5920,0.034684427
2148,5952,0.034671634
2148,5984,0.03469286
2148,6016,0.034668252
2148,6048,0.034724265
2148,6080,0.034856543
2149,0,0.034666274
2149,32,0.034564883
2149,64,0.03476885
2149,96,0.034670606
2149,128,0.03457492
2149,160,0.034691896
2149,192,0.03480545
2149,224,0.034591172
2149,256,0.034589138
2149,288,0.034720045
2149,320,0.03465977
2149,352,0.034624018
2149,384,0.03450856
2149,416,0.034810435
2149,448,0.03462437
2149,480,0.0346235
2149,512,0.0347094
2149,544,0.034598343
2149,576,0.034579296
2149,608,0.034693956
2149,640,0.034655284
2149,672,0.03468095
2149,704,0.03451921
2149,736,0.034710042
2149,768,0.034770098
2149,800,0.0345904
2149,832,0.03453871
2149,864,0.034649856
2149,896,0.03464724
2149,928,0.034657005
2149,960,0.034577224
2149,992,0.034513846
2149,1024,0.03454595
2149,1056,0.034569442
2149,1088,0.034649964
2149,1120,0.034486353
2149,1152,0.034608074
2149,1184,0.034710974
2149,1216,0.03464928
2149,1248,0.034595363
2149,1280,0.034593347
2149,1312,0.03459881
2149,1344,0.034615215
2149,1376,0.03463302
2149,1408,0.034585208
2149,1440,0.03462535
2149,1472,0.034591652
2149,1504,0.03451285
2149,1536,0.03454593
2149,1568,0.034547344
2149,1600,0.03452842
2149,1632,0.034616593
2149,1664,0.034434248
2149,1696,0.03443628
2149,1728,0.034411598
2149,1760,0.03452645
2149,1792,0.034462474
2149,1824,0.03453223
2149,1856,0.034459725
2149,1888,0.03460554
2149,1920,0.034556463
2149,1952,0.034587402
2149,1984,0.03455588
2149,2016,0.03499274
2149,2048,0.035421595
2149,2080,0.03544614
2149,2112,0.035408743
2149,2144,0.035484076
2149,2176,0.035355996
2149,2208,0.035346437
2149,2240,0.03539237
2149,2272,0.035381842
2149,2304,0.03547054
2149,2336,0.03546687
2149,2368,0.035439115
2149,2400,0.035449263
2149,2432,0.035478372
2149,2464,0.03541805
2149,2496,0.03546204
2149,2528,0.035496417
2149,2560,0.03537448
2149,2592,0.035344142
2149,2624,0.03539147
2149,2656,0.03546096
2149,2688,0.035405844
2149,2720,0.035429925
2149,2752,0.03538354
2149,2784,0.03532317
2149,2816,0.035440963
2149,2848,0.0354102
2149,2880,0.035485815
2149,2912,0.035402
2149,2944,0.035421737
2149,2976,0.035276983
2149,3008,0.035404414
2149,3040,0.03539414
2149,3072,0.035430696
2149,3104,0.035430703
2149,3136,0.035432946
2149,3168,0.035340086
2149,3200,0.035288878
2149,3232,0.03530738
2149,3264,0.035190344
2149,3296,0.035509683
2149,3328,0.035361134
2149,3360,0.035344858
2149,3392,0.03534805
2149,3424,0.035329904
2149,3456,0.035508938
2149,3488,0.035282154
2149,3520,0.03528582
2149,3552,0.035381645
2149,3584,0.035324965
2149,3616,0.035334032
2149,3648,0.035305023
2149,3680,0.03517826
2149,3712,0.035244543
2149,3744,0.03522723
2149,3776,0.03538767
2149,3808,0.03521249
2149,3840,0.03537827
2149,3872,0.035269946
2149,3904,0.03536564
2149,3936,0.035393346
2149,3968,0.03521159
2149,4000,0.035332814
2149,4032,0.035271045
2149,4064,0.035236437
2149,4096,0.035226256
2149,4128,0.035398357
2149,4160,0.03534173
2149,4192,0.035304893
2149,4224,0.03530179
2149,4256,0.035362802
2149,4288,0.035317075
2149,4320,0.035206404
2149,4352,0.035175744
2149,4384,0.03525036
2149,4416,0.035373434
2149,4448,0.03526682
2149,4480,0.03528902
2149,4512,0.035184905
2149,4544,0.035214767
2149,4576,0.03521991
2149,4608,0.035130747
2149,4640,0.0353402
2149,4672,0.035195302
2149,4704,0.035143033
2149,4736,0.03520626
2149,4768,0.035361394
2149,4800,0.03520796
2149,4832,0.035209972
2149,4864,0.03527825
2149,4896,0.035348553
2149,4928,0.035238057
2149,4960,0.03519588
2149,4992,0.03522261
2149,5024,0.03517873
2149,5056,0.035357486
2149,5088,0.03527696
2149,5120,0.0351761
2149,5152,0.035227563
2149,5184,0.03525934
2149,5216,0.035140827
2149,5248,0.0352138
2149,5280,0.035187695
2149,5312,0.035190366
2149,5344,0.035252135
2149,5376,0.035202198
2149,5408,0.03529169
2149,5440,0.035105776
2149,5472,0.035252906
2149,5504,0.035298925
2149,5536,0.035129655
2149,5568,0.03520866
2149,5600,0.035179593
2149,5632,0.035080142
2149,5664,0.03514062
2149,5696,0.03524891
2149,5728,0.035154793
2149,5760,0.03508555
2149,5792,0.035287704
2149,5824,0.035303745
2149,5856,0.035157986
2149,5888,0.035131186
2149,5920,0.035253473
2149,5952,0.03514991
2149,5984,0.035160713
2149,6016,0.035099797
2149,6048,0.0351787
2149,6080,0.035190947
2150,0,0.035091165
2150,32,0.035195988
2150,64,0.035209402
2150,96,0.035165828
2150,128,0.035107456
2150,160,0.03525725
2150,192,0.035087213
2150,224,0.035089977
2150,256,0.03507024
2150,288,0.035021856
2150,320,0.03512617
2150,352,0.034934964
2150,384,0.03500427
2150,416,0.035063457
2150,448,0.03494363
2150,480,0.035029955
2150,512,0.035106666
2150,544,0.03513966
2150,576,0.035214156
2150,608,0.03516642
2150,640,0.035067894
2150,672,0.035022017
2150,704,0.0351275
2150,736,0.034997046
2150,768,0.035010595
2150,800,0.035016816
2150,832,0.034986593
2150,864,0.03503062
2150,896,0.03500843
2150,928,0.0350548
2150,960,0.034870606
2150,992,0.035093203
2150,1024,0.03498123
2150,1056,0.035215568
2150,1088,0.034972303
2150,1120,0.035000455
2150,1152,0.035000473
2150,1184,0.035007294
2150,1216,0.034929976
2150,1248,0.03491809
2150,1280,0.03503921
2150,1312,0.035010293
2150,1344,0.034891754
2150,1376,0.035014775
2150,1408,0.034994755
2150,1440,0.03512347
2150,1472,0.034955166
2150,1504,0.03497043
2150,1536,0.03489674
2150,1568,0.03498839
2150,1600,0.03500627
2150,1632,0.035077915
2150,1664,0.03487878
2150,1696,0.034993436
2150,1728,0.034840062
2150,1760,0.034914978
2150,1792,0.034966424
2150,1824,0.03502013
2150,1856,0.035033613
2150,1888,0.034983076
2150,1920,0.03496611
2150,1952,0.0349284
2150,1984,0.03492859
2150,2016,0.034953583
2150,2048,0.034816213
2150,2080,0.035036776
2150,2112,0.034961805
2150,2144,0.03490508
2150,2176,0.034873247
2150,2208,0.03488531
2150,2240,0.034972105
2150,2272,0.034971893
2150,2304,0.034933776
2150,2336,0.034960467
2150,2368,0.03503183
2150,2400,0.03483702
2150,2432,0.03486375
2150,2464,0.03487157
2150,2496,0.03489051
2150,2528,0.034925487
2150,2560,0.034902956
2150,2592,0.034886446
2150,2624,0.03503091
2150,2656,0.034812775
2150,2688,0.03478166
2150,2720,0.035054058
2150,2752,0.03490313
2150,2784,0.034984253
2150,2816,0.034871355
2150,2848,0.034971274
2150,2880,0.03481638
2150,2912,0.034875847
2150,2944,0.03489429
2150,2976,0.034849845
2150,3008,0.035007376
2150,3040,0.03492116
2150,3072,0.03482363
2150,3104,0.03480638
2150,3136,0.03480372
2150,3168,0.034763567
2150,3200,0.034850273
2150,3232,0.034890436
2150,3264,0.034835313
2150,3296,0.034762956
2150,3328,0.034839123
2150,3360,0.034822714
2150,3392,0.034913853
2150,3424,0.034907456
2150,3456,0.034776878
2150,3488,0.034801032
2150,3520,0.034939382
2150,3552,0.034996606
2150,3584,0.034780063
2150,3616,0.03481089
2150,3648,0.034828324
2150,3680,0.034895387
2150,3712,0.034928847
2150,3744,0.034917045
2150,3776,0.034773722
2150,3808,0.034860235
2150,3840,0.034738764
2150,3872,0.034828275
2150,3904,0.034780283
2150,3936,0.03482359
2150,3968,0.034837194
2150,4000,0.034851603
2150,4032,0.034737676
2150,4064,0.034838405
2150,4096,0.035105262
2150,4128,0.03543566
2150,4160,0.03527544
2150,4192,0.03538107
2150,4224,0.035478268
2150,4256,0.03546382
2150,4288,0.035490006
2150,4320,0.035396934
2150,4352,0.035341065
2150,4384,0.035333697
2150,4416,0.035454888
2150,4448,0.0353968
2150,4480,0.035418566
2150,4512,0.035372887
2150,4544,0.035506338
2150,4576,0.035369113
2150,4608,0.03540381
2150,4640,0.035370976
2150,4672,0.03544346
2150,4704,0.035226565
2150,4736,0.03535401
2150,4768,0.035399713
2150,4800,0.035391696
2150,4832,0.03546185
2150,4864,0.035250437
2150,4896,0.035388693
2150,4928,0.035395645
2150,4960,0.035496145
2150,4992,0.035365254
2150,5024,0.035434216
2150,5056,0.03540872
2150,5088,0.035370633
2150,5120,0.035361607
2150,5152,0.0353488
2150,5184,0.035447847
2150,5216,0.035287168
2150,5248,0.03532529
2150,5280,0.03528717
2150,5312,0.0354876
2150,5344,0.035328895
2150,5376,0.035360407
2150,5408,0.035189588
2150,5440,0.035325624
2150,5472,0.035356145
2150,5504,0.03545759
2150,5536,0.035498973
2150,5568,0.035299473
2150,5600,0.035249285
2150,5632,0.035295185
2150,5664,0.03536099
2150,5696,0.03525867
2150,5728,0.035320897
2150,5760,0.03527277
2150,5792,0.035259947
2150,5824,0.03531084
2150,5856,0.035351887
2150,5888,0.035288718
2150,5920,0.0354982
2150,5952,0.035213716
2150,5984,0.03541856
2150,6016,0.03526743
2150,6048,0.035406213
2150,6080,0.035144154
2151,0,0.035195827
2151,32,0.03520493
2151,64,0.035240646
2151,96,0.035236325
2151,128,0.035298735
2151,160,0.035289835
2151,192,0.03520888
2151,224,0.035198644
2151,256,0.035338104
2151,288,0.03519277
2151,320,0.03518952
2151,352,0.035240706
2151,384,0.03516034
2151,416,0.03537671
2151,448,0.035198104
2151,480,0.035308372
2151,512,0.035216894
2151,544,0.035341743
2151,576,0.035292722
2151,608,0.035234384
2151,640,0.03523816
2151,672,0.03515656
2151,704,0.03530515
2151,736,0.03532397
2151,768,0.03511288
2151,800,0.035185922
2151,832,0.035228845
2151,864,0.035107125
2151,896,0.035237268
2151,928,0.035163034
2151,960,0.035158742
2151,992,0.035179857
2151,1024,0.035221398
2151,1056,0.035193864
2151,1088,0.035087224
2151,1120,0.035178103
2151,1152,0.035209082
2151,1184,0.03513671
2151,1216,0.035271194
2151,1248,0.035189968
2151,1280,0.03519144
2151,1312,0.035082795
2151,1344,0.03516181
2151,1376,0.035132423
2151,1408,0.035284013
2151,1440,0.035058543
2151,1472,0.035314884
2151,1504,0.035077732
2151,1536,0.035360407
2151,1568,0.035081834
2151,1600,0.035108022
2151,1632,0.03513476
2151,1664,0.03517848
2151,1696,0.035243522
2151,1728,0.035086542
2151,1760,0.03528688
2151,1792,0.03518917
2151,1824,0.035224956
2151,1856,0.035245314
2151,1888,0.035216548
2151,1920,0.03529126
2151,1952,0.035192974
2151,1984,0.03516885
2151,2016,0.035115957
2151,2048,0.035115484
2151,2080,0.035143875
2151,2112,0.034546185
2151,2144,0.034709707
2151,2176,0.034515638
2151,2208,0.03454547
2151,2240,0.034481313
2151,2272,0.034566008
2151,2304,0.034636285
2151,2336,0.034697045
2151,2368,0.034594458
2151,2400,0.03445129
2151,2432,0.034540784
2151,2464,0.03454982
2151,2496,0.034491483
2151,2528,0.034425355
2151,2560,0.0345873
2151,2592,0.034590952
2151,2624,0.034547776
2151,2656,0.03444441
2151,2688,0.03449825
2151,2720,0.03454887
2151,2752,0.03455387
2151,2784,0.034502845
2151,2816,0.03452645
2151,2848,0.034417693
2151,2880,0.03443855
2151,2912,0.034573276
2151,2944,0.03443441
2151,2976,0.034493692
2151,3008,0.034507774
2151,3040,0.034510568
2151,3072,0.034449458
2151,3104,0.03441116
2151,3136,0.034527034
2151,3168,0.034572314
2151,3200,0.034404073
2151,3232,0.034660235
2151,3264,0.03447855
2151,3296,0.03445787
2151,3328,0.03448925
2151,3360,0.034458444
2151,3392,0.034330152
2151,3424,0.034470774
2151,3456,0.03450038
2151,3488,0.034421284
2151,3520,0.03439958
2151,3552,0.034372266
2151,3584,0.034540318
2151,3616,0.034512497
2151,3648,0.034532644
2151,3680,0.034438975
2151,3712,0.034392904
2151,3744,0.034402225
2151,3776,0.034449413
2151,3808,0.034358583
2151,3840,0.034520295
2151,3872,0.03446412
2151,3904,0.034390375
2151,3936,0.034354765
2151,3968,0.034436427
2151,4000,0.03443556
2151,4032,0.034552004
2151,4064,0.034430332
2151,4096,0.034323607
2151,4128,0.034429315
2151,4160,0.03441354
2151,4192,0.03440391
2151,4224,0.0342695
2151,4256,0.03427649
2151,4288,0.034296762
2151,4320,0.034430724
2151,4352,0.034395948
2151,4384,0.034477457
2151,4416,0.03429974
2151,4448,0.034429852
2151,4480,0.034292378
2151,4512,0.034402173
2151,4544,0.034425687
2151,4576,0.034361463
2151,4608,0.03425658
2151,4640,0.034364343
2151,4672,0.03434352
2151,4704,0.03430397
2151,4736,0.034441546
2151,4768,0.03433063
2151,4800,0.034353584
2151,4832,0.034298126
2151,4864,0.034228608
2151,4896,0.03414711
2151,4928,0.034277685
2151,4960,0.03436604
2151,4992,0.03434464
2151,5024,0.034464993
2151,5056,0.034429222
2151,5088,0.034249723
2151,5120,0.034309987
2151,5152,0.03417219
2151,5184,0.034269292
2151,5216,0.03423252
2151,5248,0.034416046
2151,5280,0.034386337
2151,5312,0.034299828
2151,5344,0.034435865
2151,5376,0.034327313
2151,5408,0.034195587
2151,5440,0.03422148
2151,5472,0.034346864
2151,5504,0.034241196
2151,5536,0.034285866
2151,5568,0.034333333
2151,5600,0.03430933
2151,5632,0.034427423
2151,5664,0.03419417
2151,5696,0.034388147
2151,5728,0.034324292
2151,5760,0.034248486
2151,5792,0.034284297
2151,5824,0.034265466
2151,5856,0.034234278
2151,5888,0.034266368
2151,5920,0.034266848
2151,5952,0.03430683
2151,5984,0.03429915
2151,6016,0.034219783
2151,6048,0.0343978
2151,6080,0.034336932
2152,0,0.034276813
2152,32,0.034354508
2152,64,0.034303084
2152,96,0.034806147
2152,128,0.034752596
2152,160,0.034930773
2152,192,0.03496341
2152,224,0.03496474
2152,256,0.03492096
2152,288,0.03495034
2152,320,0.034990605
2152,352,0.034766704
2152,384,0.03500616
2152,416,0.034849457
2152,448,0.03488657
2152,480,0.0348646
2152,512,0.034785647
2152,544,0.034805883
2152,576,0.034918506
2152,608,0.0348169
2152,640,0.03479579
2152,672,0.034876898
2152,704,0.034722548
2152,736,0.034885664
2152,768,0.03482407
2152,800,0.034796048
2152,832,0.034872066
2152,864,0.03493456
2152,896,0.034817874
2152,928,0.034897875
2152,960,0.03489149
2152,992,0.0349548
2152,1024,0.034702525
2152,1056,0.034813188
2152,1088,0.03478112
2152,1120,0.034651954
2152,1152,0.03468269
2152,1184,0.03469783
2152,1216,0.034801632
2152,1248,0.034929544
2152,1280,0.034754958
2152,1312,0.034867197
2152,1344,0.03472647
2152,1376,0.03476956
2152,1408,0.034654774
2152,1440,0.03472166
2152,1472,0.03486849
2152,1504,0.034854945
2152,1536,0.034729913
2152,1568,0.034735683
2152,1600,0.034830626
2152,1632,0.034830753
2152,1664,0.034772724
2152,1696,0.034890696
2152,1728,0.034713034
2152,1760,0.034741167
2152,1792,0.034732025
2152,1824,0.0347325
2152,1856,0.034722302
2152,1888,0.034639113
2152,1920,0.03479611
2152,1952,0.034782875
2152,1984,0.03470936
2152,2016,0.034664772
2152,2048,0.03472028
2152,2080,0.0347387
2152,2112,0.03473833
2152,2144,0.034701217
2152,2176,0.03477233
2152,2208,0.034609962
2152,2240,0.034725107
2152,2272,0.034805175
2152,2304,0.034699094
2152,2336,0.03467231
2152,2368,0.03472375
2152,2400,0.03470948
2152,2432,0.034658838
2152,2464,0.03473223
2152,2496,0.03468093
2152,2528,0.034644816
2152,2560,0.03471165
2152,2592,0.0347345
2152,2624,0.034697123
2152,2656,0.034736585
2152,2688,0.034731425
2152,2720,0.03462616
2152,2752,0.034716364
2152,2784,0.034727912
2152,2816,0.034647226
2152,2848,0.03465913
2152,2880,0.03456744
2152,2912,0.034633227
2152,2944,0.03474965
2152,2976,0.034781203
2152,3008,0.03475698
2152,3040,0.034556232
2152,3072,0.03457977
2152,3104,0.034597788
2152,3136,0.034666203
2152,3168,0.034643475
2152,3200,0.03467301
2152,3232,0.03463001
2152,3264,0.034712706
2152,3296,0.03453737
2152,3328,0.03458559
2152,3360,0.034695085
2152,3392,0.03463219
2152,3424,0.034638494
2152,3456,0.034628943
2152,3488,0.034655225
2152,3520,0.034711223
2152,3552,0.034582023
2152,3584,0.03461157
2152,3616,0.034582343
2152,3648,0.034739446
2152,3680,0.034542985
2152,3712,0.03476922
2152,3744,0.034554448
2152,3776,0.034595035
2152,3808,0.034670547
2152,3840,0.034533396
2152,3872,0.034609184
2152,3904,0.03455143
2152,3936,0.034520276
2152,3968,0.034653727
2152,4000,0.034567676
2152,4032,0.034625787
2152,4064,0.03450811
2152,4096,0.034577504
2152,4128,0.034451563
2152,4160,0.034653645
2152,4192,0.035146676
2152,4224,0.0351168
2152,4256,0.035098985
2152,4288,0.035190202
2152,4320,0.035229757
2152,4352,0.03519948
2152,4384,0.03511156
2152,4416,0.035219166
2152,4448,0.03526562
2152,4480,0.03511775
2152,4512,0.03511526
2152,4544,0.035241347
2152,4576,0.035105295
2152,4608,0.035182435
2152,4640,0.03509055
2152,4672,0.03499065
2152,4704,0.035194203
2152,4736,0.035141937
2152,4768,0.03516933
2152,4800,0.035098687
2152,4832,0.0352048
2152,4864,0.03519408
2152,4896,0.03516499
2152,4928,0.03525041
2152,4960,0.035143822
2152,4992,0.03498902
2152,5024,0.035047784
2152,5056,0.035210177
2152,5088,0.035116065
2152,5120,0.03511681
2152,5152,0.035153594
2152,5184,0.035065893
2152,5216,0.035206355
2152,5248,0.035235256
2152,5280,0.035021946
2152,5312,0.034953386
2152,5344,0.035142757
2152,5376,0.03502682
2152,5408,0.03501945
2152,5440,0.035073314
2152,5472,0.03505909
2152,5504,0.035149015
2152,5536,0.035060946
2152,5568,0.03512377
2152,5600,0.035104837
2152,5632,0.035137523
2152,5664,0.03501884
2152,5696,0.035074234
2152,5728,0.034970775
2152,5760,0.0351033
2152,5792,0.034941275
2152,5824,0.034955658
2152,5856,0.035013657
2152,5888,0.035003733
2152,5920,0.035031892
2152,5952,0.035009567
2152,5984,0.035040602
2152,6016,0.03520485
2152,6048,0.035038687
2152,6080,0.035076037
2153,0,0.035027158
2153,32,0.034940153
2153,64,0.035090514
2153,96,0.0350845
2153,128,0.035048362
2153,160,0.035049576
2153,192,0.035015814
2153,224,0.034979846
2153,256,0.035067327
2153,288,0.03498552
2153,320,0.035124652
2153,352,0.035124347
2153,384,0.035027605
2153,416,0.034873113
2153,448,0.035008784
2153,480,0.035095476
2153,512,0.034911226
2153,544,0.034989785
2153,576,0.035042945
2153,608,0.034980692
2153,640,0.035101455
2153,672,0.035056632
2153,704,0.034936216
2153,736,0.035027552
2153,768,0.03506506
2153,800,0.034984946
2153,832,0.03509516
2153,864,0.03492618
2153,896,0.035062462
2153,928,0.034875285
2153,960,0.03493927
2153,992,0.03498479
2153,1024,0.034970805
2153,1056,0.035159085
2153,1088,0.03504902
2153,1120,0.035093278
2153,1152,0.034871615
2153,1184,0.03494997
2153,1216,0.034963474
2153,1248,0.03496302
2153,1280,0.03504171
2153,1312,0.035051513
2153,1344,0.0350644
2153,1376,0.034904037
2153,1408,0.034925573
2153,1440,0.034912013
2153,1472,0.034956593
2153,1504,0.034901697
2153,1536,0.034938388
2153,1568,0.035001423
2153,1600,0.03485982
2153,1632,0.034937724
2153,1664,0.035006654
2153,1696,0.034918707
2153,1728,0.034970477
2153,1760,0.035009667
2153,1792,0.03491543
2153,1824,0.034945626
2153,1856,0.034954786
2153,1888,0.034919493
2153,1920,0.035008393
2153,1952,0.03504749
2153,1984,0.034929574
2153,2016,0.03494286
2153,2048,0.034934998
2153,2080,0.034913603
2153,2112,0.034852933
2153,2144,0.034860637
2153,2176,0.03499644
2153,2208,0.035007965
2153,2240,0.03510014
2153,2272,0.035124168
2153,2304,0.035079047
2153,2336,0.03505814
2153,2368,0.035088405
2153,2400,0.035150375
2153,2432,0.03496596
2153,2464,0.034989253
2153,2496,0.03502848
2153,2528,0.034965735
2153,2560,0.034929007
2153,2592,0.034928616
2153,2624,0.03502855
2153,2656,0.03500504
2153,2688,0.034945723
2153,2720,0.035122324
2153,2752,0.035063345
2153,2784,0.03503548
2153,2816,0.034907352
2153,2848,0.03504542
2153,2880,0.035044987
2153,2912,0.03508494
2153,2944,0.03501859
2153,2976,0.03504754
2153,3008,0.03495042
2153,3040,0.03493283
2153,3072,0.034934085
2153,3104,0.034838658
2153,3136,0.034911226
2153,3168,0.034961388
2153,3200,0.03493667
2153,3232,0.034965027
2153,3264,0.034849543
2153,3296,0.03492057
2153,3328,0.035029422
2153,3360,0.034930173
2153,3392,0.034949943
2153,3424,0.03497649
2153,3456,0.03489714
2153,3488,0.034961242
2153,3520,0.03490245
2153,3552,0.034984108
2153,3584,0.034766108
2153,3616,0.035003055
2153,3648,0.034850363
2153,3680,0.03491773
2153,3712,0.03486489
2153,3744,0.034826033
2153,3776,0.03487159
2153,3808,0.034880463
2153,3840,0.034982886
2153,3872,0.034815766
2153,3904,0.034773555
2153,3936,0.034926094
2153,3968,0.034953922
2153,4000,0.034987163
2153,4032,0.034838
2153,4064,0.034890972
2153,4096,0.03477758
2153,4128,0.03490487
2153,4160,0.034796003
2153,4192,0.03472723
2153,4224,0.03501591
2153,4256,0.03487719
2153,4288,0.03486206
2153,4320,0.03494884
2153,4352,0.034890197
2153,4384,0.03494258
2153,4416,0.034803662
2153,4448,0.034894332
2153,4480,0.034805387
2153,4512,0.034862738
2153,4544,0.034911595
2153,4576,0.03474841
2153,4608,0.03489236
2153,4640,0.03481262
2153,4672,0.03482545
2153,4704,0.034929838
2153,4736,0.034724977
2153,4768,0.034898177
2153,4800,0.0348114
2153,4832,0.03479362
2153,4864,0.03488415
2153,4896,0.034777164
2153,4928,0.034861464
2153,4960,0.034758244
2153,4992,0.034920935
2153,5024,0.03482254
2153,5056,0.034663737
2153,5088,0.034766376
2153,5120,0.03472402
2153,5152,0.034913655
2153,5184,0.034821276
2153,5216,0.034809627
2153,5248,0.03478876
2153,5280,0.034838635
2153,5312,0.03477573
2153,5344,0.034936916
2153,5376,0.03474476
2153,5408,0.034785703
2153,5440,0.034791805
2153,5472,0.034797102
2153,5504,0.034876578
2153,5536,0.034810487
2153,5568,0.03480166
2153,5600,0.03471068
2153,5632,0.0348733
2153,5664,0.034949806
2153,5696,0.034813035
2153,5728,0.034816705
2153,5760,0.034885213
2153,5792,0.034702543
2153,5824,0.034794252
2153,5856,0.034768138
2153,5888,0.03486282
2153,5920,0.034832988
2153,5952,0.03476787
2153,5984,0.034843992
2153,6016,0.03479678
2153,6048,0.034797877
2153,6080,0.034724988
2154,0,0.034764897
2154,32,0.03486532
2154,64,0.034842826
2154,96,0.034672387
2154,128,0.034758426
2154,160,0.034631774
2154,192,0.034999814
2154,224,0.034989223
2154,256,0.03496865
2154,288,0.035048686
2154,320,0.035031445
2154,352,0.034973975
2154,384,0.03488626
2154,416,0.03488818
2154,448,0.034968987
2154,480,0.034847535
2154,512,0.03484088
2154,544,0.034984875
2154,576,0.034935314
2154,608,0.034952372
2154,640,0.034917835
2154,672,0.034848463
2154,704,0.034900606
2154,736,0.034934185
2154,768,0.0349082
2154,800,0.034879085
2154,832,0.03479476
2154,864,0.03493463
2154,896,0.034772858
2154,928,0.03478155
2154,960,0.034948587
2154,992,0.034961473
2154,1024,0.034744427
2154,1056,0.03481083
2154,1088,0.034850948
2154,1120,0.034903895
2154,1152,0.034875065
2154,1184,0.034883216
2154,1216,0.03484465
2154,1248,0.034845814
2154,1280,0.034796882
2154,1312,0.034809563
2154,1344,0.03489688
2154,1376,0.03489384
2154,1408,0.03481064
2154,1440,0.03484374
2154,1472,0.034862056
2154,1504,0.03494834
2154,1536,0.03467442
2154,1568,0.03473284
2154,1600,0.034729447
2154,1632,0.034781937
2154,1664,0.03484839
2154,1696,0.03468314
2154,1728,0.03486249
2154,1760,0.034805443
2154,1792,0.034809347
2154,1824,0.03474085
2154,1856,0.034751806
2154,1888,0.03478756
2154,1920,0.034794282
2154,1952,0.03473618
2154,1984,0.0347381
2154,2016,0.03476491
2154,2048,0.034813937
2154,2080,0.03467087
2154,2112,0.034921497
2154,2144,0.034798514
2154,2176,0.034741417
2154,2208,0.03470228
2154,2240,0.034738045
2154,2272,0.034680218
2154,2304,0.03457165
2154,2336,0.034627512
2154,2368,0.034789257
2154,2400,0.034805756
2154,2432,0.03485585
2154,2464,0.03480448
2154,2496,0.034667358
2154,2528,0.034611873
2154,2560,0.03468249
2154,2592,0.034845423
2154,2624,0.03467571
2154,2656,0.034698024
2154,2688,0.034830328
2154,2720,0.034746822
2154,2752,0.03467087
2154,2784,0.034726303
2154,2816,0.034755938
2154,2848,0.03471191
2154,2880,0.03462129
2154,2912,0.034648016
2154,2944,0.034809947
2154,2976,0.0347317
2154,3008,0.03479553
2154,3040,0.03465814
2154,3072,0.03473711
2154,3104,0.034606293
2154,3136,0.034884874
2154,3168,0.03471897
2154,3200,0.03465425
2154,3232,0.034622498
2154,3264,0.03479927
2154,3296,0.03461564
2154,3328,0.03477473
2154,3360,0.03463013
2154,3392,0.034726065
2154,3424,0.034715675
2154,3456,0.03457549
2154,3488,0.03467046
2154,3520,0.034710534
2154,3552,0.034669686
2154,3584,0.034668732
2154,3616,0.03462026
2154,3648,0.034637894
2154,3680,0.034716427
2154,3712,0.03462496
2154,3744,0.034741525
2154,3776,0.03459919
2154,3808,0.034778044
2154,3840,0.034686014
2154,3872,0.034698594
2154,3904,0.034688525
2154,3936,0.034582727
2154,3968,0.034630332
2154,4000,0.034622688
2154,4032,0.034598954
2154,4064,0.034617018
2154,4096,0.03456469
2154,4128,0.034620013
2154,4160,0.03475621
2154,4192,0.034641102
2154,4224,0.034757134
2154,4256,0.034604944
2154,4288,0.03480135
2154,4320,0.034585103
2154,4352,0.03471357
2154,4384,0.03459022
2154,4416,0.034480136
2154,4448,0.03459903
2154,4480,0.034543224
2154,4512,0.03450039
2154,4544,0.03455575
2154,4576,0.034553636
2154,4608,0.034569494
2154,4640,0.03459223
2154,4672,0.034484353
2154,4704,0.03453888
2154,4736,0.034554496
2154,4768,0.034432292
2154,4800,0.03462677
2154,4832,0.03443595
2154,4864,0.034506164
2154,4896,0.034425333
2154,4928,0.03453024
2154,4960,0.034552712
2154,4992,0.03447921
2154,5024,0.0346756
2154,5056,0.03453683
2154,5088,0.034528054
2154,5120,0.03455946
2154,5152,0.034631304
2154,5184,0.034578465
2154,5216,0.03442907
2154,5248,0.034532644
2154,5280,0.034566864
2154,5312,0.03444902
2154,5344,0.03448715
2154,5376,0.03442762
2154,5408,0.03451796
2154,5440,0.034425795
2154,5472,0.0344778
2154,5504,0.034438483
2154,5536,0.034389764
2154,5568,0.03444794
2154,5600,0.034525987
2154,5632,0.034621235
2154,5664,0.034439567
2154,5696,0.03442467
2154,5728,0.034502417
2154,5760,0.034538914
2154,5792,0.034513846
2154,5824,0.034432642
2154,5856,0.03443761
2154,5888,0.034403004
2154,5920,0.034497425
2154,5952,0.034524146
2154,5984,0.034412995
2154,6016,0.034434397
2154,6048,0.034422588
2154,6080,0.03441085
2155,0,0.034444124
2155,32,0.03440728
2155,64,0.034484327
2155,96,0.034473777
2155,128,0.034421206
2155,160,0.03450092
2155,192,0.034461305
2155,224,0.034469884
2155,256,0.034542307
2155,288,0.034318265
2155,320,0.034593295
2155,352,0.034444813
2155,384,0.03435334
2155,416,0.034438226
2155,448,0.034434583
2155,480,0.03437917
2155,512,0.034422733
2155,544,0.034404393
2155,576,0.034504887
2155,608,0.034421798
2155,640,0.03449386
2155,672,0.034346364
2155,704,0.034360867
2155,736,0.034518287
2155,768,0.034264237
2155,800,0.03449147
2155,832,0.03433453
2155,864,0.034315657
2155,896,0.034394696
2155,928,0.034447867
2155,960,0.034402307
2155,992,0.034492254
2155,1024,0.034366276
2155,1056,0.03429786
2155,1088,0.034288924
2155,1120,0.034354325
2155,1152,0.034435347
2155,1184,0.034456745
2155,1216,0.034451645
2155,1248,0.0343581
2155,1280,0.03444745
2155,1312,0.034273617
2155,1344,0.034348693
2155,1376,0.03442716
2155,1408,0.034408204
2155,1440,0.034424286
2155,1472,0.034413386
2155,1504,0.034332935
2155,1536,0.034351442
2155,1568,0.03437683
2155,1600,0.0343481
2155,1632,0.034478705
2155,1664,0.034293357
2155,1696,0.034381762
2155,1728,0.034288447
2155,1760,0.034279786
2155,1792,0.034248237
2155,1824,0.0345057
2155,1856,0.03438387
2155,1888,0.03429532
2155,1920,0.03428072
2155,1952,0.03439845
2155,1984,0.03428144
2155,2016,0.034303077
2155,2048,0.034265682
2155,2080,0.03425679
2155,2112,0.03439265
2155,2144,0.0343829
2155,2176,0.03435533
2155,2208,0.03430253
2155,2240,0.034379322
2155,2272,0.034482643
2155,2304,0.03435284
2155,2336,0.0344309
2155,2368,0.034368895
2155,2400,0.034466393
2155,2432,0.03441065
2155,2464,0.03444596
2155,2496,0.034399673
2155,2528,0.03436055
2155,2560,0.034420826
2155,2592,0.034423184
2155,2624,0.034434453
2155,2656,0.034494624
2155,2688,0.034282777
2155,2720,0.03439734
2155,2752,0.03426738
2155,2784,0.03440772
2155,2816,0.034397773
2155,2848,0.034450974
2155,2880,0.034460247
2155,2912,0.03429945
2155,2944,0.034270287
2155,2976,0.034336455
2155,3008,0.03434106
2155,3040,0.034229077
2155,3072,0.034353074
2155,3104,0.034433395
2155,3136,0.034333806
2155,3168,0.0342957
2155,3200,0.03426811
2155,3232,0.03435322
2155,3264,0.03420622
2155,3296,0.034474447
2155,3328,0.03447541
2155,3360,0.03432149
2155,3392,0.034278736
2155,3424,0.03420945
2155,3456,0.034471307
2155,3488,0.03433532
2155,3520,0.034260437
2155,3552,0.034250613
2155,3584,0.034367893
2155,3616,0.034219228
2155,3648,0.03440717
2155,3680,0.034358997
2155,3712,0.034332942
2155,3744,0.034323487
2155,3776,0.0342782
2155,3808,0.034340754
2155,3840,0.034191586
2155,3872,0.03439642
2155,3904,0.034289367
2155,3936,0.0341706
2155,3968,0.034253914
2155,4000,0.03416779
2155,4032,0.034369875
2155,4064,0.034250338
2155,4096,0.034288544
2155,4128,0.034320638
2155,4160,0.03422229
2155,4192,0.034224834
2155,4224,0.034214985
2155,4256,0.034215793
2155,4288,0.034207445
2155,4320,0.03420875
2155,4352,0.034216095
2155,4384,0.034266517
2155,4416,0.03430445
2155,4448,0.034304716
2155,4480,0.03454461
2155,4512,0.03420549
2155,4544,0.034150347
2155,4576,0.034271613
2155,4608,0.034140963
2155,4640,0.034346838
2155,4672,0.034160517
2155,4704,0.034265302
2155,4736,0.034204837
2155,4768,0.03409212
2155,4800,0.034267586
2155,4832,0.03418061
2155,4864,0.03413325
2155,4896,0.03420799
2155,4928,0.03420691
2155,4960,0.03427596
2155,4992,0.034085162
2155,5024,0.0340724
2155,5056,0.0342512
2155,5088,0.034223434
2155,5120,0.034267545
2155,5152,0.034146477
2155,5184,0.03415459
2155,5216,0.034213953
2155,5248,0.03424819
2155,5280,0.03432104
2155,5312,0.034231707
2155,5344,0.034103353
2155,5376,0.034196023
2155,5408,0.03429025
2155,5440,0.034197647
2155,5472,0.034241013
2155,5504,0.034090832
2155,5536,0.034244686
2155,5568,0.034109574
2155,5600,0.034273814
2155,5632,0.034160793
2155,5664,0.034107994
2155,5696,0.034173366
2155,5728,0.03417487
2155,5760,0.034091946
2155,5792,0.034050602
2155,5824,0.0342404
2155,5856,0.034067746
2155,5888,0.034159873
2155,5920,0.034089178
2155,5952,0.034075893
2155,5984,0.03416897
2155,6016,0.034149405
2155,6048,0.03418606
2155,6080,0.034096293
2156,0,0.0341722
2156,32,0.034173075
2156,64,0.03407022
2156,96,0.03403917
2156,128,0.034257337
2156,160,0.034171212
2156,192,0.034163486
2156,224,0.03402911
2156,256,0.03486783
2156,288,0.03514186
2156,320,0.034983106
2156,352,0.03495392
2156,384,0.034935474
2156,416,0.035109334
2156,448,0.035061434
2156,480,0.035039175
2156,512,0.034970205
2156,544,0.03488941
2156,576,0.034871124
2156,608,0.034970727
2156,640,0.035025273
2156,672,0.03511972
2156,704,0.03498855
2156,736,0.034928888
2156,768,0.035021774
2156,800,0.034995798
2156,832,0.03490996
2156,864,0.03492284
2156,896,0.034965795
2156,928,0.034814235
2156,960,0.034993842
2156,992,0.035001397
2156,1024,0.03490415
2156,1056,0.03496909
2156,1088,0.03495122
2156,1120,0.034949742
2156,1152,0.034935765
2156,1184,0.034957077
2156,1216,0.034988128
2156,1248,0.034944747
2156,1280,0.034992345
2156,1312,0.0349341
2156,1344,0.034959897
2156,1376,0.034802996
2156,1408,0.03497885
2156,1440,0.034858633
2156,1472,0.03500564
2156,1504,0.035018563
2156,1536,0.034898117
2156,1568,0.03472405
2156,1600,0.03480203
2156,1632,0.034981344
2156,1664,0.034867793
2156,1696,0.034860577
2156,1728,0.0350768
2156,1760,0.034882538
2156,1792,0.03489982
2156,1824,0.03496727
2156,1856,0.034858424
2156,1888,0.034886226
2156,1920,0.034855004
2156,1952,0.03498681
2156,1984,0.03482164
2156,2016,0.034900766
2156,2048,0.034897517
2156,2080,0.034707684
2156,2112,0.034944117
2156,2144,0.034909777
2156,2176,0.03483198
2156,2208,0.034937553
2156,2240,0.034815844
2156,2272,0.034891676
2156,2304,0.034827262
2156,2336,0.03484855
2156,2368,0.034869064
2156,2400,0.034769468
2156,2432,0.034881156
2156,2464,0.034862198
2156,2496,0.034777842
2156,2528,0.034764495
2156,2560,0.034904346
2156,2592,0.034799285
2156,2624,0.034871206
2156,2656,0.03491557
2156,2688,0.034921296
2156,2720,0.034848537
2156,2752,0.034768682
2156,2784,0.034943964
2156,2816,0.034872375
2156,2848,0.034854636
2156,2880,0.0348606
2156,2912,0.0348559
2156,2944,0.034729738
2156,2976,0.034711245
2156,3008,0.03498725
2156,3040,0.034968074
2156,3072,0.034794148
2156,3104,0.034678947
2156,3136,0.034676626
2156,3168,0.03481444
2156,3200,0.034762893
2156,3232,0.03480736
2156,3264,0.034681167
2156,3296,0.034740295
2156,3328,0.034844615
2156,3360,0.034676686
2156,3392,0.03482283
2156,3424,0.03478413
2156,3456,0.03492509
2156,3488,0.034813847
2156,3520,0.034823835
2156,3552,0.034713026
2156,3584,0.034822658
2156,3616,0.034714706
2156,3648,0.034709763
2156,3680,0.034659702
2156,3712,0.034865994
2156,3744,0.034708627
2156,3776,0.03472438
2156,3808,0.03482146
2156,3840,0.034886956
2156,3872,0.034720037
2156,3904,0.034663286
2156,3936,0.03468969
2156,3968,0.03473202
2156,4000,0.03475761
2156,4032,0.034741804
2156,4064,0.034751773
2156,4096,0.034598507
2156,4128,0.034818515
2156,4160,0.034840707
2156,4192,0.034714088
2156,4224,0.034822237
2156,4256,0.034625303
2156,4288,0.03479694
2156,4320,0.034749873
2156,4352,0.034994125
2156,4384,0.035003632
2156,4416,0.035030738
2156,4448,0.035114236
2156,4480,0.03505193
2156,4512,0.035149507
2156,4544,0.03515565
2156,4576,0.034978744
2156,4608,0.035000358
2156,4640,0.035145096
2156,4672,0.03515088
2156,4704,0.03495336
2156,4736,0.03496885
2156,4768,0.03511177
2156,4800,0.03516915
2156,4832,0.035108164
2156,4864,0.03506016
2156,4896,0.03504024
2156,4928,0.035058934
2156,4960,0.03510213
2156,4992,0.035106443
2156,5024,0.034973312
2156,5056,0.035076827
2156,5088,0.035154816
2156,5120,0.0348445
2156,5152,0.034964956
2156,5184,0.035040274
2156,5216,0.035047196
2156,5248,0.034980573
2156,5280,0.03490466
2156,5312,0.03514747
2156,5344,0.03496211
2156,5376,0.035028003
2156,5408,0.03503946
2156,5440,0.03509235
2156,5472,0.035036925
2156,5504,0.034989808
2156,5536,0.034992717
2156,5568,0.035050165
2156,5600,0.035086732
2156,5632,0.035123896
2156,5664,0.034902602
2156,5696,0.035030514
2156,5728,0.03514944
2156,5760,0.034998972
2156,5792,0.03503243
2156,5824,0.03500941
2156,5856,0.03490879
2156,5888,0.03491587
2156,5920,0.03490932
2156,5952,0.035010837
2156,5984,0.034941807
2156,6016,0.034999635
2156,6048,0.034847684
2156,6080,0.035072975
2157,0,0.03478799
2157,32,0.034877744
2157,64,0.035074025
2157,96,0.034922652
2157,128,0.034992434
2157,160,0.034974877
2157,192,0.03489848
2157,224,0.0349095
2157,256,0.03493985
2157,288,0.035026714
2157,320,0.034961194
2157,352,0.03499296
2157,384,0.034892812
2157,416,0.034890153
2157,448,0.035116322
2157,480,0.034889385
2157,512,0.034976803
2157,544,0.03489325
2157,576,0.034910697
2157,608,0.0349578
2157,640,0.035019908
2157,672,0.034868278
2157,704,0.034879018
2157,736,0.03483722
2157,768,0.034948777
2157,800,0.034921985
2157,832,0.034935657
2157,864,0.03496278
2157,896,0.03471637
2157,928,0.034960836
2157,960,0.034915082
2157,992,0.034973342
2157,1024,0.03510951
2157,1056,0.034946922
2157,1088,0.035061162
2157,1120,0.03488764
2157,1152,0.034841597
2157,1184,0.03501884
2157,1216,0.034927346
2157,1248,0.034918476
2157,1280,0.034919336
2157,1312,0.034888282
2157,1344,0.03491232
2157,1376,0.034828894
2157,1408,0.034900118
2157,1440,0.034857817
2157,1472,0.034873
2157,1504,0.034947634
2157,1536,0.03485493
2157,1568,0.034679018
2157,1600,0.034797344
2157,1632,0.03487922
2157,1664,0.034934692
2157,1696,0.034904394
2157,1728,0.03477979
2157,1760,0.034885034
2157,1792,0.03488095
2157,1824,0.03488087
2157,1856,0.03487773
2157,1888,0.034894176
2157,1920,0.034741692
2157,1952,0.03483605
2157,1984,0.03480086
2157,2016,0.034813248
2157,2048,0.034877144
2157,2080,0.034746684
2157,2112,0.03476287
2157,2144,0.034870073
2157,2176,0.034824662
2157,2208,0.034796976
2157,2240,0.034900878
2157,2272,0.034829795
2157,2304,0.03472996
2157,2336,0.035101667
2157,2368,0.035170168
2157,2400,0.035373397
2157,2432,0.03518995
2157,2464,0.035219803
2157,2496,0.03527435
2157,2528,0.03519619
2157,2560,0.035333615
2157,2592,0.035236202
2157,2624,0.035259612
2157,2656,0.03517083
2157,2688,0.035265975
2157,2720,0.035267167
2157,2752,0.03535224
2157,2784,0.035062212
2157,2816,0.035154242
2157,2848,0.035379037
2157,2880,0.03519476
2157,2912,0.03531717
2157,2944,0.035253156
2157,2976,0.035133034
2157,3008,0.035229478
2157,3040,0.035226673
2157,3072,0.03522237
2157,3104,0.035343565
2157,3136,0.035109095
2157,3168,0.035159674
2157,3200,0.035258416
2157,3232,0.03506845
2157,3264,0.035225827
2157,3296,0.035228908
2157,3328,0.035228737
2157,3360,0.035108987
2157,3392,0.035098996
2157,3424,0.03513974
2157,3456,0.03515446
2157,3488,0.035233226
2157,3520,0.035220083
2157,3552,0.03510034
2157,3584,0.035111863
2157,3616,0.035331883
2157,3648,0.035207316
2157,3680,0.035098046
2157,3712,0.035164498
2157,3744,0.035089593
2157,3776,0.035133373
2157,3808,0.034970522
2157,3840,0.035149474
2157,3872,0.035078045
2157,3904,0.035244286
2157,3936,0.03532229
2157,3968,0.03519257
2157,4000,0.035187397
2157,4032,0.035108045
2157,4064,0.035134207
2157,4096,0.035125684
2157,4128,0.03515472
2157,4160,0.035118453
2157,4192,0.035023768
2157,4224,0.035143387
2157,4256,0.035042126
2157,4288,0.035089795
2157,4320,0.035174828
2157,4352,0.035175852
2157,4384,0.035209827
2157,4416,0.0349708
2157,4448,0.035145532
2157,4480,0.035238888
2157,4512,0.03515994
2157,4544,0.03517283
2157,4576,0.0351511
2157,4608,0.03509934
2157,4640,0.035042748
2157,4672,0.035062194
2157,4704,0.03504112
2157,4736,0.03510368
2157,4768,0.03502572
2157,4800,0.03490976
2157,4832,0.03492437
2157,4864,0.03509713
2157,4896,0.035124727
2157,4928,0.03497869
2157,4960,0.035043396
2157,4992,0.03507842
2157,5024,0.03511571
2157,5056,0.03494885
2157,5088,0.03501684
2157,5120,0.035174534
2157,5152,0.03511636
2157,5184,0.034928005
2157,5216,0.035211466
2157,5248,0.03500948
2157,5280,0.03504258
2157,5312,0.035121106
2157,5344,0.034961253
2157,5376,0.034971602
2157,5408,0.034989107
2157,5440,0.035094526
2157,5472,0.03503757
2157,5504,0.035049424
2157,5536,0.035041813
2157,5568,0.034951568
2157,5600,0.034974422
2157,5632,0.035022173
2157,5664,0.035007693
2157,5696,0.034989476
2157,5728,0.034894794
2157,5760,0.035136152
2157,5792,0.0350914
2157,5824,0.03504368
2157,5856,0.0349022
2157,5888,0.035102323
2157,5920,0.034990612
2157,5952,0.034989692
2157,5984,0.035017125
2157,6016,0.0350899
2157,6048,0.034922235
2157,6080,0.035055306
2158,0,0.034972373
2158,32,0.03492757
2158,64,0.0350349
2158,96,0.03495112
2158,128,0.034991257
2158,160,0.035035223
2158,192,0.03495422
2158,224,0.0349862
2158,256,0.03498549
2158,288,0.034971986
2158,320,0.035157543
2158,352,0.035177004
2158,384,0.03519217
2158,416,0.035195388
2158,448,0.035125025
2158,480,0.035116233
2158,512,0.035157815
2158,544,0.035251454
2158,576,0.035185173
2158,608,0.03500773
2158,640,0.035227537
2158,672,0.035111178
2158,704,0.035248376
2158,736,0.035068303
2158,768,0.035171542
2158,800,0.03524532
2158,832,0.03513097
2158,864,0.035233315
2158,896,0.03510276
2158,928,0.035174042
2158,960,0.035184145
2158,992,0.03519926
2158,1024,0.035189476
2158,1056,0.03518195
2158,1088,0.03522158
2158,1120,0.03517122
2158,1152,0.035159808
2158,1184,0.03513782
2158,1216,0.03511999
2158,1248,0.0350468
2158,1280,0.035083402
2158,1312,0.035022542
2158,1344,0.035029776
2158,1376,0.03520914
2158,1408,0.035204466
2158,1440,0.035151046
2158,1472,0.035114706
2158,1504,0.03513606
2158,1536,0.035229724
2158,1568,0.035260715
2158,1600,0.03521398
2158,1632,0.035143454
2158,1664,0.034946583
2158,1696,0.035036564
2158,1728,0.03507881
2158,1760,0.035208475
2158,1792,0.03516751
2158,1824,0.03496291
2158,1856,0.035141755
2158,1888,0.034985993
2158,1920,0.035129458
2158,1952,0.034976836
2158,1984,0.035068773
2158,2016,0.035030175
2158,2048,0.035010923
2158,2080,0.03509727
2158,2112,0.03498292
2158,2144,0.035194747
2158,2176,0.0351098
2158,2208,0.035019785
2158,2240,0.03505517
2158,2272,0.035074625
2158,2304,0.035077497
2158,2336,0.035019856
2158,2368,0.03507786
2158,2400,0.035049453
2158,2432,0.034962468
2158,2464,0.034967598
2158,2496,0.03507347
2158,2528,0.034977008
2158,2560,0.034906194
2158,2592,0.035023265
2158,2624,0.034943514
2158,2656,0.03513509
2158,2688,0.03505219
2158,2720,0.03492069
2158,2752,0.034939047
2158,2784,0.035019983
2158,2816,0.034881398
2158,2848,0.035015177
2158,2880,0.035012357
2158,2912,0.035046108
2158,2944,0.035074882
2158,2976,0.035071116
2158,3008,0.03509341
2158,3040,0.034952816
2158,3072,0.03495242
2158,3104,0.035060108
2158,3136,0.03499406
2158,3168,0.03489458
2158,3200,0.034909602
2158,3232,0.03504488
2158,3264,0.034895852
2158,3296,0.034953408
2158,3328,0.034992944
2158,3360,0.034938186
2158,3392,0.035051845
2158,3424,0.034951482
2158,3456,0.03498456
2158,3488,0.03487598
2158,3520,0.034864575
2158,3552,0.03499585
2158,3584,0.035003006
2158,3616,0.034964807
2158,3648,0.034863036
2158,3680,0.034973204
2158,3712,0.03497903
2158,3744,0.035004027
2158,3776,0.03507015
2158,3808,0.034856733
2158,3840,0.034927815
2158,3872,0.035002965
2158,3904,0.034927662
2158,3936,0.034899782
2158,3968,0.034903064
2158,4000,0.03495686
2158,4032,0.034882564
2158,4064,0.03490025
2158,4096,0.03491389
2158,4128,0.034913264
2158,4160,0.03484539
2158,4192,0.034935404
2158,4224,0.0348865
2158,4256,0.035042807
2158,4288,0.03490888
2158,4320,0.03482593
2158,4352,0.03481256
2158,4384,0.034963567
2158,4416,0.03478654
2158,4448,0.035154108
2158,4480,0.035145093
2158,4512,0.035163548
2158,4544,0.035049982
2158,4576,0.034987845
2158,4608,0.03513712
2158,4640,0.03524344
2158,4672,0.035092026
2158,4704,0.03525884
2158,4736,0.035095412
2158,4768,0.035004087
2158,4800,0.035253942
2158,4832,0.035104197
2158,4864,0.035087273
2158,4896,0.03517155
2158,4928,0.03506966
2158,4960,0.035066657
2158,4992,0.035042267
2158,5024,0.035173777
2158,5056,0.035096727
2158,5088,0.035048522
2158,5120,0.035145752
2158,5152,0.03505319
2158,5184,0.035221115
2158,5216,0.035070837
2158,5248,0.035065036
2158,5280,0.03521848
2158,5312,0.03502736
2158,5344,0.035169538
2158,5376,0.0350991
2158,5408,0.03493126
2158,5440,0.035016708
2158,5472,0.035197627
2158,5504,0.03497857
2158,5536,0.034868777
2158,5568,0.03504444
2158,5600,0.03505015
2158,5632,0.035016805
2158,5664,0.034958854
2158,5696,0.035103202
2158,5728,0.035024833
2158,5760,0.03510797
2158,5792,0.034987353
2158,5824,0.035082325
2158,5856,0.03501795
2158,5888,0.034984425
2158,5920,0.03501077
2158,5952,0.035030093
2158,5984,0.034983803
2158,6016,0.03508971
2158,6048,0.034972437
2158,6080,0.035007946
2159,0,0.035081822
2159,32,0.03501805
2159,64,0.03494748
2159,96,0.03502592
2159,128,0.034917586
2159,160,0.03496678
2159,192,0.035034113
2159,224,0.034926023
2159,256,0.03501503
2159,288,0.035033174
2159,320,0.03505743
2159,352,0.034966197
2159,384,0.03497799
2159,416,0.03497655
2159,448,0.035125993
2159,480,0.035004266
2159,512,0.034892045
2159,544,0.035123266
2159,576,0.035034914
2159,608,0.03484807
2159,640,0.034828503
2159,672,0.034979794
2159,704,0.034819163
2159,736,0.035000138
2159,768,0.0349511
2159,800,0.034987092
2159,832,0.03508477
2159,864,0.035031874
2159,896,0.035048284
2159,928,0.03501845
2159,960,0.034963444
2159,992,0.035031117
2159,1024,0.034951773
2159,1056,0.03498122
2159,1088,0.034991324
2159,1120,0.034825154
2159,1152,0.034885477
2159,1184,0.03487831
2159,1216,0.034953333
2159,1248,0.034948092
2159,1280,0.03493135
2159,1312,0.034832474
2159,1344,0.034976933
2159,1376,0.034852948
2159,1408,0.03499623
2159,1440,0.03490848
2159,1472,0.034926455
2159,1504,0.034909863
2159,1536,0.034978624
2159,1568,0.034942027
2159,1600,0.03482738
2159,1632,0.03489742
2159,1664,0.034873933
2159,1696,0.034815617
2159,1728,0.034912463
2159,1760,0.034986075
2159,1792,0.034924883
2159,1824,0.034953013
2159,1856,0.034895986
2159,1888,0.034835167
2159,1920,0.034963086
2159,1952,0.03484964
2159,1984,0.034840614
2159,2016,0.034961708
2159,2048,0.034884408
2159,2080,0.034778684
2159,2112,0.03491137
2159,2144,0.034825712
2159,2176,0.03489324
2159,2208,0.03486949
2159,2240,0.034847446
2159,2272,0.0348882
2159,2304,0.035027776
2159,2336,0.03488037
2159,2368,0.034852885
2159,2400,0.034896087
2159,2432,0.034948755
2159,2464,0.034887128
2159,2496,0.03478511
2159,2528,0.03474583
2159,2560,0.034801636
2159,2592,0.035026234
2159,2624,0.034824606
2159,2656,0.03490662
2159,2688,0.034853924
2159,2720,0.03490394
2159,2752,0.034764525
2159,2784,0.034867067
2159,2816,0.034815118
2159,2848,0.034806803
2159,2880,0.034898043
2159,2912,0.03481904
2159,2944,0.03481634
2159,2976,0.03478238
2159,3008,0.03480206
2159,3040,0.034645718
2159,3072,0.034751818
2159,3104,0.03478876
2159,3136,0.034742992
2159,3168,0.03477613
2159,3200,0.034754295
2159,3232,0.034822244
2159,3264,0.034827206
2159,3296,0.03476045
2159,3328,0.03490705
2159,3360,0.03477302
2159,3392,0.034728337
2159,3424,0.034791093
2159,3456,0.03470659
2159,3488,0.03491433
2159,3520,0.03475996
2159,3552,0.034789767
2159,3584,0.034871694
2159,3616,0.0347726
2159,3648,0.03464393
2159,3680,0.03488498
2159,3712,0.0347107
2159,3744,0.03483262
2159,3776,0.034770004
2159,3808,0.03453187
2159,3840,0.03474132
2159,3872,0.034659136
2159,3904,0.03463949
2159,3936,0.03464832
2159,3968,0.034788523
2159,4000,0.034675825
2159,4032,0.034737583
2159,4064,0.034616344
2159,4096,0.034924585
2159,4128,0.034702264
2159,4160,0.03475631
2159,4192,0.034770507
2159,4224,0.034690864
2159,4256,0.03468045
2159,4288,0.034689214
2159,4320,0.034531944
2159,4352,0.03477771
2159,4384,0.034699578
2159,4416,0.03468736
2159,4448,0.034579754
2159,4480,0.034554332
2159,4512,0.034681734
2159,4544,0.034575492
2159,4576,0.034637347
2159,4608,0.034681812
2159,4640,0.034671914
2159,4672,0.034658417
2159,4704,0.034736205
2159,4736,0.03476294
2159,4768,0.03456513
2159,4800,0.034599673
2159,4832,0.034641568
2159,4864,0.034593914
2159,4896,0.034662787
2159,4928,0.034782443
2159,4960,0.034614854
2159,4992,0.03472814
2159,5024,0.03457368
2159,5056,0.03470481
2159,5088,0.034627795
2159,5120,0.034695946
2159,5152,0.03470766
2159,5184,0.0347128
2159,5216,0.034562808
2159,5248,0.034640584
2159,5280,0.034624632
2159,5312,0.034690917
2159,5344,0.03471024
2159,5376,0.03467522
2159,5408,0.03473138
2159,5440,0.03456128
2159,5472,0.034603126
2159,5504,0.034596752
2159,5536,0.034582686
2159,5568,0.034639068
2159,5600,0.03461954
2159,5632,0.03462031
2159,5664,0.034587376
2159,5696,0.034668535
2159,5728,0.034583714
2159,5760,0.034519106
2159,5792,0.03461786
2159,5824,0.034556534
2159,5856,0.034608793
2159,5888,0.034647804
2159,5920,0.034567576
2159,5952,0.03448925
2159,5984,0.03461132
2159,6016,0.03447067
2159,6048,0.03472062
2159,6080,0.034534186
2160,0,0.034689058
2160,32,0.034589786
2160,64,0.034539677
2160,96,0.034669288
2160,128,0.034615804
2160,160,0.034617614
2160,192,0.034625176
2160,224,0.034542397
2160,256,0.034591366
2160,288,0.034555644
2160,320,0.03450587
2160,352,0.034541406
2160,384,0.034564964
2160,416,0.034536354
2160,448,0.034526337
2160,480,0.03449418
2160,512,0.034448747
2160,544,0.034557607
2160,576,0.034338556
2160,608,0.03447987
2160,640,0.034454405
2160,672,0.034500424
2160,704,0.034398913
2160,736,0.034476463
2160,768,0.034557924
2160,800,0.034516778
2160,832,0.034486473
2160,864,0.034628227
2160,896,0.034529895
2160,928,0.03448789
2160,960,0.034410242
2160,992,0.03444817
2160,1024,0.03440471
2160,1056,0.034475297
2160,1088,0.034440957
2160,1120,0.034358155
2160,1152,0.03449788
2160,1184,0.034490943
2160,1216,0.034464043
2160,1248,0.034310594
2160,1280,0.034545608
2160,1312,0.03448197
2160,1344,0.034389466
2160,1376,0.034295745
2160,1408,0.03432388
2160,1440,0.03447052
2160,1472,0.034399506
2160,1504,0.034449894
2160,1536,0.03443543
2160,1568,0.034344286
2160,1600,0.034269713
2160,1632,0.03450142
2160,1664,0.034332033
2160,1696,0.034484487
2160,1728,0.034267906
2160,1760,0.03437145
2160,1792,0.034474168
2160,1824,0.03445842
2160,1856,0.0343216
2160,1888,0.034408763
2160,1920,0.03428586
2160,1952,0.034328207
2160,1984,0.03427005
2160,2016,0.03438943
2160,2048,0.034225572
2160,2080,0.034356907
2160,2112,0.034456395
2160,2144,0.034391124
2160,2176,0.03437582
2160,2208,0.034320004
2160,2240,0.034412403
2160,2272,0.03428172
2160,2304,0.034324545
2160,2336,0.03431036
2160,2368,0.034429803
2160,2400,0.034265857
2160,2432,0.03449583
2160,2464,0.034310915
2160,2496,0.034303784
2160,2528,0.0344248
2160,2560,0.03426716
2160,2592,0.03437782
2160,2624,0.034350652
2160,2656,0.034313567
2160,2688,0.034256358
2160,2720,0.034263104
2160,2752,0.034367137
2160,2784,0.03437224
2160,2816,0.034464292
2160,2848,0.034341905
2160,2880,0.034306284
2160,2912,0.034305796
2160,2944,0.03433358
2160,2976,0.03439209
2160,3008,0.034277033
2160,3040,0.034264624
2160,3072,0.034348723
2160,3104,0.034232114
2160,3136,0.034291483
2160,3168,0.034207296
2160,3200,0.034286868
2160,3232,0.03440919
2160,3264,0.034290954
2160,3296,0.034319356
2160,3328,0.034324516
2160,3360,0.03430545
2160,3392,0.034152076
2160,3424,0.034289457
2160,3456,0.034230936
2160,3488,0.034261733
2160,3520,0.03421789
2160,3552,0.034311093
2160,3584,0.034234952
2160,3616,0.034224506
2160,3648,0.03420035
2160,3680,0.03431487
2160,3712,0.03421711
2160,3744,0.034330826
2160,3776,0.034281854
2160,3808,0.034386765
2160,3840,0.03431285
2160,3872,0.034197133
2160,3904,0.034223754
2160,3936,0.034170292
2160,3968,0.034289356
2160,4000,0.034250643
2160,4032,0.03421897
2160,4064,0.03421921
2160,4096,0.034297325
2160,4128,0.034313828
2160,4160,0.034239106
2160,4192,0.034336515
2160,4224,0.034239057
2160,4256,0.034307387
2160,4288,0.03412147
2160,4320,0.034231577
2160,4352,0.03427688
2160,4384,0.03419328
2160,4416,0.034197293
2160,4448,0.034140084
2160,4480,0.034343407
2160,4512,0.035108335
2160,4544,0.03539826
2160,4576,0.03557102
2160,4608,0.03526239
2160,4640,0.03535973
2160,4672,0.035235584
2160,4704,0.035223763
2160,4736,0.035210017
2160,4768,0.03533732
2160,4800,0.03543242
2160,4832,0.03530794
2160,4864,0.035171982
2160,4896,0.035340726
2160,4928,0.035279572
2160,4960,0.03520277
2160,4992,0.03527051
2160,5024,0.03531351
2160,5056,0.03525847
2160,5088,0.035340067
2160,5120,0.03525234
2160,5152,0.035221733
2160,5184,0.035200827
2160,5216,0.03518312
2160,5248,0.035277754
2160,5280,0.035355486
2160,5312,0.035235725
2160,5344,0.03517488
2160,5376,0.035181656
2160,5408,0.035204947
2160,5440,0.035242803
2160,5472,0.035319738
2160,5504,0.035280444
2160,5536,0.035151143
2160,5568,0.03529716
2160,5600,0.03516151
2160,5632,0.035333157
2160,5664,0.03507995
2160,5696,0.035201572
2160,5728,0.03527926
2160,5760,0.035202246
2160,5792,0.035156492
2160,5824,0.035175472
2160,5856,0.035161734
2160,5888,0.035303902
2160,5920,0.035049003
2160,5952,0.03521723
2160,5984,0.035160817
2160,6016,0.03516193
2160,6048,0.03512935
2160,6080,0.03523039
2161,0,0.035021797
2161,32,0.035204716
2161,64,0.035132706
2161,96,0.03518843
2161,128,0.03521519
2161,160,0.035162304
2161,192,0.0353271
2161,224,0.035248
2161,256,0.03524529
2161,288,0.035131298
2161,320,0.035196114
2161,352,0.03520858
2161,384,0.035094798
2161,416,0.035181012
2161,448,0.0350731
2161,480,0.03515441
2161,512,0.0353217
2161,544,0.03524738
2161,576,0.035041977
2161,608,0.035186496
2161,640,0.035118934
2161,672,0.035281405
2161,704,0.035116673
2161,736,0.03524473
2161,768,0.03506892
2161,800,0.035228785
2161,832,0.035145037
2161,864,0.03520159
2161,896,0.035150096
2161,928,0.035126314
2161,960,0.035058808
2161,992,0.035088878
2161,1024,0.03513414
2161,1056,0.035088096
2161,1088,0.035156853
2161,1120,0.03516537
2161,1152,0.03515199
2161,1184,0.035113964
2161,1216,0.035024278
2161,1248,0.035045944
2161,1280,0.03507551
2161,1312,0.03512037
2161,1344,0.03507619
2161,1376,0.034992702
2161,1408,0.035022736
2161,1440,0.035048343
2161,1472,0.035144486
2161,1504,0.03507483
2161,1536,0.0351008
2161,1568,0.03496429
2161,1600,0.035061948
2161,1632,0.035113532
2161,1664,0.035017785
2161,1696,0.03503462
2161,1728,0.035139114
2161,1760,0.035077643
2161,1792,0.035062928
2161,1824,0.035118878
2161,1856,0.03503255
2161,1888,0.03517648
2161,1920,0.035126224
2161,1952,0.035099298
2161,1984,0.035072405
2161,2016,0.03493032
2161,2048,0.03505019
2161,2080,0.0349682
2161,2112,0.03508194
2161,2144,0.035055168
2161,2176,0.035018004
2161,2208,0.035002403
2161,2240,0.035069793
2161,2272,0.035011224
2161,2304,0.03494924
2161,2336,0.03502098
2161,2368,0.034924865
2161,2400,0.03484161
2161,2432,0.035079308
2161,2464,0.03509119
2161,2496,0.035173014
2161,2528,0.035379563
2161,2560,0.035441853
2161,2592,0.035436463
2161,2624,0.035439394
2161,2656,0.03538547
2161,2688,0.03533884
2161,2720,0.035468638
2161,2752,0.035484925
2161,2784,0.03530604
2161,2816,0.0354011
2161,2848,0.035267625
2161,2880,0.035412136
2161,2912,0.0353816
2161,2944,0.035361186
2161,2976,0.03525401
2161,3008,0.03554893
2161,3040,0.03530593
2161,3072,0.035477627
2161,3104,0.035310764
2161,3136,0.035320785
2161,3168,0.035339423
2161,3200,0.035351492
2161,3232,0.035471126
2161,3264,0.035258908
2161,3296,0.035332296
2161,3328,0.035440218
2161,3360,0.03529858
2161,3392,0.035337843
2161,3424,0.03525538
2161,3456,0.035222016
2161,3488,0.03540058
2161,3520,0.035386413
2161,3552,0.035272326
2161,3584,0.0353817
2161,3616,0.03529321
2161,3648,0.035288706
2161,3680,0.03534906
2161,3712,0.035236686
2161,3744,0.035219286
2161,3776,0.035352726
2161,3808,0.035253372
2161,3840,0.035251375
2161,3872,0.035301365
2161,3904,0.035306357
2161,3936,0.035342
2161,3968,0.0351937
2161,4000,0.03532004
2161,4032,0.035196293
2161,4064,0.035295706
2161,4096,0.035313822
2161,4128,0.03526246
2161,4160,0.03518515
2161,4192,0.03526182
2161,4224,0.03505452
2161,4256,0.03522395
2161,4288,0.03537511
2161,4320,0.03514933
2161,4352,0.035203718
2161,4384,0.035208166
2161,4416,0.035238005
2161,4448,0.035263848
2161,4480,0.035207916
2161,4512,0.035303723
2161,4544,0.035351407
2161,4576,0.035108965
2161,4608,0.03525824
2161,4640,0.035240263
2161,4672,0.035240598
2161,4704,0.035296198
2161,4736,0.03521942
2161,4768,0.03511016
2161,4800,0.035328425
2161,4832,0.035130773
2161,4864,0.035215896
2161,4896,0.035263147
2161,4928,0.03526376
2161,4960,0.035182804
2161,4992,0.035307582
2161,5024,0.035162743
2161,5056,0.035060897
2161,5088,0.035180137
2161,5120,0.035364263
2161,5152,0.035058122
2161,5184,0.03509994
2161,5216,0.035228424
2161,5248,0.035295997
2161,5280,0.035224747
2161,5312,0.03522231
2161,5344,0.03515294
2161,5376,0.03521149
2161,5408,0.035206817
2161,5440,0.035209503
2161,5472,0.03520458
2161,5504,0.035254225
2161,5536,0.035057034
2161,5568,0.03514249
2161,5600,0.03515877
2161,5632,0.035271674
2161,5664,0.0351263
2161,5696,0.035127576
2161,5728,0.035219796
2161,5760,0.035215124
2161,5792,0.03506814
2161,5824,0.03503683
2161,5856,0.035142384
2161,5888,0.035044532
2161,5920,0.03506782
2161,5952,0.035073623
2161,5984,0.034936495
2161,6016,0.03515388
2161,6048,0.035098553
2161,6080,0.035110034
2162,0,0.03513492
2162,32,0.035108507
2162,64,0.03510898
2162,96,0.035246134
2162,128,0.03517891
2162,160,0.035136044
2162,192,0.03516694
2162,224,0.035086185
2162,256,0.0351498
2162,288,0.035048537
2162,320,0.03504982
2162,352,0.03514759
2162,384,0.035093553
2162,416,0.03516715
2162,448,0.035215177
2162,480,0.035320833
2162,512,0.035651293
2162,544,0.03563744
2162,576,0.03553826
2162,608,0.035795704
2162,640,0.035621714
2162,672,0.035631295
2162,704,0.035638038
2162,736,0.035662092
2162,768,0.03567258
2162,800,0.035530128
2162,832,0.03563375
2162,864,0.03550153
2162,896,0.035509612
2162,928,0.035671014
2162,960,0.03564543
2162,992,0.03554349
2162,1024,0.0355885
2162,1056,0.035635818
2162,1088,0.03550197
2162,1120,0.035556298
2162,1152,0.03552383
2162,1184,0.035702158
2162,1216,0.03547362
2162,1248,0.03560586
2162,1280,0.03553551
2162,1312,0.03554164
2162,1344,0.03554707
2162,1376,0.03566894
2162,1408,0.035532918
2162,1440,0.035475947
2162,1472,0.035382587
2162,1504,0.035644
2162,1536,0.035482302
2162,1568,0.03544302
2162,1600,0.0355595
2162,1632,0.03552436
2162,1664,0.035592802
2162,1696,0.03542408
2162,1728,0.035578635
2162,1760,0.03538842
2162,1792,0.035461366
2162,1824,0.03551836
2162,1856,0.035440154
2162,1888,0.03557384
2162,1920,0.035393346
2162,1952,0.03550642
2162,1984,0.035434596
2162,2016,0.035573803
2162,2048,0.035475902
2162,2080,0.03543767
2162,2112,0.035523947
2162,2144,0.03550479
2162,2176,0.035471205
2162,2208,0.03534567
2162,2240,0.035523415
2162,2272,0.03541619
2162,2304,0.035551112
2162,2336,0.035468075
2162,2368,0.03554223
2162,2400,0.035534207
2162,2432,0.03541597
2162,2464,0.03543006
2162,2496,0.03527782
2162,2528,0.03537717
2162,2560,0.035496354
2162,2592,0.035462435
2162,2624,0.035476536
2162,2656,0.035404332
2162,2688,0.0354261
2162,2720,0.03556628
2162,2752,0.035393663
2162,2784,0.035482995
2162,2816,0.035584755
2162,2848,0.035416353
2162,2880,0.03547977
2162,2912,0.035425846
2162,2944,0.035481136
2162,2976,0.035409868
2162,3008,0.03535712
2162,3040,0.035486113
2162,3072,0.035407588
2162,3104,0.035600066
2162,3136,0.035280406
2162,3168,0.03552579
2162,3200,0.035400115
2162,3232,0.035325818
2162,3264,0.03547539
2162,3296,0.035384804
2162,3328,0.035484448
2162,3360,0.035374474
2162,3392,0.035334628
2162,3424,0.03542496
2162,3456,0.03539725
2162,3488,0.035359167
2162,3520,0.03531737
2162,3552,0.035346694
2162,3584,0.035397273
2162,3616,0.035469584
2162,3648,0.035410434
2162,3680,0.035370775
2162,3712,0.03546249
2162,3744,0.03540563
2162,3776,0.0354726
2162,3808,0.0354077
2162,3840,0.0352495
2162,3872,0.035400324
2162,3904,0.035370894
2162,3936,0.03536658
2162,3968,0.035381168
2162,4000,0.03533371
2162,4032,0.035390463
2162,4064,0.03539698
2162,4096,0.03540036
2162,4128,0.035318553
2162,4160,0.035339437
2162,4192,0.03543557
2162,4224,0.03523523
2162,4256,0.03533202
2162,4288,0.035318326
2162,4320,0.03523459
2162,4352,0.035348542
2162,4384,0.035384007
2162,4416,0.035348207
2162,4448,0.035340603
2162,4480,0.035406124
2162,4512,0.035261028
2162,4544,0.035266947
2162,4576,0.03513592
2162,4608,0.034931786
2162,4640,0.034982257
2162,4672,0.03485239
2162,4704,0.034960743
2162,4736,0.03513962
2162,4768,0.03506348
2162,4800,0.03497946
2162,4832,0.03509357
2162,4864,0.034989744
2162,4896,0.034891948
2162,4928,0.03489271
2162,4960,0.034897428
2162,4992,0.034904096
2162,5024,0.034901366
2162,5056,0.034934938
2162,5088,0.034959406
2162,5120,0.03493693
2162,5152,0.035032224
2162,5184,0.03497149
2162,5216,0.034817953
2162,5248,0.034923583
2162,5280,0.034842227
2162,5312,0.034855034
2162,5344,0.034910657
2162,5376,0.03482674
2162,5408,0.034782767
2162,5440,0.034892574
2162,5472,0.03479201
2162,5504,0.0349664
2162,5536,0.034951605
2162,5568,0.0348182
2162,5600,0.034879133
2162,5632,0.034814093
2162,5664,0.03490228
2162,5696,0.034951225
2162,5728,0.034947217
2162,5760,0.03486413
2162,5792,0.034870964
2162,5824,0.034835596
2162,5856,0.034968067
2162,5888,0.03484336
2162,5920,0.03505794
2162,5952,0.03488217
2162,5984,0.034956463
2162,6016,0.03493449
2162,6048,0.034799885
2162,6080,0.034719914
2163,0,0.034843918
2163,32,0.03476311
2163,64,0.03486852
2163,96,0.034778934
2163,128,0.034936536
2163,160,0.034914345
2163,192,0.03490561
2163,224,0.034732237
2163,256,0.034775347
2163,288,0.034875825
2163,320,0.03468217
2163,352,0.034928273
2163,384,0.03466951
2163,416,0.03476128
2163,448,0.03480194
2163,480,0.034751005
2163,512,0.034920868
2163,544,0.034821443
2163,576,0.034863293
2163,608,0.03490342
2163,640,0.034811098
2163,672,0.034846973
2163,704,0.034922358
2163,736,0.034912594
2163,768,0.03482171
2163,800,0.034891505
2163,832,0.03479337
2163,864,0.034802947
2163,896,0.0346748
2163,928,0.034874007
2163,960,0.03478956
2163,992,0.034788653
2163,1024,0.034685243
2163,1056,0.034837585
2163,1088,0.03484866
2163,1120,0.034775335
2163,1152,0.03468224
2163,1184,0.034921166
2163,1216,0.034858234
2163,1248,0.03481529
2163,1280,0.034764893
2163,1312,0.03480932
2163,1344,0.03479199
2163,1376,0.03476648
2163,1408,0.034809813
2163,1440,0.034832474
2163,1472,0.03469913
2163,1504,0.0347316
2163,1536,0.034717586
2163,1568,0.034708317
2163,1600,0.034688927
2163,1632,0.034780405
2163,1664,0.03487494
2163,1696,0.03479402
2163,1728,0.03477714
2163,1760,0.034687974
2163,1792,0.03486202
2163,1824,0.03475144
2163,1856,0.03472369
2163,1888,0.034789406
2163,1920,0.03473318
2163,1952,0.034818415
2163,1984,0.03471024
2163,2016,0.03468125
2163,2048,0.034803774
2163,2080,0.03478259
2163,2112,0.034685515
2163,2144,0.03480477
2163,2176,0.03462379
2163,2208,0.034764644
2163,2240,0.034706004
2163,2272,0.034714114
2163,2304,0.03482401
2163,2336,0.034699846
2163,2368,0.034677975
2163,2400,0.034797803
2163,2432,0.034693576
2163,2464,0.03465139
2163,2496,0.034719326
2163,2528,0.03477193
2163,2560,0.034672197
2163,2592,0.034821924
2163,2624,0.034683745
2163,2656,0.034630068
2163,2688,0.034647565
2163,2720,0.03461368
2163,2752,0.034699928
2163,2784,0.0346756
2163,2816,0.034596592
2163,2848,0.034656875
2163,2880,0.034694515
2163,2912,0.034651592
2163,2944,0.034599204
2163,2976,0.03465787
2163,3008,0.03449551
2163,3040,0.034634866
2163,3072,0.03459883
2163,3104,0.034645464
2163,3136,0.03465652
2163,3168,0.034593962
2163,3200,0.034504432
2163,3232,0.034673672
2163,3264,0.034570385
2163,3296,0.0346663
2163,3328,0.034505963
2163,3360,0.03465816
2163,3392,0.03465347
2163,3424,0.03447953
2163,3456,0.034603454
2163,3488,0.034587234
2163,3520,0.03452737
2163,3552,0.034604885
2163,3584,0.034644727
2163,3616,0.0345544
2163,3648,0.034480866
2163,3680,0.034548283
2163,3712,0.034610808
2163,3744,0.034647893
2163,3776,0.034552347
2163,3808,0.034623794
2163,3840,0.03464546
2163,3872,0.034627475
2163,3904,0.034569737
2163,3936,0.0344598
2163,3968,0.034644738
2163,4000,0.034441497
2163,4032,0.034541078
2163,4064,0.034503218
2163,4096,0.03449049
2163,4128,0.03445425
2163,4160,0.03450477
2163,4192,0.034586783
2163,4224,0.034680992
2163,4256,0.034437638
2163,4288,0.03443829
2163,4320,0.034573767
2163,4352,0.034631826
2163,4384,0.03452375
2163,4416,0.034461528
2163,4448,0.034567367
2163,4480,0.0345478
2163,4512,0.034473717
2163,4544,0.03436765
2163,4576,0.0345265
2163,4608,0.034584474
2163,4640,0.03466199
2163,4672,0.03451838
2163,4704,0.034505367
2163,4736,0.034502227
2163,4768,0.034411963
2163,4800,0.03453859
2163,4832,0.034462605
2163,4864,0.03456065
2163,4896,0.034559917
2163,4928,0.034550115
2163,4960,0.034452222
2163,4992,0.03452403
2163,5024,0.03444305
2163,5056,0.0344757
2163,5088,0.03453146
2163,5120,0.034496445
2163,5152,0.034363355
2163,5184,0.034451306
2163,5216,0.034481898
2163,5248,0.034558583
2163,5280,0.034302235
2163,5312,0.03442532
2163,5344,0.03441116
2163,5376,0.03440845
2163,5408,0.034385256
2163,5440,0.03460913
2163,5472,0.034394454
2163,5504,0.03446085
2163,5536,0.034417734
2163,5568,0.034504663
2163,5600,0.034489114
2163,5632,0.034524895
2163,5664,0.034353692
2163,5696,0.034515966
2163,5728,0.034374442
2163,5760,0.03440886
2163,5792,0.034451973
2163,5824,0.034408156
2163,5856,0.03440627
2163,5888,0.0343047
2163,5920,0.03440103
2163,5952,0.034528222
2163,5984,0.034441255
2163,6016,0.03445167
2163,6048,0.034510233
2163,6080,0.034428075
2164,0,0.03445584
2164,32,0.034438223
2164,64,0.03460586
2164,96,0.03449148
2164,128,0.034414653
2164,160,0.03435846
2164,192,0.03448598
2164,224,0.0345157
2164,256,0.034415387
2164,288,0.03438769
2164,320,0.03441748
2164,352,0.03448492
2164,384,0.03444414
2164,416,0.034412682
2164,448,0.034426905
2164,480,0.034478527
2164,512,0.034418665
2164,544,0.03450627
2164,576,0.035115875
2164,608,0.035331797
2164,640,0.035484076
2164,672,0.035493545
2164,704,0.035376787
2164,736,0.0354549
2164,768,0.035429146
2164,800,0.035447933
2164,832,0.035424255
2164,864,0.035440885
2164,896,0.035326652
2164,928,0.03532548
2164,960,0.035414003
2164,992,0.035332955
2164,1024,0.035521757
2164,1056,0.035437338
2164,1088,0.035420865
2164,1120,0.03532168
2164,1152,0.03545316
2164,1184,0.035319008
2164,1216,0.03534974
2164,1248,0.035267845
2164,1280,0.035508595
2164,1312,0.035413474
2164,1344,0.035269152
2164,1376,0.03539588
2164,1408,0.035387844
2164,1440,0.0353946
2164,1472,0.035481606
2164,1504,0.03533391
2164,1536,0.035382193
2164,1568,0.035316255
2164,1600,0.035280947
2164,1632,0.035242427
2164,1664,0.035288904
2164,1696,0.035251856
2164,1728,0.0353394
2164,1760,0.03527051
2164,1792,0.035357345
2164,1824,0.03527393
2164,1856,0.035387337
2164,1888,0.03543231
2164,1920,0.035327088
2164,1952,0.035291962
2164,1984,0.03534776
2164,2016,0.035283566
2164,2048,0.03528736
2164,2080,0.03521125
2164,2112,0.03541563
2164,2144,0.035416678
2164,2176,0.035358682
2164,2208,0.03524525
2164,2240,0.035320546
2164,2272,0.035294443
2164,2304,0.0352148
2164,2336,0.03536023
2164,2368,0.03527719
2164,2400,0.03522791
2164,2432,0.03526924
2164,2464,0.03521211
2164,2496,0.035345785
2164,2528,0.035226412
2164,2560,0.035327323
2164,2592,0.035447102
2164,2624,0.035286997
2164,2656,0.035332005
2164,2688,0.035219673
2164,2720,0.035343785
2164,2752,0.035197333
2164,2784,0.03516774
2164,2816,0.03518089
2164,2848,0.03522488
2164,2880,0.035273865
2164,2912,0.03528961
2164,2944,0.035081014
2164,2976,0.035277005
2164,3008,0.035325564
2164,3040,0.035112232
2164,3072,0.035309862
2164,3104,0.03514018
2164,3136,0.03528805
2164,3168,0.035234693
2164,3200,0.035287213
2164,3232,0.03523966
2164,3264,0.035240985
2164,3296,0.03526373
2164,3328,0.03523008
2164,3360,0.035125095
2164,3392,0.035263047
2164,3424,0.03520011
2164,3456,0.03511202
2164,3488,0.035321403
2164,3520,0.03501938
2164,3552,0.035261847
2164,3584,0.03512663
2164,3616,0.03512848
2164,3648,0.03530498
2164,3680,0.03521042
2164,3712,0.03521142
2164,3744,0.0351766
2164,3776,0.03531399
2164,3808,0.035276815
2164,3840,0.035256118
2164,3872,0.035228018
2164,3904,0.03525503
2164,3936,0.035210088
2164,3968,0.035277124
2164,4000,0.034987215
2164,4032,0.03532043
2164,4064,0.035284948
2164,4096,0.035184022
2164,4128,0.03525936
2164,4160,0.035184965
2164,4192,0.0351507
2164,4224,0.035193145
2164,4256,0.035302535
2164,4288,0.03508928
2164,4320,0.035194192
2164,4352,0.035116706
2164,4384,0.035037104
2164,4416,0.03504409
2164,4448,0.035198428
2164,4480,0.03501343
2164,4512,0.03521618
2164,4544,0.03516422
2164,4576,0.03518934
2164,4608,0.03520857
2164,4640,0.035165146
2164,4672,0.035422664
2164,4704,0.035381716
2164,4736,0.035385042
2164,4768,0.03529084
2164,4800,0.035470363
2164,4832,0.035355564
2164,4864,0.035376746
2164,4896,0.035463404
2164,4928,0.035427183
2164,4960,0.035347912
2164,4992,0.035400897
2164,5024,0.035363432
2164,5056,0.035397902
2164,5088,0.035349373
2164,5120,0.03529965
2164,5152,0.03532775
2164,5184,0.03536295
2164,5216,0.035292827
2164,5248,0.035332114
2164,5280,0.035256196
2164,5312,0.035404466
2164,5344,0.035354886
2164,5376,0.035433292
2164,5408,0.03539844
2164,5440,0.035267487
2164,5472,0.035403233
2164,5504,0.035316814
2164,5536,0.035370905
2164,5568,0.03542824
2164,5600,0.03537962
2164,5632,0.035420828
2164,5664,0.035369437
2164,5696,0.035290916
2164,5728,0.03514169
2164,5760,0.035424553
2164,5792,0.035300616
2164,5824,0.03541709
2164,5856,0.035299793
2164,5888,0.03526416
2164,5920,0.035253957
2164,5952,0.03526333
2164,5984,0.035303082
2164,6016,0.03531264
2164,6048,0.035486385
2164,6080,0.03534506
2165,0,0.035279814
2165,32,0.035220698
2165,64,0.035199303
2165,96,0.03528585
2165,128,0.03521171
2165,160,0.03536726
2165,192,0.03527347
2165,224,0.03523125
2165,256,0.035194866
2165,288,0.03523434
2165,320,0.03537872
2165,352,0.035331346
2165,384,0.03522055
2165,416,0.035294812
2165,448,0.035311464
2165,480,0.035216946
2165,512,0.035302818
2165,544,0.03527765
2165,576,0.035283897
2165,608,0.035276555
2165,640,0.035183832
2165,672,0.035215687
2165,704,0.035380494
2165,736,0.03527177
2165,768,0.03532211
2165,800,0.035143558
2165,832,0.035177775
2165,864,0.035413038
2165,896,0.035258465
2165,928,0.035308104
2165,960,0.035277363
2165,992,0.03519303
2165,1024,0.0351382
2165,1056,0.035322946
2165,1088,0.035198662
2165,1120,0.035104398
2165,1152,0.035315733
2165,1184,0.03518756
2165,1216,0.035187293
2165,1248,0.035161324
2165,1280,0.03511373
2165,1312,0.03526326
2165,1344,0.035054754
2165,1376,0.03519274
2165,1408,0.035280727
2165,1440,0.035329144
2165,1472,0.035307094
2165,1504,0.03508287
2165,1536,0.035214275
2165,1568,0.03519943
2165,1600,0.035187554
2165,1632,0.03530159
2165,1664,0.035215493
2165,1696,0.035180803
2165,1728,0.03521504
2165,1760,0.035122618
2165,1792,0.03523033
2165,1824,0.03522942
2165,1856,0.03509354
2165,1888,0.035152834
2165,1920,0.035172664
2165,1952,0.035193358
2165,1984,0.035124086
2165,2016,0.03508008
2165,2048,0.035109088
2165,2080,0.035162397
2165,2112,0.035211727
2165,2144,0.035117622
2165,2176,0.03524255
2165,2208,0.035162803
2165,2240,0.03514691
2165,2272,0.035279132
2165,2304,0.03517755
2165,2336,0.03511197
2165,2368,0.035190966
2165,2400,0.034976695
2165,2432,0.03506029
2165,2464,0.035165355
2165,2496,0.035127748
2165,2528,0.035142686
2165,2560,0.035095572
2165,2592,0.03514372
2165,2624,0.035142925
2165,2656,0.03527165
2165,2688,0.035432834
2165,2720,0.035385255
2165,2752,0.035245173
2165,2784,0.035376124
2165,2816,0.03531661
2165,2848,0.035272546
2165,2880,0.03526581
2165,2912,0.03531131
2165,2944,0.035391755
2165,2976,0.035220597
2165,3008,0.035182174
2165,3040,0.03525553
2165,3072,0.035185087
2165,3104,0.035167832
2165,3136,0.035319332
2165,3168,0.035230566
2165,3200,0.035259515
2165,3232,0.03513116
2165,3264,0.035175547
2165,3296,0.03532296
2165,3328,0.035174362
2165,3360,0.035193425
2165,3392,0.03526281
2165,3424,0.035170097
2165,3456,0.035031557
2165,3488,0.03523002
2165,3520,0.03515513
2165,3552,0.03518012
2165,3584,0.03539502
2165,3616,0.03515446
2165,3648,0.035244636
2165,3680,0.035236996
2165,3712,0.035256527
2165,3744,0.03523647
2165,3776,0.035099138
2165,3808,0.035218906
2165,3840,0.035230875
2165,3872,0.035168868
2165,3904,0.035262864
2165,3936,0.035169005
2165,3968,0.035102267
2165,4000,0.035122987
2165,4032,0.03508114
2165,4064,0.035112683
2165,4096,0.035240933
2165,4128,0.03513587
2165,4160,0.035089757
2165,4192,0.03509062
2165,4224,0.035020683
2165,4256,0.0350954
2165,4288,0.03517674
2165,4320,0.03501731
2165,4352,0.035280578
2165,4384,0.035265278
2165,4416,0.035077468
2165,4448,0.035148453
2165,4480,0.035096776
2165,4512,0.03512716
2165,4544,0.03508649
2165,4576,0.035109658
2165,4608,0.03507909
2165,4640,0.035098717
2165,4672,0.03507985
2165,4704,0.034975726
2165,4736,0.03515981
2165,4768,0.03493142
2165,4800,0.035137948
2165,4832,0.035243716
2165,4864,0.035039086
2165,4896,0.035120632
2165,4928,0.03502582
2165,4960,0.03505519
2165,4992,0.035093874
2165,5024,0.034915615
2165,5056,0.03516518
2165,5088,0.035086524
2165,5120,0.035050873
2165,5152,0.035106115
2165,5184,0.035066683
2165,5216,0.035152547
2165,5248,0.03505238
2165,5280,0.03500487
2165,5312,0.03504217
2165,5344,0.03511526
2165,5376,0.03501026
2165,5408,0.03514999
2165,5440,0.035089936
2165,5472,0.035055958
2165,5504,0.035100363
2165,5536,0.03502854
2165,5568,0.03499919
2165,5600,0.035148278
2165,5632,0.035054047
2165,5664,0.034953117
2165,5696,0.035138644
2165,5728,0.035098717
2165,5760,0.03498471
2165,5792,0.034958813
2165,5824,0.035131525
2165,5856,0.035054598
2165,5888,0.034972176
2165,5920,0.0350262
2165,5952,0.034941938
2165,5984,0.035074484
2165,6016,0.03492376
2165,6048,0.03512809
2165,6080,0.035023794
2166,0,0.03510117
2166,32,0.035003647
2166,64,0.034962125
2166,96,0.034956936
2166,128,0.034948956
2166,160,0.035051297
2166,192,0.03501809
2166,224,0.034971073
2166,256,0.035039894
2166,288,0.035063945
2166,320,0.035110593
2166,352,0.03498792
2166,384,0.03493305
2166,416,0.03502132
2166,448,0.034922753
2166,480,0.03507764
2166,512,0.03509562
2166,544,0.034977216
2166,576,0.034902073
2166,608,0.03493874
2166,640,0.034985926
2166,672,0.03509805
2166,704,0.035104603
2166,736,0.03515516
2166,768,0.035072908
2166,800,0.03510596
2166,832,0.03514358
2166,864,0.03518724
2166,896,0.03509494
2166,928,0.035019822
2166,960,0.035214875
2166,992,0.034974903
2166,1024,0.03505494
2166,1056,0.035087362
2166,1088,0.03525713
2166,1120,0.03498075
2166,1152,0.03521325
2166,1184,0.0351161
2166,1216,0.035131566
2166,1248,0.035123046
2166,1280,0.034970954
2166,1312,0.035048533
2166,1344,0.035176978
2166,1376,0.0351358
2166,1408,0.035144046
2166,1440,0.0350491
2166,1472,0.03506985
2166,1504,0.035062112
2166,1536,0.03502319
2166,1568,0.035085645
2166,1600,0.035043143
2166,1632,0.03496384
2166,1664,0.034960624
2166,1696,0.034966007
2166,1728,0.035269335
2166,1760,0.03484478
2166,1792,0.03493156
2166,1824,0.034961507
2166,1856,0.0349465
2166,1888,0.035013426
2166,1920,0.034966722
2166,1952,0.035090998
2166,1984,0.03507045
2166,2016,0.034894083
2166,2048,0.035110272
2166,2080,0.03488805
2166,2112,0.035108518
2166,2144,0.035001956
2166,2176,0.03498398
2166,2208,0.034977388
2166,2240,0.034866966
2166,2272,0.035004362
2166,2304,0.035010163
2166,2336,0.03494401
2166,2368,0.035038915
2166,2400,0.035048675
2166,2432,0.035058025
2166,2464,0.035149947
2166,2496,0.034956936
2166,2528,0.0350688
2166,2560,0.03490778
2166,2592,0.034952816
2166,2624,0.035075113
2166,2656,0.034953617
2166,2688,0.03506415
2166,2720,0.03498137
2166,2752,0.034912255
2166,2784,0.03487199
2166,2816,0.034953073
2166,2848,0.035066713
2166,2880,0.034989107
2166,2912,0.034906793
2166,2944,0.03495708
2166,2976,0.034815673
2166,3008,0.03508999
2166,3040,0.03491542
2166,3072,0.03501995
2166,3104,0.034866493
2166,3136,0.03511216
2166,3168,0.03496508
2166,3200,0.034871124
2166,3232,0.034900915
2166,3264,0.034888294
2166,3296,0.034919642
2166,3328,0.034828916
2166,3360,0.034986682
2166,3392,0.03500931
2166,3424,0.0349029
2166,3456,0.034920506
2166,3488,0.0351235
2166,3520,0.034782905
2166,3552,0.03496596
2166,3584,0.034911774
2166,3616,0.034925863
2166,3648,0.03498704
2166,3680,0.034962595
2166,3712,0.034945257
2166,3744,0.03488686
2166,3776,0.034884743
2166,3808,0.034893576
2166,3840,0.034925513
2166,3872,0.03494034
2166,3904,0.0349262
2166,3936,0.035000045
2166,3968,0.03484268
2166,4000,0.03501524
2166,4032,0.0348361
2166,4064,0.034895074
2166,4096,0.03490245
2166,4128,0.03492999
2166,4160,0.034768075
2166,4192,0.0348196
2166,4224,0.03490474
2166,4256,0.034858532
2166,4288,0.034816567
2166,4320,0.0349961
2166,4352,0.03482808
2166,4384,0.03487066
2166,4416,0.034918644
2166,4448,0.034816664
2166,4480,0.034910623
2166,4512,0.034792606
2166,4544,0.034893647
2166,4576,0.03480332
2166,4608,0.03483723
2166,4640,0.034861434
2166,4672,0.03483586
2166,4704,0.03486649
2166,4736,0.034966156
2166,4768,0.03523295
2166,4800,0.03529408
2166,4832,0.03533126
2166,4864,0.03526601
2166,4896,0.03538155
2166,4928,0.035168104
2166,4960,0.035168055
2166,4992,0.035446636
2166,5024,0.03521661
2166,5056,0.035197645
2166,5088,0.03511502
2166,5120,0.03516965
2166,5152,0.035139702
2166,5184,0.035276193
2166,5216,0.035282664
2166,5248,0.035152756
2166,5280,0.035232615
2166,5312,0.035148814
2166,5344,0.035310443
2166,5376,0.035134498
2166,5408,0.035171166
2166,5440,0.035150558
2166,5472,0.035174195
2166,5504,0.035309024
2166,5536,0.035128236
2166,5568,0.03516568
2166,5600,0.035135914
2166,5632,0.03513352
2166,5664,0.035109088
2166,5696,0.03502694
2166,5728,0.035027552
2166,5760,0.03513178
2166,5792,0.035167925
2166,5824,0.03505349
2166,5856,0.035046913
2166,5888,0.03514889
2166,5920,0.03524847
2166,5952,0.035207327
2166,5984,0.035313807
2166,6016,0.035078075
2166,6048,0.035248518
2166,6080,0.03511587
2167,0,0.03515688
2167,32,0.035178807
2167,64,0.035045173
2167,96,0.035180442
2167,128,0.035180967
2167,160,0.035114292
2167,192,0.03517495
2167,224,0.035106596
2167,256,0.03514592
2167,288,0.035034075
2167,320,0.03510458
2167,352,0.03507302
2167,384,0.035121
2167,416,0.03505687
2167,448,0.03499903
2167,480,0.035074364
2167,512,0.03513978
2167,544,0.035064142
2167,576,0.034988306
2167,608,0.03513915
2167,640,0.03509432
2167,672,0.03520571
2167,704,0.035157416
2167,736,0.03511677
2167,768,0.0350462
2167,800,0.03515649
2167,832,0.03499924
2167,864,0.035016276
2167,896,0.035071537
2167,928,0.035127897
2167,960,0.03495548
2167,992,0.03505653
2167,1024,0.035139363
2167,1056,0.035164233
2167,1088,0.035022464
2167,1120,0.035188965
2167,1152,0.03514078
2167,1184,0.03503536
2167,1216,0.035028517
2167,1248,0.034981314
2167,1280,0.035058104
2167,1312,0.035079032
2167,1344,0.035173006
2167,1376,0.034999583
2167,1408,0.035083506
2167,1440,0.03504061
2167,1472,0.034977466
2167,1504,0.03500584
2167,1536,0.035158314
2167,1568,0.035023145
2167,1600,0.035039876
2167,1632,0.034996755
2167,1664,0.035139747
2167,1696,0.03508865
2167,1728,0.03506574
2167,1760,0.035055313
2167,1792,0.035076745
2167,1824,0.03502817
2167,1856,0.034883745
2167,1888,0.035098605
2167,1920,0.035100594
2167,1952,0.034956418
2167,1984,0.03502124
2167,2016,0.03502337
2167,2048,0.034966443
2167,2080,0.035093915
2167,2112,0.035030082
2167,2144,0.034993663
2167,2176,0.03509624
2167,2208,0.034974903
2167,2240,0.0349025
2167,2272,0.034848947
2167,2304,0.03503645
2167,2336,0.035024285
2167,2368,0.035008658
2167,2400,0.03498919
2167,2432,0.03499732
2167,2464,0.0350456
2167,2496,0.035010293
2167,2528,0.035139073
2167,2560,0.034980197
2167,2592,0.035044767
2167,2624,0.03502004
2167,2656,0.03503933
2167,2688,0.03515631
2167,2720,0.03500757
2167,2752,0.035239577
2167,2784,0.03521324
2167,2816,0.03515058
2167,2848,0.035041906
2167,2880,0.035108276
2167,2912,0.035168435
2167,2944,0.035081778
2167,2976,0.03527934
2167,3008,0.035070233
2167,3040,0.035187032
2167,3072,0.035089176
2167,3104,0.035274554
2167,3136,0.035110716
2167,3168,0.035078682
2167,3200,0.03517327
2167,3232,0.03513803
2167,3264,0.03513438
2167,3296,0.035055235
2167,3328,0.03524689
2167,3360,0.03513382
2167,3392,0.035015788
2167,3424,0.035234623
2167,3456,0.035237268
2167,3488,0.03521002
2167,3520,0.035194296
2167,3552,0.035142835
2167,3584,0.035075393
2167,3616,0.03491267
2167,3648,0.035031643
2167,3680,0.035135437
2167,3712,0.035181887
2167,3744,0.03515397
2167,3776,0.035087053
2167,3808,0.03500503
2167,3840,0.035059005
2167,3872,0.035154108
2167,3904,0.035070956
2167,3936,0.034943182
2167,3968,0.03500837
2167,4000,0.035127476
2167,4032,0.035135657
2167,4064,0.03509982
2167,4096,0.03507778
2167,4128,0.03513083
2167,4160,0.035021354
2167,4192,0.03499924
2167,4224,0.035068944
2167,4256,0.03503561
2167,4288,0.03500482
2167,4320,0.03507768
2167,4352,0.03508875
2167,4384,0.03506348
2167,4416,0.03503956
2167,4448,0.03498007
2167,4480,0.035127044
2167,4512,0.034954328
2167,4544,0.034978464
2167,4576,0.035130035
2167,4608,0.034985207
2167,4640,0.03499833
2167,4672,0.035117798
2167,4704,0.035073943
2167,4736,0.034977272
2167,4768,0.03488208
2167,4800,0.03511226
2167,4832,0.034965042
2167,4864,0.034949016
2167,4896,0.034932345
2167,4928,0.03500481
2167,4960,0.03495793
2167,4992,0.035093088
2167,5024,0.035064995
2167,5056,0.03498367
2167,5088,0.03499997
2167,5120,0.034901787
2167,5152,0.034978524
2167,5184,0.0348863
2167,5216,0.03500879
2167,5248,0.034962807
2167,5280,0.035034906
2167,5312,0.034941375
2167,5344,0.035052806
2167,5376,0.03487968
2167,5408,0.03499102
2167,5440,0.03493168
2167,5472,0.03500443
2167,5504,0.035013214
2167,5536,0.035007946
2167,5568,0.034842856
2167,5600,0.034809574
2167,5632,0.03494555
2167,5664,0.03496338
2167,5696,0.03485513
2167,5728,0.034921467
2167,5760,0.034866147
2167,5792,0.035016123
2167,5824,0.034977987
2167,5856,0.034885716
2167,5888,0.035111103
2167,5920,0.03495924
2167,5952,0.034995317
2167,5984,0.034933124
2167,6016,0.035021223
2167,6048,0.035063166
2167,6080,0.034977846
2168,0,0.03506219
2168,32,0.03503493
2168,64,0.035005037
2168,96,0.034932625
2168,128,0.034833737
2168,160,0.035069805
2168,192,0.0349615
2168,224,0.034920655
2168,256,0.034856137
2168,288,0.035001297
2168,320,0.034989912
2168,352,0.03487998
2168,384,0.03502715
2168,416,0.03489663
2168,448,0.034907363
2168,480,0.034847584
2168,512,0.034958962
2168,544,0.035054065
2168,576,0.035062436
2168,608,0.034949653
2168,640,0.034891598
2168,672,0.034830276
2168,704,0.034926143
2168,736,0.035180993
2168,768,0.035230216
2168,800,0.03525854
2168,832,0.03505098
2168,864,0.03507512
2168,896,0.035087004
2168,928,0.035179023
2168,960,0.035391755
2168,992,0.035130125
2168,1024,0.03524605
2168,1056,0.035146788
2168,1088,0.035235994
2168,1120,0.035201628
2168,1152,0.035005502
2168,1184,0.035182633
2168,1216,0.035240326
2168,1248,0.03516858
2168,1280,0.035107903
2168,1312,0.035149828
2168,1344,0.03511077
2168,1376,0.03517997
2168,1408,0.035205983
2168,1440,0.035152145
2168,1472,0.0352517
2168,1504,0.035198357
2168,1536,0.0351381
2168,1568,0.03527244
2168,1600,0.035154805
2168,1632,0.035235588
2168,1664,0.035136282
2168,1696,0.035028815
2168,1728,0.0351194
2168,1760,0.035150476
2168,1792,0.03515608
2168,1824,0.035096623
2168,1856,0.035129763
2168,1888,0.035062544
2168,1920,0.035060186
2168,1952,0.035086337
2168,1984,0.03500256
2168,2016,0.035059206
2168,2048,0.035018962
2168,2080,0.03529214
2168,2112,0.03500499
2168,2144,0.03520574
2168,2176,0.035067894
2168,2208,0.035228435
2168,2240,0.035128757
2168,2272,0.035209678
2168,2304,0.03510415
2168,2336,0.0350112
2168,2368,0.035020806
2168,2400,0.035069093
2168,2432,0.035119176
2168,2464,0.035066888
2168,2496,0.035116453
2168,2528,0.03500275
2168,2560,0.035097353
2168,2592,0.03511806
2168,2624,0.035185803
2168,2656,0.035180993
2168,2688,0.035108976
2168,2720,0.03504774
2168,2752,0.035027258
2168,2784,0.03492118
2168,2816,0.034956347
2168,2848,0.03502732
2168,2880,0.035126958
2168,2912,0.035118543
2168,2944,0.034976307
2168,2976,0.03495835
2168,3008,0.0350423
2168,3040,0.03497219
2168,3072,0.03497327
2168,3104,0.035057418
2168,3136,0.035027504
2168,3168,0.0350994
2168,3200,0.035009168
2168,3232,0.034965005
2168,3264,0.035103332
2168,3296,0.034949612
2168,3328,0.03507736
2168,3360,0.03510994
2168,3392,0.034985792
2168,3424,0.03490416
2168,3456,0.034962147
2168,3488,0.03511353
2168,3520,0.03503819
2168,3552,0.035014667
2168,3584,0.034937415
2168,3616,0.035087
2168,3648,0.035029825
2168,3680,0.034856927
2168,3712,0.034954127
2168,3744,0.03503124
2168,3776,0.03498802
2168,3808,0.03499433
2168,3840,0.034947023
2168,3872,0.03494701
2168,3904,0.034955498
2168,3936,0.03503429
2168,3968,0.03497164
2168,4000,0.03506477
2168,4032,0.034950342
2168,4064,0.03500279
2168,4096,0.034959614
2168,4128,0.035003368
2168,4160,0.034910187
2168,4192,0.034976773
2168,4224,0.03498805
2168,4256,0.035084277
2168,4288,0.03486572
2168,4320,0.035017177
2168,4352,0.034918975
2168,4384,0.034898266
2168,4416,0.035029333
2168,4448,0.035016257
2168,4480,0.035100795
2168,4512,0.03490293
2168,4544,0.03504813
2168,4576,0.034865994
2168,4608,0.03506214
2168,4640,0.034952708
2168,4672,0.034955673
2168,4704,0.03499192
2168,4736,0.034787554
2168,4768,0.03492495
2168,4800,0.034890838
2168,4832,0.035348713
2168,4864,0.035313573
2168,4896,0.035292942
2168,4928,0.03522065
2168,4960,0.035379097
2168,4992,0.03525291
2168,5024,0.035356775
2168,5056,0.035285894
2168,5088,0.03538669
2168,5120,0.035358172
2168,5152,0.035300776
2168,5184,0.035099134
2168,5216,0.035218604
2168,5248,0.035263516
2168,5280,0.03530272
2168,5312,0.035242382
2168,5344,0.035259306
2168,5376,0.03529267
2168,5408,0.03520794
2168,5440,0.03525997
2168,5472,0.035201922
2168,5504,0.035240766
2168,5536,0.03525567
2168,5568,0.035162617
2168,5600,0.035236184
2168,5632,0.03522272
2168,5664,0.035321146
2168,5696,0.03522387
2168,5728,0.035228834
2168,5760,0.03534603
2168,5792,0.03525373
2168,5824,0.035170723
2168,5856,0.035204027
2168,5888,0.03522464
2168,5920,0.035249855
2168,5952,0.035275962
2168,5984,0.03528899
2168,6016,0.03533558
2168,6048,0.035208113
2168,6080,0.035204716
2169,0,0.035065923
2169,32,0.035241347
2169,64,0.035277024
2169,96,0.035351455
2169,128,0.035163544
2169,160,0.03511883
2169,192,0.035096277
2169,224,0.03517355
2169,256,0.03517353
2169,288,0.035293408
2169,320,0.035253573
2169,352,0.035175897
2169,384,0.035212737
2169,416,0.035210583
2169,448,0.03512889
2169,480,0.03517731
2169,512,0.03514766
2169,544,0.03522519
2169,576,0.035118017
2169,608,0.035211336
2169,640,0.035254188
2169,672,0.035091676
2169,704,0.035263266
2169,736,0.035261396
2169,768,0.035139978
2169,800,0.035181537
2169,832,0.035245154
2169,864,0.035229504
2169,896,0.035243925
2169,928,0.03509723
2169,960,0.03518538
2169,992,0.03523394
2169,1024,0.035127047
2169,1056,0.03506412
2169,1088,0.035071068
2169,1120,0.03512523
2169,1152,0.035310183
2169,1184,0.035162523
2169,1216,0.03517315
2169,1248,0.035069432
2169,1280,0.0350115
2169,1312,0.0348923
2169,1344,0.035099488
2169,1376,0.035134036
2169,1408,0.03504392
2169,1440,0.035067555
2169,1472,0.035286367
2169,1504,0.035048816
2169,1536,0.03510006
2169,1568,0.03516898
2169,1600,0.034982793
2169,1632,0.035148934
2169,1664,0.035077225
2169,1696,0.03522498
2169,1728,0.035112128
2169,1760,0.035165843
2169,1792,0.03511448
2169,1824,0.03514354
2169,1856,0.035134796
2169,1888,0.03506
2169,1920,0.035154443
2169,1952,0.035069562
2169,1984,0.035190355
2169,2016,0.03509645
2169,2048,0.035122216
2169,2080,0.035188727
2169,2112,0.035138726
2169,2144,0.03512319
2169,2176,0.03505126
2169,2208,0.035051804
2169,2240,0.03508835
2169,2272,0.035110142
2169,2304,0.034942687
2169,2336,0.034957483
2169,2368,0.035098013
2169,2400,0.035094474
2169,2432,0.03500909
2169,2464,0.035078168
2169,2496,0.03513584
2169,2528,0.03506071
2169,2560,0.03510758
2169,2592,0.03504431
2169,2624,0.03507595
2169,2656,0.035147563
2169,2688,0.03520263
2169,2720,0.03502595
2169,2752,0.03493924
2169,2784,0.0351398
2169,2816,0.034934714
2169,2848,0.034659345
2169,2880,0.03470666
2169,2912,0.034689397
2169,2944,0.034625087
2169,2976,0.034552127
2169,3008,0.034814727
2169,3040,0.03462393
2169,3072,0.03471389
2169,3104,0.034639202
2169,3136,0.034705434
2169,3168,0.03462398
2169,3200,0.034607854
2169,3232,0.03468078
2169,3264,0.0345495
2169,3296,0.03466467
2169,3328,0.034642074
2169,3360,0.034691572
2169,3392,0.034702383
2169,3424,0.034762807
2169,3456,0.034573924
2169,3488,0.034542985
2169,3520,0.034599543
2169,3552,0.034604117
2169,3584,0.034751922
2169,3616,0.034502655
2169,3648,0.034750108
2169,3680,0.034657955
2169,3712,0.03466492
2169,3744,0.034628887
2169,3776,0.034464784
2169,3808,0.0347013
2169,3840,0.034599446
2169,3872,0.03468655
2169,3904,0.03448457
2169,3936,0.03448729
2169,3968,0.034638695
2169,4000,0.034550466
2169,4032,0.034514993
2169,4064,0.034583274
2169,4096,0.03464104
2169,4128,0.034546178
2169,4160,0.034514893
2169,4192,0.03449843
2169,4224,0.034547802
2169,4256,0.03455314
2169,4288,0.034606356
2169,4320,0.03453398
2169,4352,0.034568734
2169,4384,0.034505606
2169,4416,0.034527853
2169,4448,0.0346113
2169,4480,0.034378592
2169,4512,0.034511305
2169,4544,0.034598317
2169,4576,0.034572102
2169,4608,0.034586858
2169,4640,0.0345064
2169,4672,0.034471095
2169,4704,0.034542896
2169,4736,0.034516674
2169,4768,0.034463674
2169,4800,0.034664452
2169,4832,0.034576576
2169,4864,0.034521714
2169,4896,0.034527026
2169,4928,0.034514096
2169,4960,0.034556277
2169,4992,0.034563813
2169,5024,0.034573518
2169,5056,0.03429761
2169,5088,0.034555804
2169,5120,0.034515843
2169,5152,0.03457522
2169,5184,0.034580797
2169,5216,0.034486707
2169,5248,0.034408428
2169,5280,0.034498837
2169,5312,0.0344504
2169,5344,0.034485813
2169,5376,0.034395725
2169,5408,0.03440694
2169,5440,0.034555014
2169,5472,0.03443553
2169,5504,0.034433648
2169,5536,0.03444128
2169,5568,0.034438036
2169,5600,0.03437833
2169,5632,0.034499075
2169,5664,0.034523696
2169,5696,0.034445047
2169,5728,0.03447463
2169,5760,0.03462536
2169,5792,0.03453842
2169,5824,0.03445838
2169,5856,0.034489445
2169,5888,0.0344462
2169,5920,0.034449734
2169,5952,0.034479205
2169,5984,0.034530703
2169,6016,0.03436654
2169,6048,0.03444577
2169,6080,0.034527186
2170,0,0.034560047
2170,32,0.034526926
2170,64,0.034348592
2170,96,0.034441758
2170,128,0.03437935
2170,160,0.03452663
2170,192,0.034508254
2170,224,0.034509018
2170,256,0.034518804
2170,288,0.034527812
2170,320,0.034471426
2170,352,0.034406938
2170,384,0.03453188
2170,416,0.034376837
2170,448,0.03444196
2170,480,0.03435168
2170,512,0.0345676
2170,544,0.03439501
2170,576,0.03434807
2170,608,0.03441143
2170,640,0.034488976
2170,672,0.03442677
2170,704,0.034448452
2170,736,0.034463204
2170,768,0.034396756
2170,800,0.034589093
2170,832,0.03543777
2170,864,0.035280716
2170,896,0.035315488
2170,928,0.03515316
2170,960,0.03534828
2170,992,0.035391197
2170,1024,0.035374198
2170,1056,0.03547883
2170,1088,0.035382673
2170,1120,0.035536997
2170,1152,0.03556268
2170,1184,0.03531059
2170,1216,0.035393864
2170,1248,0.03523168
2170,1280,0.035464395
2170,1312,0.03533341
2170,1344,0.035336837
2170,1376,0.035353146
2170,1408,0.035273306
2170,1440,0.035139337
2170,1472,0.035422165
2170,1504,0.035330318
2170,1536,0.03520049
2170,1568,0.035350934
2170,1600,0.035232477
2170,1632,0.035160262
2170,1664,0.03528796
2170,1696,0.035390433
2170,1728,0.03528058
2170,1760,0.035319034
2170,1792,0.035262723
2170,1824,0.035244767
2170,1856,0.035364278
2170,1888,0.035250466
2170,1920,0.035366226
2170,1952,0.035287745
2170,1984,0.035384018
2170,2016,0.03531323
2170,2048,0.035201382
2170,2080,0.035259075
2170,2112,0.035291366
2170,2144,0.03514528
2170,2176,0.035266295
2170,2208,0.035268534
2170,2240,0.03517527
2170,2272,0.035295464
2170,2304,0.03524271
2170,2336,0.035187297
2170,2368,0.035230804
2170,2400,0.035199825
2170,2432,0.0353755
2170,2464,0.035270657
2170,2496,0.035422813
2170,2528,0.035214573
2170,2560,0.035287745
2170,2592,0.035250396
2170,2624,0.035204824
2170,2656,0.035321776
2170,2688,0.035393853
2170,2720,0.035181817
2170,2752,0.03519725
2170,2784,0.035203777
2170,2816,0.03517583
2170,2848,0.035182435
2170,2880,0.035244588
2170,2912,0.035239868
2170,2944,0.035280474
2170,2976,0.035173405
2170,3008,0.03531617
2170,3040,0.035105556
2170,3072,0.03518254
2170,3104,0.03510737
2170,3136,0.035358004
2170,3168,0.03518844
2170,3200,0.035245094
2170,3232,0.03514079
2170,3264,0.035150163
2170,3296,0.03511009
2170,3328,0.03531208
2170,3360,0.035308667
2170,3392,0.03526251
2170,3424,0.03518549
2170,3456,0.035135712
2170,3488,0.035112955
2170,3520,0.035253957
2170,3552,0.035195883
2170,3584,0.03506484
2170,3616,0.035150677
2170,3648,0.03521509
2170,3680,0.035277188
2170,3712,0.035216358
2170,3744,0.035211124
2170,3776,0.035308916
2170,3808,0.035078343
2170,3840,0.03511093
2170,3872,0.035165798
2170,3904,0.035260648
2170,3936,0.035202898
2170,3968,0.035257243
2170,4000,0.035236213
2170,4032,0.0351838
2170,4064,0.035184626
2170,4096,0.03517818
2170,4128,0.035183042
2170,4160,0.035129655
2170,4192,0.03521475
2170,4224,0.035097983
2170,4256,0.03515842
2170,4288,0.035156388
2170,4320,0.03520309
2170,4352,0.035109382
2170,4384,0.035188224
2170,4416,0.034999393
2170,4448,0.035080183
2170,4480,0.035231717
2170,4512,0.035131685
2170,4544,0.035116505
2170,4576,0.035237245
2170,4608,0.035132457
2170,4640,0.03519641
2170,4672,0.03513156
2170,4704,0.035097044
2170,4736,0.03523951
2170,4768,0.035101723
2170,4800,0.03521273
2170,4832,0.03500927
2170,4864,0.03513673
2170,4896,0.03533004
2170,4928,0.035272405
2170,4960,0.035314403
2170,4992,0.035309322
2170,5024,0.03514807
2170,5056,0.035210334
2170,5088,0.03537006
2170,5120,0.035253044
2170,5152,0.03520961
2170,5184,0.035351705
2170,5216,0.03524058
2170,5248,0.03531248
2170,5280,0.035363246
2170,5312,0.035193954
2170,5344,0.0353696
2170,5376,0.03521448
2170,5408,0.03529393
2170,5440,0.035166584
2170,5472,0.035263382
2170,5504,0.03519606
2170,5536,0.035296127
2170,5568,0.035191614
2170,5600,0.0351874
2170,5632,0.035194293
2170,5664,0.035212256
2170,5696,0.035224628
2170,5728,0.035110854
2170,5760,0.035202794
2170,5792,0.035068862
2170,5824,0.035249002
2170,5856,0.03522756
2170,5888,0.0351537
2170,5920,0.03521922
2170,5952,0.03536721
2170,5984,0.035235386
2170,6016,0.035186723
2170,6048,0.035234276
2170,6080,0.035201415
2171,0,0.03518064
2171,32,0.035253596
2171,64,0.03527
2171,96,0.035177033
2171,128,0.03508771
2171,160,0.03529229
2171,192,0.03517694
2171,224,0.035226945
2171,256,0.035237927
2171,288,0.035197705
2171,320,0.035045862
2171,352,0.03512256
2171,384,0.035271026
2171,416,0.035036337
2171,448,0.03526856
2171,480,0.035176374
2171,512,0.03515547
2171,544,0.035146154
2171,576,0.03530493
2171,608,0.03520905
2171,640,0.035065483
2171,672,0.035190724
2171,704,0.03514478
2171,736,0.035222962
2171,768,0.03521532
2171,800,0.03519159
2171,832,0.034995507
2171,864,0.03508904
2171,896,0.035125352
2171,928,0.035087567
2171,960,0.03506129
2171,992,0.035171784
2171,1024,0.035229336
2171,1056,0.035111897
2171,1088,0.035206925
2171,1120,0.03517206
2171,1152,0.03520177
2171,1184,0.035070438
2171,1216,0.035147298
2171,1248,0.03505722
2171,1280,0.03513121
2171,1312,0.035192113
2171,1344,0.035073925
2171,1376,0.03504665
2171,1408,0.035227254
2171,1440,0.034977566
2171,1472,0.035103913
2171,1504,0.035054527
2171,1536,0.035079803
2171,1568,0.03513568
2171,1600,0.035050765
2171,1632,0.035153206
2171,1664,0.03511375
2171,1696,0.035113685
2171,1728,0.035184626
2171,1760,0.03501077
2171,1792,0.035044182
2171,1824,0.035032928
2171,1856,0.035207484
2171,1888,0.035069138
2171,1920,0.035102922
2171,1952,0.03502284
2171,1984,0.03517055
2171,2016,0.03510007
2171,2048,0.035004612
2171,2080,0.03508292
2171,2112,0.035071034
2171,2144,0.034951903
2171,2176,0.035157945
2171,2208,0.035067134
2171,2240,0.035017315
2171,2272,0.035035796
2171,2304,0.03524747
2171,2336,0.035088822
2171,2368,0.03501184
2171,2400,0.035037555
2171,2432,0.035151627
2171,2464,0.03504193
2171,2496,0.035192516
2171,2528,0.035147417
2171,2560,0.034954574
2171,2592,0.03502447
2171,2624,0.034935035
2171,2656,0.035019804
2171,2688,0.035004992
2171,2720,0.034997214
2171,2752,0.035003796
2171,2784,0.03505951
2171,2816,0.03497721
2171,2848,0.03503931
2171,2880,0.034897797
2171,2912,0.035527777
2171,2944,0.035497963
2171,2976,0.035549805
2171,3008,0.03554057
2171,3040,0.035493456
2171,3072,0.035420213
2171,3104,0.035461046
2171,3136,0.0355852
2171,3168,0.03545228
2171,3200,0.03540412
2171,3232,0.03551223
2171,3264,0.035426665
2171,3296,0.03550673
2171,3328,0.03543027
2171,3360,0.035456967
2171,3392,0.03545292
2171,3424,0.035487268
2171,3456,0.035422374
2171,3488,0.035461087
2171,3520,0.03545592
2171,3552,0.035573248
2171,3584,0.035436958
2171,3616,0.0354704
2171,3648,0.03535955
2171,3680,0.035444096
2171,3712,0.03536992
2171,3744,0.03541263
2171,3776,0.03532143
2171,3808,0.035425782
2171,3840,0.03537108
2171,3872,0.035516173
2171,3904,0.035490528
2171,3936,0.03530699
2171,3968,0.035406813
2171,4000,0.03534935
2171,4032,0.03535628
2171,4064,0.03531949
2171,4096,0.03551825
2171,4128,0.035385158
2171,4160,0.035403777
2171,4192,0.03546328
2171,4224,0.035386324
2171,4256,0.035308518
2171,4288,0.035381116
2171,4320,0.035352584
2171,4352,0.035479024
2171,4384,0.035405103
2171,4416,0.035382405
2171,4448,0.035323177
2171,4480,0.035316266
2171,4512,0.035367012
2171,4544,0.035335895
2171,4576,0.03537132
2171,4608,0.03529438
2171,4640,0.035430174
2171,4672,0.03550837
2171,4704,0.035453267
2171,4736,0.035375778
2171,4768,0.035266127
2171,4800,0.035315983
2171,4832,0.03532296
2171,4864,0.035278063
2171,4896,0.03532504
2171,4928,0.03538697
2171,4960,0.03557514
2171,4992,0.03533146
2171,5024,0.03522379
2171,5056,0.03532622
2171,5088,0.035333935
2171,5120,0.03524398
2171,5152,0.035291098
2171,5184,0.035404067
2171,5216,0.035377175
2171,5248,0.03539077
2171,5280,0.035349183
2171,5312,0.035222124
2171,5344,0.03526449
2171,5376,0.035286207
2171,5408,0.035384562
2171,5440,0.035372566
2171,5472,0.03528267
2171,5504,0.03533469
2171,5536,0.035363
2171,5568,0.03531779
2171,5600,0.0352331
2171,5632,0.035194945
2171,5664,0.035342786
2171,5696,0.035223186
2171,5728,0.035322603
2171,5760,0.03523631
2171,5792,0.03516702
2171,5824,0.035336323
2171,5856,0.03533829
2171,5888,0.035357833
2171,5920,0.03510889
2171,5952,0.03526505
2171,5984,0.035299424
2171,6016,0.035230108
2171,6048,0.035246823
2171,6080,0.035467576
2172,0,0.035436004
2172,32,0.035272155
2172,64,0.03532116
2172,96,0.03527772
2172,128,0.03525775
2172,160,0.035378516
2172,192,0.035296082
2172,224,0.03533519
2172,256,0.035391707
2172,288,0.035244655
2172,320,0.035327822
2172,352,0.035300426
2172,384,0.035175912
2172,416,0.035281148
2172,448,0.035312757
2172,480,0.03529394
2172,512,0.035240144
2172,544,0.035220414
2172,576,0.03525516
2172,608,0.035377868
2172,640,0.035341557
2172,672,0.03541218
2172,704,0.035240613
2172,736,0.035192147
2172,768,0.035199005
2172,800,0.035253696
2172,832,0.035153557
2172,864,0.03519068
2172,896,0.03554099
2172,928,0.035791352
2172,960,0.03560572
2172,992,0.03569825
2172,1024,0.035652112
2172,1056,0.03567963
2172,1088,0.035751093
2172,1120,0.035690945
2172,1152,0.035651933
2172,1184,0.03571498
2172,1216,0.035632588
2172,1248,0.03573823
2172,1280,0.035597246
2172,1312,0.035685007
2172,1344,0.035647117
2172,1376,0.0357137
2172,1408,0.03562242
2172,1440,0.03582147
2172,1472,0.035649627
2172,1504,0.035663467
2172,1536,0.03561546
2172,1568,0.03560417
2172,1600,0.03558811
2172,1632,0.035761405
2172,1664,0.035668604
2172,1696,0.035623483
2172,1728,0.035709232
2172,1760,0.035583436
2172,1792,0.035693992
2172,1824,0.035641626
2172,1856,0.035676397
2172,1888,0.035742663
2172,1920,0.035761993
2172,1952,0.035641037
2172,1984,0.035808936
2172,2016,0.03557928
2172,2048,0.03566916
2172,2080,0.035522003
2172,2112,0.035590984
2172,2144,0.035691094
2172,2176,0.03557016
2172,2208,0.03560044
2172,2240,0.035661846
2172,2272,0.035614647
2172,2304,0.03552912
2172,2336,0.035727974
2172,2368,0.035646234
2172,2400,0.035656717
2172,2432,0.03562281
2172,2464,0.035587173
2172,2496,0.035584196
2172,2528,0.035513658
2172,2560,0.035459
2172,2592,0.03547363
2172,2624,0.035685632
2172,2656,0.03558327
2172,2688,0.035576914
2172,2720,0.035554387
2172,2752,0.035586633
2172,2784,0.03551129
2172,2816,0.03564873
2172,2848,0.035561576
2172,2880,0.035470843
2172,2912,0.035539933
2172,2944,0.035645433
2172,2976,0.03561565
2172,3008,0.035612818
2172,3040,0.035551146
2172,3072,0.03548803
2172,3104,0.03561472
2172,3136,0.03557153
2172,3168,0.03547035
2172,3200,0.03556697
2172,3232,0.035653662
2172,3264,0.035600618
2172,3296,0.035558242
2172,3328,0.035417847
2172,3360,0.03555108
2172,3392,0.035602976
2172,3424,0.03566368
2172,3456,0.03562156
2172,3488,0.035503116
2172,3520,0.03544792
2172,3552,0.035570398
2172,3584,0.035500873
2172,3616,0.035540253
2172,3648,0.03551931
2172,3680,0.03556969
2172,3712,0.03564556
2172,3744,0.03542112
2172,3776,0.03540144
2172,3808,0.035471406
2172,3840,0.035507604
2172,3872,0.035471965
2172,3904,0.03547086
2172,3936,0.035535272
2172,3968,0.035495143
2172,4000,0.035413656
2172,4032,0.035502713
2172,4064,0.035357814
2172,4096,0.035566084
2172,4128,0.035439763
2172,4160,0.03545433
2172,4192,0.035475813
2172,4224,0.03539273
2172,4256,0.03566407
2172,4288,0.035611633
2172,4320,0.03536664
2172,4352,0.035374545
2172,4384,0.03554542
2172,4416,0.03540025
2172,4448,0.035447165
2172,4480,0.0355096
2172,4512,0.035334814
2172,4544,0.035417072
2172,4576,0.035506375
2172,4608,0.035312332
2172,4640,0.03535345
2172,4672,0.035544235
2172,4704,0.03551432
2172,4736,0.03547378
2172,4768,0.035503253
2172,4800,0.03549191
2172,4832,0.03547657
2172,4864,0.035439216
2172,4896,0.035470143
2172,4928,0.035597198
2172,4960,0.03527695
2172,4992,0.03484077
2172,5024,0.034636706
2172,5056,0.034630295
2172,5088,0.03461074
2172,5120,0.034821257
2172,5152,0.034663554
2172,5184,0.034703698
2172,5216,0.03453159
2172,5248,0.03459986
2172,5280,0.034563836
2172,5312,0.034608055
2172,5344,0.034698416
2172,5376,0.034600507
2172,5408,0.03463104
2172,5440,0.03451652
2172,5472,0.03465372
2172,5504,0.034601532
2172,5536,0.03455128
2172,5568,0.03454018
2172,5600,0.034623392
2172,5632,0.034501534
2172,5664,0.03453138
2172,5696,0.034629755
2172,5728,0.034591746
2172,5760,0.034558393
2172,5792,0.034526248
2172,5824,0.03459773
2172,5856,0.03456124
2172,5888,0.03458349
2172,5920,0.03468889
2172,5952,0.034544975
2172,5984,0.034521885
2172,6016,0.03462879
2172,6048,0.0345082
2172,6080,0.034458857
2173,0,0.034533698
2173,32,0.03458191
2173,64,0.034626577
2173,96,0.03462518
2173,128,0.034588
2173,160,0.034539368
2173,192,0.03458686
2173,224,0.034556143
2173,256,0.034490652
2173,288,0.034568906
2173,320,0.034594566
2173,352,0.034509964
2173,384,0.034583002
2173,416,0.034428917
2173,448,0.03471699
2173,480,0.034408525
2173,512,0.034558762
2173,544,0.034549832
2173,576,0.03458466
2173,608,0.034632035
2173,640,0.034526132
2173,672,0.034465443
2173,704,0.034407303
2173,736,0.03448229
2173,768,0.034501016
2173,800,0.03451009
2173,832,0.03449102
2173,864,0.03454373
2173,896,0.03441297
2173,928,0.03445668
2173,960,0.03449599
2173,992,0.034566768
2173,1024,0.034514792
2173,1056,0.034387838
2173,1088,0.034535475
2173,1120,0.03450357
2173,1152,0.034451645
2173,1184,0.03439625
2173,1216,0.03443488
2173,1248,0.03442609
2173,1280,0.034496035
2173,1312,0.03450584
2173,1344,0.03449547
2173,1376,0.03463076
2173,1408,0.034488
2173,1440,0.034535676
2173,1472,0.03445324
2173,1504,0.03450484
2173,1536,0.034545574
2173,1568,0.034460824
2173,1600,0.03450978
2173,1632,0.034383237
2173,1664,0.03449038
2173,1696,0.034511182
2173,1728,0.034525484
2173,1760,0.034440853
2173,1792,0.034289908
2173,1824,0.034305375
2173,1856,0.034386817
2173,1888,0.034416486
2173,1920,0.03446313
2173,1952,0.0344384
2173,1984,0.034487676
2173,2016,0.034467936
2173,2048,0.034414258
2173,2080,0.034469366
2173,2112,0.03442546
2173,2144,0.034448516
2173,2176,0.034531273
2173,2208,0.03430033
2173,2240,0.034441613
2173,2272,0.034365185
2173,2304,0.03444908
2173,2336,0.034493923
2173,2368,0.03442825
2173,2400,0.034379035
2173,2432,0.03441641
2173,2464,0.034383424
2173,2496,0.03447488
2173,2528,0.034463823
2173,2560,0.034361325
2173,2592,0.034491807
2173,2624,0.034375276
2173,2656,0.034511484
2173,2688,0.034421626
2173,2720,0.03447542
2173,2752,0.03440354
2173,2784,0.034505922
2173,2816,0.034437478
2173,2848,0.034433097
2173,2880,0.034421258
2173,2912,0.034393325
2173,2944,0.034347102
2173,2976,0.034880564
2173,3008,0.035144154
2173,3040,0.035144538
2173,3072,0.035117116
2173,3104,0.035281353
2173,3136,0.035179723
2173,3168,0.035265807
2173,3200,0.03520024
2173,3232,0.03515586
2173,3264,0.035311323
2173,3296,0.035012435
2173,3328,0.035213172
2173,3360,0.035117242
2173,3392,0.03513821
2173,3424,0.035107024
2173,3456,0.03503289
2173,3488,0.03511991
2173,3520,0.035079777
2173,3552,0.03509459
2173,3584,0.035154305
2173,3616,0.03511189
2173,3648,0.03510105
2173,3680,0.034988947
2173,3712,0.035062723
2173,3744,0.035105407
2173,3776,0.035060965
2173,3808,0.03499233
2173,3840,0.035054173
2173,3872,0.035138123
2173,3904,0.03509843
2173,3936,0.035084337
2173,3968,0.03517037
2173,4000,0.035104085
2173,4032,0.035030346
2173,4064,0.035112776
2173,4096,0.035004757
2173,4128,0.035081096
2173,4160,0.035048466
2173,4192,0.035078634
2173,4224,0.034921706
2173,4256,0.035054814
2173,4288,0.035035193
2173,4320,0.03516292
2173,4352,0.035019085
2173,4384,0.034808896
2173,4416,0.034956153
2173,4448,0.03499021
2173,4480,0.034974933
2173,4512,0.034977257
2173,4544,0.035119724
2173,4576,0.035122607
2173,4608,0.03506323
2173,4640,0.035033643
2173,4672,0.03506437
2173,4704,0.034987893
2173,4736,0.0350484
2173,4768,0.035040487
2173,4800,0.03495913
2173,4832,0.035076305
2173,4864,0.034976196
2173,4896,0.03502723
2173,4928,0.03509234
2173,4960,0.03509335
2173,4992,0.034962907
2173,5024,0.03493406
2173,5056,0.034969248
2173,5088,0.035021912
2173,5120,0.034885015
2173,5152,0.03488438
2173,5184,0.0350614
2173,5216,0.03485552
2173,5248,0.034951005
2173,5280,0.03501132
2173,5312,0.035015322
2173,5344,0.03488156
2173,5376,0.035082947
2173,5408,0.035048246
2173,5440,0.03492797
2173,5472,0.03494022
2173,5504,0.034953438
2173,5536,0.034979377
2173,5568,0.03484234
2173,5600,0.035102
2173,5632,0.03492834
2173,5664,0.0349781
2173,5696,0.03500263
2173,5728,0.034908313
2173,5760,0.035006233
2173,5792,0.034919664
2173,5824,0.035034753
2173,5856,0.03486266
2173,5888,0.035048947
2173,5920,0.035056073
2173,5952,0.03489218
2173,5984,0.03513709
2173,6016,0.034920786
2173,6048,0.03490935
2173,6080,0.034900047
2174,0,0.034910183
2174,32,0.034874298
2174,64,0.03483888
2174,96,0.03501222
2174,128,0.03481513
2174,160,0.034908842
2174,192,0.03497706
2174,224,0.034942564
2174,256,0.03496778
2174,288,0.03499446
2174,320,0.034932524
2174,352,0.035000987
2174,384,0.034947164
2174,416,0.035003167
2174,448,0.03495028
2174,480,0.03505755
2174,512,0.03500516
2174,544,0.035003666
2174,576,0.035007607
2174,608,0.03500833
2174,640,0.034929648
2174,672,0.034968648
2174,704,0.034905855
2174,736,0.03494593
2174,768,0.034976766
2174,800,0.034835048
2174,832,0.034922328
2174,864,0.03493737
2174,896,0.03489144
2174,928,0.03494952
2174,960,0.035105575
2174,992,0.035470746
2174,1024,0.035566043
2174,1056,0.035497665
2174,1088,0.035511
2174,1120,0.035429686
2174,1152,0.0356572
2174,1184,0.035600543
2174,1216,0.03549209
2174,1248,0.035476167
2174,1280,0.035426408
2174,1312,0.035578106
2174,1344,0.035630886
2174,1376,0.035570346
2174,1408,0.0355021
2174,1440,0.035464387
2174,1472,0.035620704
2174,1504,0.03563865
2174,1536,0.035547283
2174,1568,0.035553455
2174,1600,0.03550852
2174,1632,0.03552219
2174,1664,0.03549414
2174,1696,0.03549434
2174,1728,0.03544136
2174,1760,0.035455137
2174,1792,0.035359837
2174,1824,0.035558935
2174,1856,0.035345633
2174,1888,0.03542637
2174,1920,0.035522383
2174,1952,0.03539398
2174,1984,0.03554907
2174,2016,0.035482373
2174,2048,0.035391316
2174,2080,0.035464194
2174,2112,0.035471037
2174,2144,0.035385545
2174,2176,0.03542256
2174,2208,0.035478972
2174,2240,0.035356134
2174,2272,0.035385367
2174,2304,0.035322864
2174,2336,0.035368055
2174,2368,0.03548755
2174,2400,0.03554668
2174,2432,0.035409454
2174,2464,0.035332654
2174,2496,0.035312936
2174,2528,0.035369582
2174,2560,0.035474777
2174,2592,0.035365462
2174,2624,0.03545701
2174,2656,0.0353832
2174,2688,0.035385538
2174,2720,0.035325076
2174,2752,0.03544069
2174,2784,0.035342474
2174,2816,0.035414822
2174,2848,0.03529987
2174,2880,0.035467483
2174,2912,0.0354428
2174,2944,0.035317607
2174,2976,0.035354055
2174,3008,0.03533207
2174,3040,0.035362814
2174,3072,0.03541943
2174,3104,0.03545345
2174,3136,0.035344116
2174,3168,0.03534031
2174,3200,0.035428736
2174,3232,0.035352286
2174,3264,0.035509
2174,3296,0.0353619
2174,3328,0.035355974
2174,3360,0.035438143
2174,3392,0.03537045
2174,3424,0.035383288
2174,3456,0.035354342
2174,3488,0.035347685
2174,3520,0.03529463
2174,3552,0.035300583
2174,3584,0.035217408
2174,3616,0.03530364
2174,3648,0.03533842
2174,3680,0.035355657
2174,3712,0.035286024
2174,3744,0.035441678
2174,3776,0.03531565
2174,3808,0.035315752
2174,3840,0.0354302
2174,3872,0.035195887
2174,3904,0.035295837
2174,3936,0.035358727
2174,3968,0.03543896
2174,4000,0.03545519
2174,4032,0.035342008
2174,4064,0.035230044
2174,4096,0.03526209
2174,4128,0.035415214
2174,4160,0.03522052
2174,4192,0.03535111
2174,4224,0.035293978
2174,4256,0.035233337
2174,4288,0.035269868
2174,4320,0.035343077
2174,4352,0.03522432
2174,4384,0.035321787
2174,4416,0.035199665
2174,4448,0.03538303
2174,4480,0.035269905
2174,4512,0.035321064
2174,4544,0.03528055
2174,4576,0.035339974
2174,4608,0.035330858
2174,4640,0.0353995
2174,4672,0.035267778
2174,4704,0.035282936
2174,4736,0.035256684
2174,4768,0.03525565
2174,4800,0.035297986
2174,4832,0.035232417
2174,4864,0.035298906
2174,4896,0.035217464
2174,4928,0.035231795
2174,4960,0.035338216
2174,4992,0.035118695
2174,5024,0.0352114
2174,5056,0.035165917
2174,5088,0.034858424
2174,5120,0.034816682
2174,5152,0.034814533
2174,5184,0.034898233
2174,5216,0.03501609
2174,5248,0.034887575
2174,5280,0.0348848
2174,5312,0.03483242
2174,5344,0.034764044
2174,5376,0.0348536
2174,5408,0.034726426
2174,5440,0.034889504
2174,5472,0.03498268
2174,5504,0.03481813
2174,5536,0.03482373
2174,5568,0.034939505
2174,5600,0.03487416
2174,5632,0.03490291
2174,5664,0.034859315
2174,5696,0.03481219
2174,5728,0.034707937
2174,5760,0.034949113
2174,5792,0.034827817
2174,5824,0.034875304
2174,5856,0.03469362
2174,5888,0.034772765
2174,5920,0.034838956
2174,5952,0.03484979
2174,5984,0.03470957
2174,6016,0.034735575
2174,6048,0.03479073
2174,6080,0.034750048
2175,0,0.03478976
2175,32,0.03487315
2175,64,0.034772374
2175,96,0.03473046
2175,128,0.034783278
2175,160,0.03480224
2175,192,0.034834772
2175,224,0.034821417
2175,256,0.034705278
2175,288,0.03482279
2175,320,0.034732226
2175,352,0.034741294
2175,384,0.03480632
2175,416,0.03480536
2175,448,0.034726165
2175,480,0.03465606
2175,512,0.03485059
2175,544,0.034675058
2175,576,0.034873527
2175,608,0.03483623
2175,640,0.034660924
2175,672,0.0347227
2175,704,0.034805883
2175,736,0.034679014
2175,768,0.034791503
2175,800,0.034722593
2175,832,0.03485454
2175,864,0.03494767
2175,896,0.034797292
2175,928,0.034685265
2175,960,0.03469828
2175,992,0.034741886
2175,1024,0.0347038
2175,1056,0.034850392
2175,1088,0.034839313
2175,1120,0.034668006
2175,1152,0.03474119
2175,1184,0.034673523
2175,1216,0.034657434
2175,1248,0.03481663
2175,1280,0.034805674
2175,1312,0.03472298
2175,1344,0.034710076
2175,1376,0.034582727
2175,1408,0.03458249
2175,1440,0.03463118
2175,1472,0.03466252
2175,1504,0.03465995
2175,1536,0.034795728
2175,1568,0.034678623
2175,1600,0.03459492
2175,1632,0.034707475
2175,1664,0.03480029
2175,1696,0.03463607
2175,1728,0.034675628
2175,1760,0.03460895
2175,1792,0.03470389
2175,1824,0.034811456
2175,1856,0.03462555
2175,1888,0.034702253
2175,1920,0.03474635
2175,1952,0.034697376
2175,1984,0.034612782
2175,2016,0.034662735
2175,2048,0.034856893
2175,2080,0.034740783
2175,2112,0.03459931
2175,2144,0.0347047
2175,2176,0.03455407
2175,2208,0.034683034
2175,2240,0.034529302
2175,2272,0.034644943
2175,2304,0.034601726
2175,2336,0.034693222
2175,2368,0.034671213
2175,2400,0.034644064
2175,2432,0.034726743
2175,2464,0.03459594
2175,2496,0.03457195
2175,2528,0.034615435
2175,2560,0.034668326
2175,2592,0.034638688
2175,2624,0.03459566
2175,2656,0.034634743
2175,2688,0.03464967
2175,2720,0.034760583
2175,2752,0.03465796
2175,2784,0.034813266
2175,2816,0.034651272
2175,2848,0.03474622
2175,2880,0.034617573
2175,2912,0.034547433
2175,2944,0.034625918
2175,2976,0.0346942
2175,3008,0.034724064
2175,3040,0.034601904
2175,3072,0.035449725
2175,3104,0.03543692
2175,3136,0.03551273
2175,3168,0.03546001
2175,3200,0.03536024
2175,3232,0.03547001
2175,3264,0.035511564
2175,3296,0.03535447
2175,3328,0.035422385
2175,3360,0.03543142
2175,3392,0.03557246
2175,3424,0.035460737
2175,3456,0.03537364
2175,3488,0.03544032
2175,3520,0.0356247
2175,3552,0.035555672
2175,3584,0.03538328
2175,3616,0.035372775
2175,3648,0.03539362
2175,3680,0.035432428
2175,3712,0.035513908
2175,3744,0.035355896
2175,3776,0.03529385
2175,3808,0.035499338
2175,3840,0.035356365
2175,3872,0.03545804
2175,3904,0.035381492
2175,3936,0.035560098
2175,3968,0.035337966
2175,4000,0.035418298
2175,4032,0.035379298
2175,4064,0.03537027
2175,4096,0.035365295
2175,4128,0.03545084
2175,4160,0.035407014
2175,4192,0.03532024
2175,4224,0.035357352
2175,4256,0.03536959
2175,4288,0.03548787
2175,4320,0.035350017
2175,4352,0.035341732
2175,4384,0.035401326
2175,4416,0.03534743
2175,4448,0.03520681
2175,4480,0.035485014
2175,4512,0.035352323
2175,4544,0.035411194
2175,4576,0.035363175
2175,4608,0.035343565
2175,4640,0.035157416
2175,4672,0.035504367
2175,4704,0.035248052
2175,4736,0.035339475
2175,4768,0.03524872
2175,4800,0.03530197
2175,4832,0.035384648
2175,4864,0.035332795
2175,4896,0.035401493
2175,4928,0.035427574
2175,4960,0.035452835
2175,4992,0.035296243
2175,5024,0.035380874
2175,5056,0.035236914
2175,5088,0.035193436
2175,5120,0.03535779
2175,5152,0.035412196
2175,5184,0.035305925
2175,5216,0.035417933
2175,5248,0.035298422
2175,5280,0.035314117
2175,5312,0.035258625
2175,5344,0.03523925
2175,5376,0.03521993
2175,5408,0.03534043
2175,5440,0.035375096
2175,5472,0.035272464
2175,5504,0.03539218
2175,5536,0.035300054
2175,5568,0.035325076
2175,5600,0.035340466
2175,5632,0.035211917
2175,5664,0.035289735
2175,5696,0.035150312
2175,5728,0.03535573
2175,5760,0.035263866
2175,5792,0.035210155
2175,5824,0.03524167
2175,5856,0.03533504
2175,5888,0.035307758
2175,5920,0.03510456
2175,5952,0.035129286
2175,5984,0.035208657
2175,6016,0.035277788
2175,6048,0.035320684
2175,6080,0.035189357
2176,0,0.035203528
2176,32,0.035287883
2176,64,0.0351959
2176,96,0.0353431
2176,128,0.035180587
2176,160,0.035373136
2176,192,0.035241835
2176,224,0.03533268
2176,256,0.03529426
2176,288,0.035206355
2176,320,0.03523577
2176,352,0.03527161
2176,384,0.035287578
2176,416,0.03520882
2176,448,0.03516498
2176,480,0.035273504
2176,512,0.03526119
2176,544,0.03522142
2176,576,0.035180744
2176,608,0.035214
2176,640,0.035129104
2176,672,0.03511952
2176,704,0.035281178
2176,736,0.035269536
2176,768,0.035297893
2176,800,0.035235394
2176,832,0.03528603
2176,864,0.035169948
2176,896,0.035213646
2176,928,0.03539583
2176,960,0.035193298
2176,992,0.035337653
2176,1024,0.035253674
2176,1056,0.035576344
2176,1088,0.035587
2176,1120,0.03556393
2176,1152,0.03556186
2176,1184,0.035579152
2176,1216,0.03549863
2176,1248,0.035538904
2176,1280,0.035486247
2176,1312,0.03565418
2176,1344,0.035543855
2176,1376,0.035528596
2176,1408,0.035563737
2176,1440,0.035531245
2176,1472,0.035568763
2176,1504,0.035493825
2176,1536,0.03549751
2176,1568,0.03571262
2176,1600,0.035530996
2176,1632,0.035484448
2176,1664,0.035522882
2176,1696,0.035355356
2176,1728,0.035614494
2176,1760,0.035546377
2176,1792,0.035571855
2176,1824,0.035532784
2176,1856,0.03543753
2176,1888,0.03552977
2176,1920,0.035590257
2176,1952,0.03543725
2176,1984,0.03540666
2176,2016,0.03551568
2176,2048,0.03541167
2176,2080,0.03538664
2176,2112,0.0354827
2176,2144,0.035484258
2176,2176,0.035473693
2176,2208,0.03555115
2176,2240,0.03560527
2176,2272,0.0354449
2176,2304,0.03545038
2176,2336,0.035472434
2176,2368,0.035474878
2176,2400,0.035576444
2176,2432,0.035512652
2176,2464,0.035498608
2176,2496,0.03540639
2176,2528,0.035532463
2176,2560,0.03554979
2176,2592,0.035546478
2176,2624,0.035476573
2176,2656,0.035412576
2176,2688,0.035459965
2176,2720,0.035359103
2176,2752,0.035413653
2176,2784,0.035423532
2176,2816,0.03539242
2176,2848,0.035431996
2176,2880,0.035412584
2176,2912,0.035392027
2176,2944,0.035475254
2176,2976,0.035343654
2176,3008,0.035519667
2176,3040,0.03548198
2176,3072,0.03542656
2176,3104,0.03535207
2176,3136,0.035544932
2176,3168,0.03552048
2176,3200,0.035573505
2176,3232,0.035439096
2176,3264,0.035458528
2176,3296,0.035278484
2176,3328,0.035422422
2176,3360,0.03545425
2176,3392,0.035390276
2176,3424,0.03541626
2176,3456,0.035459694
2176,3488,0.035556056
2176,3520,0.035426214
2176,3552,0.035301473
2176,3584,0.035368957
2176,3616,0.0353775
2176,3648,0.035396155
2176,3680,0.035398163
2176,3712,0.03527562
2176,3744,0.03537185
2176,3776,0.03540707
2176,3808,0.035426065
2176,3840,0.035304382
2176,3872,0.035402466
2176,3904,0.035324033
2176,3936,0.03537602
2176,3968,0.03539009
2176,4000,0.03534016
2176,4032,0.035477612
2176,4064,0.035395678
2176,4096,0.035437893
2176,4128,0.035333738
2176,4160,0.03541267
2176,4192,0.03539998
2176,4224,0.03539111
2176,4256,0.035170015
2176,4288,0.035338685
2176,4320,0.0353481
2176,4352,0.03522882
2176,4384,0.035100363
2176,4416,0.035251196
2176,4448,0.035601333
2176,4480,0.035240635
2176,4512,0.03538672
2176,4544,0.035205096
2176,4576,0.03537581
2176,4608,0.03532859
2176,4640,0.035374053
2176,4672,0.035516236
2176,4704,0.035303444
2176,4736,0.035318468
2176,4768,0.03525714
2176,4800,0.035273876
2176,4832,0.035191406
2176,4864,0.03537149
2176,4896,0.035249054
2176,4928,0.03531259
2176,4960,0.03535545
2176,4992,0.035286102
2176,5024,0.035236876
2176,5056,0.035282068
2176,5088,0.035270248
2176,5120,0.035249162
2176,5152,0.035698656
2176,5184,0.035910208
2176,5216,0.03579785
2176,5248,0.03564226
2176,5280,0.035755333
2176,5312,0.035878085
2176,5344,0.035744146
2176,5376,0.03577778
2176,5408,0.035801794
2176,5440,0.035752818
2176,5472,0.035889566
2176,5504,0.03571866
2176,5536,0.035701457
2176,5568,0.035861544
2176,5600,0.035740435
2176,5632,0.035747107
2176,5664,0.03560746
2176,5696,0.03583985
2176,5728,0.035721652
2176,5760,0.035616525
2176,5792,0.035771776
2176,5824,0.0356968
2176,5856,0.035765726
2176,5888,0.035711423
2176,5920,0.035882886
2176,5952,0.035699967
2176,5984,0.03579767
2176,6016,0.03560711
2176,6048,0.035551894
2176,6080,0.03570569
2177,0,0.03572028
2177,32,0.035714403
2177,64,0.035657223
2177,96,0.035606947
2177,128,0.035807874
2177,160,0.035673544
2177,192,0.035616074
2177,224,0.03572827
2177,256,0.035695203
2177,288,0.035610665
2177,320,0.035764247
2177,352,0.035674494
2177,384,0.03574956
2177,416,0.035652902
2177,448,0.035583563
2177,480,0.035667285
2177,512,0.035620835
2177,544,0.035692714
2177,576,0.035766426
2177,608,0.035711944
2177,640,0.035710394
2177,672,0.035711057
2177,704,0.035766006
2177,736,0.03570958
2177,768,0.03570797
2177,800,0.035611033
2177,832,0.03563217
2177,864,0.035705913
2177,896,0.03568995
2177,928,0.03569465
2177,960,0.035589315
2177,992,0.035702825
2177,1024,0.035608675
2177,1056,0.03559031
2177,1088,0.03566333
2177,1120,0.035822727
2177,1152,0.035703644
2177,1184,0.035608783
2177,1216,0.03564605
2177,1248,0.035659544
2177,1280,0.035681594
2177,1312,0.035454534
2177,1344,0.035602402
2177,1376,0.035647154
2177,1408,0.03559877
2177,1440,0.035626493
2177,1472,0.0357585
2177,1504,0.03553669
2177,1536,0.0355572
2177,1568,0.03555467
2177,1600,0.035605807
2177,1632,0.03564712
2177,1664,0.03555617
2177,1696,0.035709493
2177,1728,0.035586946
2177,1760,0.035594165
2177,1792,0.035636
2177,1824,0.035580672
2177,1856,0.035627656
2177,1888,0.035625596
2177,1920,0.03561277
2177,1952,0.035393838
2177,1984,0.035563663
2177,2016,0.035613682
2177,2048,0.035591245
2177,2080,0.035690166
2177,2112,0.03553509
2177,2144,0.03553065
2177,2176,0.03559512
2177,2208,0.035419643
2177,2240,0.03559723
2177,2272,0.03553659
2177,2304,0.035560917
2177,2336,0.035565667
2177,2368,0.035503358
2177,2400,0.035557956
2177,2432,0.035530332
2177,2464,0.035718076
2177,2496,0.035574462
2177,2528,0.035618972
2177,2560,0.035520885
2177,2592,0.03557676
2177,2624,0.035567373
2177,2656,0.035513427
2177,2688,0.03552103
2177,2720,0.035660546
2177,2752,0.03550092
2177,2784,0.03558642
2177,2816,0.035494447
2177,2848,0.0356375
2177,2880,0.03546646
2177,2912,0.03557296
2177,2944,0.035474423
2177,2976,0.03564453
2177,3008,0.035614002
2177,3040,0.035455026
2177,3072,0.035584252
2177,3104,0.03550808
2177,3136,0.035375822
2177,3168,0.0349109
2177,3200,0.035060428
2177,3232,0.035146024
2177,3264,0.035036713
2177,3296,0.035121236
2177,3328,0.03496943
2177,3360,0.035057046
2177,3392,0.035029
2177,3424,0.035071492
2177,3456,0.034977805
2177,3488,0.035042405
2177,3520,0.035078507
2177,3552,0.034917876
2177,3584,0.035092067
2177,3616,0.03491643
2177,3648,0.035052426
2177,3680,0.035016194
2177,3712,0.035022482
2177,3744,0.035016105
2177,3776,0.03488612
2177,3808,0.035125226
2177,3840,0.035125166
2177,3872,0.034943532
2177,3904,0.035044268
2177,3936,0.035005696
2177,3968,0.03487788
2177,4000,0.035013575
2177,4032,0.03512897
2177,4064,0.035020605
2177,4096,0.03490751
2177,4128,0.03499759
2177,4160,0.034982383
2177,4192,0.035059843
2177,4224,0.034836184
2177,4256,0.035006374
2177,4288,0.03495904
2177,4320,0.034982253
2177,4352,0.03487168
2177,4384,0.034953646
2177,4416,0.03503864
2177,4448,0.034933675
2177,4480,0.034903783
2177,4512,0.034860656
2177,4544,0.034845624
2177,4576,0.034875017
2177,4608,0.035021752
2177,4640,0.03492584
2177,4672,0.034907416
2177,4704,0.03500107
2177,4736,0.03482825
2177,4768,0.03491023
2177,4800,0.034902178
2177,4832,0.034927636
2177,4864,0.034955677
2177,4896,0.03491345
2177,4928,0.034941122
2177,4960,0.034855146
2177,4992,0.03492353
2177,5024,0.034897372
2177,5056,0.034787722
2177,5088,0.034894675
2177,5120,0.03492737
2177,5152,0.03487021
2177,5184,0.035047974
2177,5216,0.03466108
2177,5248,0.03483841
2177,5280,0.034902297
2177,5312,0.03505222
2177,5344,0.03487252
2177,5376,0.034943037
2177,5408,0.034974158
2177,5440,0.034940276
2177,5472,0.03492797
2177,5504,0.03489232
2177,5536,0.034888744
2177,5568,0.034977257
2177,5600,0.034839727
2177,5632,0.03488799
2177,5664,0.03484856
2177,5696,0.034965683
2177,5728,0.034916073
2177,5760,0.034887895
2177,5792,0.034852766
2177,5824,0.034715913
2177,5856,0.034990303
2177,5888,0.034904584
2177,5920,0.03494589
2177,5952,0.034944646
2177,5984,0.034923967
2177,6016,0.034831226
2177,6048,0.034930214
2177,6080,0.034825854
2178,0,0.03481665
2178,32,0.03488529
2178,64,0.03493363
2178,96,0.0348632
2178,128,0.03490454
2178,160,0.034910392
2178,192,0.03486764
2178,224,0.034801997
2178,256,0.034792963
2178,288,0.034915995
2178,320,0.034691803
2178,352,0.034843195
2178,384,0.034924217
2178,416,0.034695465
2178,448,0.03484163
2178,480,0.034988597
2178,512,0.034884322
2178,544,0.034962725
2178,576,0.03491895
2178,608,0.03482266
2178,640,0.03479094
2178,672,0.034786604
2178,704,0.034837272
2178,736,0.034831207
2178,768,0.034837954
2178,800,0.034820363
2178,832,0.034740347
2178,864,0.034743275
2178,896,0.034738418
2178,928,0.034887407
2178,960,0.03483889
2178,992,0.034829386
2178,1024,0.034851104
2178,1056,0.03480433
2178,1088,0.03470386
2178,1120,0.034894437
2178,1152,0.035172652
2178,1184,0.035235398
2178,1216,0.0350541
2178,1248,0.035112713
2178,1280,0.035227932
2178,1312,0.035120666
2178,1344,0.03514615
2178,1376,0.03512555
2178,1408,0.035122678
2178,1440,0.03514947
2178,1472,0.03518172
2178,1504,0.035242375
2178,1536,0.03499771
2178,1568,0.035161994
2178,1600,0.035091646
2178,1632,0.035201076
2178,1664,0.035177737
2178,1696,0.03516404
2178,1728,0.035113133
2178,1760,0.03503032
2178,1792,0.035137735
2178,1824,0.035065394
2178,1856,0.03504801
2178,1888,0.035203133
2178,1920,0.035078507
2178,1952,0.035182044
2178,1984,0.035210516
2178,2016,0.035043225
2178,2048,0.03507177
2178,2080,0.035162847
2178,2112,0.03513541
2178,2144,0.035121266
2178,2176,0.035125446
2178,2208,0.0349892
2178,2240,0.034979798
2178,2272,0.035085365
2178,2304,0.035108984
2178,2336,0.03501714
2178,2368,0.035160076
2178,2400,0.035166893
2178,2432,0.0350911
2178,2464,0.035139255
2178,2496,0.035022907
2178,2528,0.035059836
2178,2560,0.035177793
2178,2592,0.035063583
2178,2624,0.035086945
2178,2656,0.034963932
2178,2688,0.03502143
2178,2720,0.034980144
2178,2752,0.035031546
2178,2784,0.035180192
2178,2816,0.035107292
2178,2848,0.03517989
2178,2880,0.035105262
2178,2912,0.035076357
2178,2944,0.035241716
2178,2976,0.035137158
2178,3008,0.035049736
2178,3040,0.035027195
2178,3072,0.03519505
2178,3104,0.03495568
2178,3136,0.03502148
2178,3168,0.035033442
2178,3200,0.03501715
2178,3232,0.035074737
2178,3264,0.03507765
2178,3296,0.035086587
2178,3328,0.034844063
2178,3360,0.035069827
2178,3392,0.03498225
2178,3424,0.035063602
2178,3456,0.035109825
2178,3488,0.0348749
2178,3520,0.034998618
2178,3552,0.034892295
2178,3584,0.035066877
2178,3616,0.03498047
2178,3648,0.035117168
2178,3680,0.034927797
2178,3712,0.03511937
2178,3744,0.03502834
2178,3776,0.03500812
2178,3808,0.035017904
2178,3840,0.035077095
2178,3872,0.03503966
2178,3904,0.035045736
2178,3936,0.034925375
2178,3968,0.035021283
2178,4000,0.034977585
2178,4032,0.034897953
2178,4064,0.034947503
2178,4096,0.03498629
2178,4128,0.034955304
2178,4160,0.035122924
2178,4192,0.03497542
2178,4224,0.034993228
2178,4256,0.035028953
2178,4288,0.035009533
2178,4320,0.035004064
2178,4352,0.035009917
2178,4384,0.03495623
2178,4416,0.03500176
2178,4448,0.034945372
2178,4480,0.03487507
2178,4512,0.034803063
2178,4544,0.034968633
2178,4576,0.034893747
2178,4608,0.034898274
2178,4640,0.03485347
2178,4672,0.034875706
2178,4704,0.03501325
2178,4736,0.034930717
2178,4768,0.034968037
2178,4800,0.034930598
2178,4832,0.034993924
2178,4864,0.03489667
2178,4896,0.034750804
2178,4928,0.034921568
2178,4960,0.034861077
2178,4992,0.034974374
2178,5024,0.03492657
2178,5056,0.03492055
2178,5088,0.034981556
2178,5120,0.034906164
2178,5152,0.03497736
2178,5184,0.034930337
2178,5216,0.035061646
2178,5248,0.03551371
2178,5280,0.035356015
2178,5312,0.035339803
2178,5344,0.035428684
2178,5376,0.03549573
2178,5408,0.0353266
2178,5440,0.0355188
2178,5472,0.035256762
2178,5504,0.03535238
2178,5536,0.035407197
2178,5568,0.03520869
2178,5600,0.035348848
2178,5632,0.035254795
2178,5664,0.035274588
2178,5696,0.035397395
2178,5728,0.03514728
2178,5760,0.03536825
2178,5792,0.03527053
2178,5824,0.03531413
2178,5856,0.035356425
2178,5888,0.0353441
2178,5920,0.03541391
2178,5952,0.035404123
2178,5984,0.035365693
2178,6016,0.03519197
2178,6048,0.03531022
2178,6080,0.035347454
2179,0,0.03543477
2179,32,0.035412487
2179,64,0.03532946
2179,96,0.035364818
2179,128,0.03541134
2179,160,0.035245962
2179,192,0.035343647
2179,224,0.0353447
2179,256,0.035419032
2179,288,0.03527157
2179,320,0.03525948
2179,352,0.035257604
2179,384,0.035270464
2179,416,0.035329886
2179,448,0.035339776
2179,480,0.0353837
2179,512,0.035309188
2179,544,0.035309464
2179,576,0.035251696
2179,608,0.03531353
2179,640,0.035243474
2179,672,0.03520662
2179,704,0.035236415
2179,736,0.035248294
2179,768,0.035248432
2179,800,0.035300903
2179,832,0.035183012
2179,864,0.035305463
2179,896,0.03529016
2179,928,0.03520784
2179,960,0.035360895
2179,992,0.035174713
2179,1024,0.0352823
2179,1056,0.03518134
2179,1088,0.0352008
2179,1120,0.035253976
2179,1152,0.035324007
2179,1184,0.035406422
2179,1216,0.035215825
2179,1248,0.035283066
2179,1280,0.035190336
2179,1312,0.035264198
2179,1344,0.035228383
2179,1376,0.035249036
2179,1408,0.03515031
2179,1440,0.03518176
2179,1472,0.035207786
2179,1504,0.035157304
2179,1536,0.035341654
2179,1568,0.03513456
2179,1600,0.035205867
2179,1632,0.035077564
2179,1664,0.035362165
2179,1696,0.0352273
2179,1728,0.03526716
2179,1760,0.03526051
2179,1792,0.03511971
2179,1824,0.03525282
2179,1856,0.035092976
2179,1888,0.035252213
2179,1920,0.03509444
2179,1952,0.03521267
2179,1984,0.035221487
2179,2016,0.03521653
2179,2048,0.035158765
2179,2080,0.035210896
2179,2112,0.035075862
2179,2144,0.03520189
2179,2176,0.035243228
2179,2208,0.035216313
2179,2240,0.035199765
2179,2272,0.035187382
2179,2304,0.035095762
2179,2336,0.03515366
2179,2368,0.035210237
2179,2400,0.035196695
2179,2432,0.035240963
2179,2464,0.035213977
2179,2496,0.035181724
2179,2528,0.0351891
2179,2560,0.03510577
2179,2592,0.03516584
2179,2624,0.034998454
2179,2656,0.035150178
2179,2688,0.03526725
2179,2720,0.03514913
2179,2752,0.03512838
2179,2784,0.035111923
2179,2816,0.035065517
2179,2848,0.035021663
2179,2880,0.035040133
2179,2912,0.03517296
2179,2944,0.035032425
2179,2976,0.03520585
2179,3008,0.035078287
2179,3040,0.03522983
2179,3072,0.035100423
2179,3104,0.035217
2179,3136,0.035281904
2179,3168,0.034998897
2179,3200,0.03518377
2179,3232,0.035535388
2179,3264,0.03532661
2179,3296,0.03545833
2179,3328,0.035442494
2179,3360,0.035421155
2179,3392,0.035514254
2179,3424,0.03535544
2179,3456,0.03538281
2179,3488,0.035409518
2179,3520,0.03547838
2179,3552,0.035323177
2179,3584,0.035415325
2179,3616,0.035302717
2179,3648,0.03535062
2179,3680,0.03537334
2179,3712,0.03527657
2179,3744,0.03540971
2179,3776,0.035241187
2179,3808,0.035367347
2179,3840,0.035336737
2179,3872,0.035377454
2179,3904,0.035445113
2179,3936,0.035360936
2179,3968,0.035292603
2179,4000,0.035351183
2179,4032,0.035279207
2179,4064,0.035351362
2179,4096,0.035314403
2179,4128,0.035395265
2179,4160,0.0353482
2179,4192,0.03528489
2179,4224,0.035282157
2179,4256,0.035323083
2179,4288,0.035362754
2179,4320,0.035345558
2179,4352,0.035324953
2179,4384,0.03531652
2179,4416,0.035268392
2179,4448,0.035290215
2179,4480,0.035313047
2179,4512,0.035340518
2179,4544,0.03537229
2179,4576,0.03528825
2179,4608,0.03539421
2179,4640,0.035247363
2179,4672,0.03529241
2179,4704,0.035219733
2179,4736,0.03531244
2179,4768,0.035373226
2179,4800,0.035409212
2179,4832,0.035314605
2179,4864,0.035261553
2179,4896,0.035296984
2179,4928,0.035223484
2179,4960,0.03517569
2179,4992,0.035200633
2179,5024,0.035292327
2179,5056,0.035245754
2179,5088,0.03530159
2179,5120,0.03517739
2179,5152,0.035225574
2179,5184,0.035274867
2179,5216,0.035292685
2179,5248,0.035175987
2179,5280,0.03524023
2179,5312,0.035189472
2179,5344,0.035340056
2179,5376,0.035292752
2179,5408,0.0352466
2179,5440,0.035223342
2179,5472,0.03533339
2179,5504,0.03532552
2179,5536,0.03522394
2179,5568,0.035290997
2179,5600,0.035187826
2179,5632,0.03527457
2179,5664,0.035308897
2179,5696,0.035264146
2179,5728,0.035170186
2179,5760,0.03530553
2179,5792,0.035277925
2179,5824,0.03530208
2179,5856,0.03527412
2179,5888,0.035297506
2179,5920,0.0352614
2179,5952,0.035255775
2179,5984,0.035265714
2179,6016,0.035135873
2179,6048,0.035076935
2179,6080,0.035233356
2180,0,0.03523814
2180,32,0.03521572
2180,64,0.035318203
2180,96,0.03512916
2180,128,0.03525586
2180,160,0.035162237
2180,192,0.03512846
2180,224,0.035311103
2180,256,0.035241526
2180,288,0.035224445
2180,320,0.035216022
2180,352,0.03533634
2180,384,0.035217706
2180,416,0.03520457
2180,448,0.03509956
2180,480,0.035261184
2180,512,0.035166774
2180,544,0.035127435
2180,576,0.035080496
2180,608,0.03532226
2180,640,0.035179593
2180,672,0.035240278
2180,704,0.035327803
2180,736,0.03517863
2180,768,0.03508708
2180,800,0.035267502
2180,832,0.035119794
2180,864,0.035059154
2180,896,0.03525212
2180,928,0.035227478
2180,960,0.035197884
2180,992,0.035085857
2180,1024,0.035098866
2180,1056,0.035040855
2180,1088,0.03511265
2180,1120,0.035132546
2180,1152,0.035116304
2180,1184,0.035299383
2180,1216,0.03575438
2180,1248,0.035949033
2180,1280,0.035796754
2180,1312,0.03598865
2180,1344,0.035947226
2180,1376,0.03589126
2180,1408,0.035939325
2180,1440,0.035818916
2180,1472,0.03602038
2180,1504,0.03594787
2180,1536,0.035823196
2180,1568,0.035967764
2180,1600,0.035840407
2180,1632,0.03577352
2180,1664,0.035802927
2180,1696,0.03577968
2180,1728,0.035880588
2180,1760,0.03579373
2180,1792,0.03587087
2180,1824,0.035825517
2180,1856,0.035851832
2180,1888,0.035786018
2180,1920,0.035630953
2180,1952,0.03577433
2180,1984,0.03581503
2180,2016,0.035814695
2180,2048,0.035774633
2180,2080,0.035839215
2180,2112,0.035876922
2180,2144,0.035834365
2180,2176,0.035902437
2180,2208,0.03583654
2180,2240,0.035813577
2180,2272,0.03577317
2180,2304,0.035825677
2180,2336,0.035806675
2180,2368,0.035724446
2180,2400,0.03587064
2180,2432,0.03570361
2180,2464,0.035701867
2180,2496,0.035716943
2180,2528,0.035631925
2180,2560,0.035710003
2180,2592,0.035691313
2180,2624,0.035792682
2180,2656,0.035842597
2180,2688,0.035810813
2180,2720,0.03568866
2180,2752,0.035811633
2180,2784,0.03578926
2180,2816,0.035826564
2180,2848,0.03570519
2180,2880,0.03561932
2180,2912,0.03573142
2180,2944,0.035710216
2180,2976,0.035809614
2180,3008,0.03575803
2180,3040,0.035694
2180,3072,0.03579709
2180,3104,0.03570505
2180,3136,0.035755694
2180,3168,0.035650223
2180,3200,0.03571258
2180,3232,0.035684492
2180,3264,0.035701454
2180,3296,0.03576935
2180,3328,0.035730768
2180,3360,0.035689298
2180,3392,0.035787016
2180,3424,0.035687707
2180,3456,0.03577693
2180,3488,0.03565259
2180,3520,0.035739746
2180,3552,0.03579963
2180,3584,0.035737984
2180,3616,0.035786036
2180,3648,0.035766937
2180,3680,0.035638984
2180,3712,0.035582952
2180,3744,0.035617065
2180,3776,0.035726216
2180,3808,0.03565412
2180,3840,0.0357567
2180,3872,0.03569281
2180,3904,0.035540435
2180,3936,0.035766974
2180,3968,0.03566025
2180,4000,0.035659347
2180,4032,0.035707615
2180,4064,0.035663206
2180,4096,0.035716385
2180,4128,0.03576477
2180,4160,0.035709016
2180,4192,0.0357502
2180,4224,0.035556253
2180,4256,0.035577375
2180,4288,0.03564716
2180,4320,0.03584432
2180,4352,0.035713308
2180,4384,0.03580366
2180,4416,0.035708424
2180,4448,0.035731893
2180,4480,0.035702657
2180,4512,0.035566162
2180,4544,0.03553211
2180,4576,0.035588577
2180,4608,0.035580978
2180,4640,0.03567107
2180,4672,0.03562893
2180,4704,0.03558905
2180,4736,0.03565024
2180,4768,0.035656493
2180,4800,0.035561666
2180,4832,0.035711586
2180,4864,0.03568872
2180,4896,0.035662856
2180,4928,0.035639003
2180,4960,0.03574876
2180,4992,0.0356783
2180,5024,0.035514556
2180,5056,0.03555626
2180,5088,0.03567169
2180,5120,0.035693273
2180,5152,0.035653345
2180,5184,0.03545825
2180,5216,0.035544705
2180,5248,0.035621747
2180,5280,0.035661872
2180,5312,0.035812438
2180,5344,0.035715584
2180,5376,0.035830542
2180,5408,0.035796244
2180,5440,0.03573302
2180,5472,0.03581416
2180,5504,0.035818767
2180,5536,0.035795365
2180,5568,0.03588617
2180,5600,0.035895992
2180,5632,0.03571269
2180,5664,0.035851695
2180,5696,0.03570739
2180,5728,0.03576586
2180,5760,0.035738
2180,5792,0.03580631
2180,5824,0.03580566
2180,5856,0.03580191
2180,5888,0.03562441
2180,5920,0.035803925
2180,5952,0.03584194
2180,5984,0.035689697
2180,6016,0.035728917
2180,6048,0.035886582
2180,6080,0.035832558
2181,0,0.03570069
2181,32,0.035707224
2181,64,0.035793424
2181,96,0.035669815
2181,128,0.03574734
2181,160,0.03562084
2181,192,0.03569395
2181,224,0.035775047
2181,256,0.035743713
2181,288,0.035754394
2181,320,0.035760246
2181,352,0.03553696
2181,384,0.03558999
2181,416,0.03574279
2181,448,0.035679985
2181,480,0.03575749
2181,512,0.035698317
2181,544,0.035826806
2181,576,0.035655417
2181,608,0.035607666
2181,640,0.035678286
2181,672,0.035763554
2181,704,0.035730276
2181,736,0.03563125
2181,768,0.035661213
2181,800,0.035830908
2181,832,0.03581541
2181,864,0.035641905
2181,896,0.035741605
2181,928,0.035650227
2181,960,0.035643425
2181,992,0.03572324
2181,1024,0.035591777
2181,1056,0.035682768
2181,1088,0.035605166
2181,1120,0.035646744
2181,1152,0.035817795
2181,1184,0.03559562
2181,1216,0.03578187
2181,1248,0.035659816
2181,1280,0.03565328
2181,1312,0.035540927
2181,1344,0.035668522
2181,1376,0.03568741
2181,1408,0.03564252
2181,1440,0.03576821
2181,1472,0.035685997
2181,1504,0.035720773
2181,1536,0.035763282
2181,1568,0.035572976
2181,1600,0.035607502
2181,1632,0.03567576
2181,1664,0.03569481
2181,1696,0.035636824
2181,1728,0.035430513
2181,1760,0.035481963
2181,1792,0.03552974
2181,1824,0.03561976
2181,1856,0.035546064
2181,1888,0.035647765
2181,1920,0.035667192
2181,1952,0.03557595
2181,1984,0.03551484
2181,2016,0.03558558
2181,2048,0.03569003
2181,2080,0.0355535
2181,2112,0.03568967
2181,2144,0.035676837
2181,2176,0.035596177
2181,2208,0.035541497
2181,2240,0.035693698
2181,2272,0.03549669
2181,2304,0.035514385
2181,2336,0.035618257
2181,2368,0.03550229
2181,2400,0.03558327
2181,2432,0.035592884
2181,2464,0.035642527
2181,2496,0.03557824
2181,2528,0.03555794
2181,2560,0.035547815
2181,2592,0.035591252
2181,2624,0.035704024
2181,2656,0.035607785
2181,2688,0.035624485
2181,2720,0.035713907
2181,2752,0.035549827
2181,2784,0.035554793
2181,2816,0.03551632
2181,2848,0.03545428
2181,2880,0.035570465
2181,2912,0.035603613
2181,2944,0.035564337
2181,2976,0.035562735
2181,3008,0.03558189
2181,3040,0.035448916
2181,3072,0.035591315
2181,3104,0.035511702
2181,3136,0.035567794
2181,3168,0.035574418
2181,3200,0.035558406
2181,3232,0.03555141
2181,3264,0.035492197
2181,3296,0.035203457
2181,3328,0.03461258
2181,3360,0.03457388
2181,3392,0.034498237
2181,3424,0.034561615
2181,3456,0.034692504
2181,3488,0.03469537
2181,3520,0.034605637
2181,3552,0.03451968
2181,3584,0.03464571
2181,3616,0.03447639
2181,3648,0.034496624
2181,3680,0.034627754
2181,3712,0.034575056
2181,3744,0.034575492
2181,3776,0.034620773
2181,3808,0.03443809
2181,3840,0.03462861
2181,3872,0.034625128
2181,3904,0.03448058
2181,3936,0.034615584
2181,3968,0.034550305
2181,4000,0.03471278
2181,4032,0.03462031
2181,4064,0.0344945
2181,4096,0.034631815
2181,4128,0.0345194
2181,4160,0.03450311
2181,4192,0.034579277
2181,4224,0.034525856
2181,4256,0.034615576
2181,4288,0.03464319
2181,4320,0.03457712
2181,4352,0.034635913
2181,4384,0.034492895
2181,4416,0.03454097
2181,4448,0.034481566
2181,4480,0.034511633
2181,4512,0.03448155
2181,4544,0.034662426
2181,4576,0.03467005
2181,4608,0.034473173
2181,4640,0.034517415
2181,4672,0.034631215
2181,4704,0.034532312
2181,4736,0.034416117
2181,4768,0.03452202
2181,4800,0.034585916
2181,4832,0.034522902
2181,4864,0.03434069
2181,4896,0.03449922
2181,4928,0.03456004
2181,4960,0.034521207
2181,4992,0.034560878
2181,5024,0.034468934
2181,5056,0.034466647
2181,5088,0.034497164
2181,5120,0.034466006
2181,5152,0.03444972
2181,5184,0.034542833
2181,5216,0.034463562
2181,5248,0.034461778
2181,5280,0.03449074
2181,5312,0.03443412
2181,5344,0.03441795
2181,5376,0.034593944
2181,5408,0.034409225
2181,5440,0.034514636
2181,5472,0.03445696
2181,5504,0.034378037
2181,5536,0.034569737
2181,5568,0.034491178
2181,5600,0.034373257
2181,5632,0.034488387
2181,5664,0.0344025
2181,5696,0.034429386
2181,5728,0.034373865
2181,5760,0.034407727
2181,5792,0.03443333
2181,5824,0.03442569
2181,5856,0.03456753
2181,5888,0.034352668
2181,5920,0.034415316
2181,5952,0.034563847
2181,5984,0.034491647
2181,6016,0.034378722
2181,6048,0.034395568
2181,6080,0.034553096
2182,0,0.034502294
2182,32,0.034500495
2182,64,0.03438256
2182,96,0.034440756
2182,128,0.03439808
2182,160,0.034519885
2182,192,0.034540005
2182,224,0.03451496
2182,256,0.034495927
2182,288,0.03448619
2182,320,0.0346178
2182,352,0.03435678
2182,384,0.03455783
2182,416,0.0344289
2182,448,0.034501642
2182,480,0.034564424
2182,512,0.03435321
2182,544,0.03451732
2182,576,0.03434716
2182,608,0.034379795
2182,640,0.03432537
2182,672,0.034386117
2182,704,0.034426313
2182,736,0.034408186
2182,768,0.034447856
2182,800,0.03444253
2182,832,0.034521256
2182,864,0.0343639
2182,896,0.034400776
2182,928,0.034201194
2182,960,0.034431558
2182,992,0.034335032
2182,1024,0.034492936
2182,1056,0.034469362
2182,1088,0.03433752
2182,1120,0.034210622
2182,1152,0.034537215
2182,1184,0.034363136
2182,1216,0.034323674
2182,1248,0.03429095
2182,1280,0.034878362
2182,1312,0.03602754
2182,1344,0.03579135
2182,1376,0.035821185
2182,1408,0.035925776
2182,1440,0.03593835
2182,1472,0.03580718
2182,1504,0.035886344
2182,1536,0.0359284
2182,1568,0.035992563
2182,1600,0.035790768
2182,1632,0.035848297
2182,1664,0.035919175
2182,1696,0.036069047
2182,1728,0.035901632
2182,1760,0.035884183
2182,1792,0.035937205
2182,1824,0.035864275
2182,1856,0.03588334
2182,1888,0.035991322
2182,1920,0.03583269
2182,1952,0.035846557
2182,1984,0.035839334
2182,2016,0.03586524
2182,2048,0.03590235
2182,2080,0.03592402
2182,2112,0.03577968
2182,2144,0.03583573
2182,2176,0.035756253
2182,2208,0.03587262
2182,2240,0.03587018
2182,2272,0.03585032
2182,2304,0.035894163
2182,2336,0.035995398
2182,2368,0.035868324
2182,2400,0.03576146
2182,2432,0.0358532
2182,2464,0.035883695
2182,2496,0.03587658
2182,2528,0.03585676
2182,2560,0.03582117
2182,2592,0.036015198
2182,2624,0.0359502
2182,2656,0.035910837
2182,2688,0.03581275
2182,2720,0.035649326
2182,2752,0.035776727
2182,2784,0.035744924
2182,2816,0.035866875
2182,2848,0.03593937
2182,2880,0.0357155
2182,2912,0.035930783
2182,2944,0.035761103
2182,2976,0.03576395
2182,3008,0.03588313
2182,3040,0.035873175
2182,3072,0.035776816
2182,3104,0.035690866
2182,3136,0.035710596
2182,3168,0.035777204
2182,3200,0.035875678
2182,3232,0.03574384
2182,3264,0.035873424
2182,3296,0.035793148
2182,3328,0.035893384
2182,3360,0.03583673
2182,3392,0.0357707
2182,3424,0.035740353
2182,3456,0.035765484
2182,3488,0.035682626
2182,3520,0.035708014
2182,3552,0.035854023
2182,3584,0.035760853
2182,3616,0.035763763
2182,3648,0.035782345
2182,3680,0.03578719
2182,3712,0.03573497
2182,3744,0.035693813
2182,3776,0.0358747
2182,3808,0.035874214
2182,3840,0.035731416
2182,3872,0.035667453
2182,3904,0.03569749
2182,3936,0.035780117
2182,3968,0.03585445
2182,4000,0.035658736
2182,4032,0.035690133
2182,4064,0.035760324
2182,4096,0.035892963
2182,4128,0.035731614
2182,4160,0.035884894
2182,4192,0.035615776
2182,4224,0.035681505
2182,4256,0.035823777
2182,4288,0.035611957
2182,4320,0.03554971
2182,4352,0.0357203
2182,4384,0.035793148
2182,4416,0.03569433
2182,4448,0.035896126
2182,4480,0.03567535
2182,4512,0.035768922
2182,4544,0.035746835
2182,4576,0.035800263
2182,4608,0.035621423
2182,4640,0.035724975
2182,4672,0.03564033
2182,4704,0.03576753
2182,4736,0.03564027
2182,4768,0.035686795
2182,4800,0.03580821
2182,4832,0.03566257
2182,4864,0.035716195
2182,4896,0.035803728
2182,4928,0.035734378
2182,4960,0.035712097
2182,4992,0.035857804
2182,5024,0.03562861
2182,5056,0.03568338
2182,5088,0.035682756
2182,5120,0.03563653
2182,5152,0.03566789
2182,5184,0.035756633
2182,5216,0.035731502
2182,5248,0.035601143
2182,5280,0.03559739
2182,5312,0.03571047
2182,5344,0.035655413
2182,5376,0.03572809
2182,5408,0.035931833
2182,5440,0.036020346
2182,5472,0.036020633
2182,5504,0.03605749
2182,5536,0.03595225
2182,5568,0.035952333
2182,5600,0.03591736
2182,5632,0.035906654
2182,5664,0.036055107
2182,5696,0.03586291
2182,5728,0.036087606
2182,5760,0.03603491
2182,5792,0.035948426
2182,5824,0.03600207
2182,5856,0.035899505
2182,5888,0.03601966
2182,5920,0.035992038
2182,5952,0.035997998
2182,5984,0.03585999
2182,6016,0.03595232
2182,6048,0.035875477
2182,6080,0.035946168
2183,0,0.03591996
2183,32,0.035908304
2183,64,0.03602323
2183,96,0.035982594
2183,128,0.035737548
2183,160,0.035901103
2183,192,0.036010567
2183,224,0.035938993
2183,256,0.035964083
2183,288,0.036021844
2183,320,0.035837814
2183,352,0.0360034
2183,384,0.03587962
2183,416,0.035856493
2183,448,0.035885368
2183,480,0.035944026
2183,512,0.03598948
2183,544,0.03593258
2183,576,0.03580827
2183,608,0.0359339
2183,640,0.035915878
2183,672,0.035764165
2183,704,0.035849918
2183,736,0.035757706
2183,768,0.035958797
2183,800,0.035898805
2183,832,0.035885066
2183,864,0.035889644
2183,896,0.035813298
2183,928,0.03585974
2183,960,0.03586351
2183,992,0.035964534
2183,1024,0.035882715
2183,1056,0.035921726
2183,1088,0.035826743
2183,1120,0.035811216
2183,1152,0.035754915
2183,1184,0.035802837
2183,1216,0.03589156
2183,1248,0.035854578
2183,1280,0.035925407
2183,1312,0.035934325
2183,1344,0.035947558
2183,1376,0.03578224
2183,1408,0.035788774
2183,1440,0.035838883
2183,1472,0.035716232
2183,1504,0.035965323
2183,1536,0.035726946
2183,1568,0.035944108
2183,1600,0.035810553
2183,1632,0.0358506
2183,1664,0.03580787
2183,1696,0.03580917
2183,1728,0.03580357
2183,1760,0.03587888
2183,1792,0.03582174
2183,1824,0.035872377
2183,1856,0.03573854
2183,1888,0.035763122
2183,1920,0.035814498
2183,1952,0.03582604
2183,1984,0.035879854
2183,2016,0.035853606
2183,2048,0.03574813
2183,2080,0.035941124
2183,2112,0.035872336
2183,2144,0.035738293
2183,2176,0.035869222
2183,2208,0.03594858
2183,2240,0.035800025
2183,2272,0.035846446
2183,2304,0.03571653
2183,2336,0.0357751
2183,2368,0.035931893
2183,2400,0.035806514
2183,2432,0.03574398
2183,2464,0.03590712
2183,2496,0.03576611
2183,2528,0.03583357
2183,2560,0.035854585
2183,2592,0.0356865
2183,2624,0.035675228
2183,2656,0.035758857
2183,2688,0.035790768
2183,2720,0.03577761
2183,2752,0.035668254
2183,2784,0.035761047
2183,2816,0.03572144
2183,2848,0.035615657
2183,2880,0.035661843
2183,2912,0.035750467
2183,2944,0.0357349
2183,2976,0.035712544
2183,3008,0.035781063
2183,3040,0.035744455
2183,3072,0.03565938
2183,3104,0.035766613
2183,3136,0.03572194
2183,3168,0.035702437
2183,3200,0.035727948
2183,3232,0.035824172
2183,3264,0.035653003
2183,3296,0.03568649
2183,3328,0.035749212
2183,3360,0.03567736
2183,3392,0.035629872
2183,3424,0.035553504
2183,3456,0.03558087
2183,3488,0.03566086
2183,3520,0.035527166
2183,3552,0.03563195
2183,3584,0.035495218
2183,3616,0.035434287
2183,3648,0.035528872
2183,3680,0.035453606
2183,3712,0.035414748
2183,3744,0.035360962
2183,3776,0.035452385
2183,3808,0.035529003
2183,3840,0.03545347
2183,3872,0.03560544
2183,3904,0.03552051
2183,3936,0.035531875
2183,3968,0.035480645
2183,4000,0.035390727
2183,4032,0.035527606
2183,4064,0.035575174
2183,4096,0.03556111
2183,4128,0.03552192
2183,4160,0.035398
2183,4192,0.03529771
2183,4224,0.035442863
2183,4256,0.035434745
2183,4288,0.035459984
2183,4320,0.035512034
2183,4352,0.03546144
2183,4384,0.035448913
2183,4416,0.03547957
2183,4448,0.035333663
2183,4480,0.03550635
2183,4512,0.035485074
2183,4544,0.03543409
2183,4576,0.035439648
2183,4608,0.03548392
2183,4640,0.03553462
2183,4672,0.03551829
2183,4704,0.035424445
2183,4736,0.03536269
2183,4768,0.03539934
2183,4800,0.03541385
2183,4832,0.035392836
2183,4864,0.03540726
2183,4896,0.035415925
2183,4928,0.035360057
2183,4960,0.035459287
2183,4992,0.035481047
2183,5024,0.035359055
2183,5056,0.03520364
2183,5088,0.03530269
2183,5120,0.035507087
2183,5152,0.035611242
2183,5184,0.035364836
2183,5216,0.03543583
2183,5248,0.035371207
2183,5280,0.03523011
2183,5312,0.035446905
2183,5344,0.035351515
2183,5376,0.035310037
2183,5408,0.035429217
2183,5440,0.0353076
2183,5472,0.03536308
2183,5504,0.035352867
2183,5536,0.03532301
2183,5568,0.035352036
2183,5600,0.03541403
2183,5632,0.03538215
2183,5664,0.035297543
2183,5696,0.03546699
2183,5728,0.035266973
2183,5760,0.03535332
2183,5792,0.035386834
2183,5824,0.035298664
2183,5856,0.035317004
2183,5888,0.03550896
2183,5920,0.035349358
2183,5952,0.03540371
2183,5984,0.035351142
2183,6016,0.03541803
2183,6048,0.035417426
2183,6080,0.035454016
2184,0,0.035406068
2184,32,0.03530731
2184,64,0.035420995
2184,96,0.035367347
2184,128,0.035373125
2184,160,0.035393488
2184,192,0.03537637
2184,224,0.03542767
2184,256,0.035331976
2184,288,0.035295475
2184,320,0.035332583
2184,352,0.035344597
2184,384,0.035459418
2184,416,0.03534495
2184,448,0.03545687
2184,480,0.03539867
2184,512,0.035326265
2184,544,0.03525105
2184,576,0.035444807
2184,608,0.03533077
2184,640,0.035307102
2184,672,0.035245087
2184,704,0.03532184
2184,736,0.035262324
2184,768,0.035301644
2184,800,0.0352842
2184,832,0.035274714
2184,864,0.03518101
2184,896,0.035371453
2184,928,0.03541132
2184,960,0.035288908
2184,992,0.035356905
2184,1024,0.035297602
2184,1056,0.035366777
2184,1088,0.03523038
2184,1120,0.03533915
2184,1152,0.03535195
2184,1184,0.035332546
2184,1216,0.0352578
2184,1248,0.035366338
2184,1280,0.035312653
2184,1312,0.035418566
2184,1344,0.035304353
2184,1376,0.035148155
2184,1408,0.03515829
2184,1440,0.035000827
2184,1472,0.035105962
2184,1504,0.035193864
2184,1536,0.034997024
2184,1568,0.035054084
2184,1600,0.035008937
2184,1632,0.03501279
2184,1664,0.034976162
2184,1696,0.03504492
2184,1728,0.035134524
2184,1760,0.034973312
2184,1792,0.0350324
2184,1824,0.03508904
2184,1856,0.035049286
2184,1888,0.03501268
2184,1920,0.03501717
2184,1952,0.034930266
2184,1984,0.034862246
2184,2016,0.034939446
2184,2048,0.03511798
2184,2080,0.034998752
2184,2112,0.034964453
2184,2144,0.034971498
2184,2176,0.034853972
2184,2208,0.0350104
2184,2240,0.034943175
2184,2272,0.035012692
2184,2304,0.035036664
2184,2336,0.034881763
2184,2368,0.034971934
2184,2400,0.035040934
2184,2432,0.03494961
2184,2464,0.03506186
2184,2496,0.034920625
2184,2528,0.034834027
2184,2560,0.034997113
2184,2592,0.03492726
2184,2624,0.03503012
2184,2656,0.03508597
2184,2688,0.034955256
2184,2720,0.034887414
2184,2752,0.03497597
2184,2784,0.03487925
2184,2816,0.03497741
2184,2848,0.034945562
2184,2880,0.03487581
2184,2912,0.03496936
2184,2944,0.034895808
2184,2976,0.034939688
2184,3008,0.034953896
2184,3040,0.034763247
2184,3072,0.035041943
2184,3104,0.035028737
2184,3136,0.035028204
2184,3168,0.03490394
2184,3200,0.034923144
2184,3232,0.034968864
2184,3264,0.03496802
2184,3296,0.035061654
2184,3328,0.03490004
2184,3360,0.03486471
2184,3392,0.0349046
2184,3424,0.034922335
2184,3456,0.034858964
2184,3488,0.034954954
2184,3520,0.034859415
2184,3552,0.034945928
2184,3584,0.034969237
2184,3616,0.034857456
2184,3648,0.035017826
2184,3680,0.034907766
2184,3712,0.034940265
2184,3744,0.034899496
2184,3776,0.03491121
2184,3808,0.03486206
2184,3840,0.034824602
2184,3872,0.03490824
2184,3904,0.03489631
2184,3936,0.034914926
2184,3968,0.03492195
2184,4000,0.03491441
2184,4032,0.034938924
2184,4064,0.0348564
2184,4096,0.034798883
2184,4128,0.0348852
2184,4160,0.03488616
2184,4192,0.034781568
2184,4224,0.034946658
2184,4256,0.03491436
2184,4288,0.034832917
2184,4320,0.035003435
2184,4352,0.034842364
2184,4384,0.034816504
2184,4416,0.034823284
2184,4448,0.034966715
2184,4480,0.034956817
2184,4512,0.034965232
2184,4544,0.034740783
2184,4576,0.034800977
2184,4608,0.03494151
2184,4640,0.034852523
2184,4672,0.03491381
2184,4704,0.034917638
2184,4736,0.03493525
2184,4768,0.034827944
2184,4800,0.03485639
2184,4832,0.03485629
2184,4864,0.034780286
2184,4896,0.034878038
2184,4928,0.034843132
2184,4960,0.03472286
2184,4992,0.034901537
2184,5024,0.034847755
2184,5056,0.034812164
2184,5088,0.03486665
2184,5120,0.03480846
2184,5152,0.034771796
2184,5184,0.034865983
2184,5216,0.034882747
2184,5248,0.034756288
2184,5280,0.03471805
2184,5312,0.03485106
2184,5344,0.034957126
2184,5376,0.03484397
2184,5408,0.034770597
2184,5440,0.034872852
2184,5472,0.03523974
2184,5504,0.035400305
2184,5536,0.035352863
2184,5568,0.035303775
2184,5600,0.03535673
2184,5632,0.03535414
2184,5664,0.035334133
2184,5696,0.035252873
2184,5728,0.035283122
2184,5760,0.035253044
2184,5792,0.035186946
2184,5824,0.03520937
2184,5856,0.035321858
2184,5888,0.03533353
2184,5920,0.03527235
2184,5952,0.035307493
2184,5984,0.035308477
2184,6016,0.035219554
2184,6048,0.035271127
2184,6080,0.03529781
2185,0,0.035257343
2185,32,0.035299916
2185,64,0.035272755
2185,96,0.035341226
2185,128,0.035342935
2185,160,0.035273
2185,192,0.035164766
2185,224,0.03521122
2185,256,0.035301816
2185,288,0.035239972
2185,320,0.03533225
2185,352,0.035256714
2185,384,0.03522885
2185,416,0.03510776
2185,448,0.035306174
2185,480,0.035396326
2185,512,0.035384495
2185,544,0.03516632
2185,576,0.035198957
2185,608,0.035178088
2185,640,0.035246875
2185,672,0.035341114
2185,704,0.0353464
2185,736,0.0351368
2185,768,0.035049517
2185,800,0.035363432
2185,832,0.035232153
2185,864,0.035294183
2185,896,0.035355143
2185,928,0.03533752
2185,960,0.035324976
2185,992,0.03518902
2185,1024,0.03531385
2185,1056,0.035281133
2185,1088,0.035110213
2185,1120,0.03526209
2185,1152,0.03524344
2185,1184,0.035258487
2185,1216,0.035241224
2185,1248,0.035263583
2185,1280,0.03519601
2185,1312,0.035114296
2185,1344,0.035132732
2185,1376,0.035238355
2185,1408,0.035165034
2185,1440,0.035266172
2185,1472,0.03520609
2185,1504,0.03522674
2185,1536,0.035151515
2185,1568,0.035120323
2185,1600,0.03512516
2185,1632,0.03517867
2185,1664,0.035220984
2185,1696,0.03525627
2185,1728,0.03507902
2185,1760,0.03511714
2185,1792,0.035167344
2185,1824,0.035192914
2185,1856,0.03506347
2185,1888,0.035292204
2185,1920,0.03531348
2185,1952,0.0350302
2185,1984,0.035134897
2185,2016,0.035200838
2185,2048,0.035109997
2185,2080,0.035133637
2185,2112,0.035106644
2185,2144,0.03504055
2185,2176,0.03516638
2185,2208,0.035097808
2185,2240,0.035083897
2185,2272,0.03528106
2185,2304,0.03505799
2185,2336,0.03510463
2185,2368,0.035145268
2185,2400,0.035251513
2185,2432,0.03511557
2185,2464,0.03517969
2185,2496,0.035140805
2185,2528,0.035132937
2185,2560,0.035007372
2185,2592,0.035358608
2185,2624,0.035144724
2185,2656,0.03504965
2185,2688,0.035234086
2185,2720,0.03508716
2185,2752,0.035188086
2185,2784,0.03504018
2185,2816,0.035093978
2185,2848,0.035065543
2185,2880,0.035075787
2185,2912,0.035146724
2185,2944,0.03505185
2185,2976,0.035181277
2185,3008,0.035081882
2185,3040,0.035196852
2185,3072,0.035186637
2185,3104,0.03508208
2185,3136,0.035060152
2185,3168,0.035119776
2185,3200,0.035122227
2185,3232,0.0350748
2185,3264,0.035052035
2185,3296,0.03503276
2185,3328,0.03512969
2185,3360,0.03505981
2185,3392,0.035206027
2185,3424,0.03493467
2185,3456,0.0353257
2185,3488,0.03555028
2185,3520,0.03537121
2185,3552,0.03546519
2185,3584,0.03551319
2185,3616,0.035541423
2185,3648,0.03546157
2185,3680,0.035444323
2185,3712,0.035439357
2185,3744,0.035436008
2185,3776,0.03548208
2185,3808,0.03543307
2185,3840,0.035393536
2185,3872,0.035502113
2185,3904,0.03540843
2185,3936,0.03546155
2185,3968,0.03537221
2185,4000,0.03536595
2185,4032,0.03552167
2185,4064,0.03532533
2185,4096,0.0354846
2185,4128,0.035504863
2185,4160,0.035428446
2185,4192,0.03539794
2185,4224,0.035516262
2185,4256,0.03541766
2185,4288,0.035324574
2185,4320,0.03536064
2185,4352,0.035236135
2185,4384,0.035469197
2185,4416,0.035344146
2185,4448,0.03547726
2185,4480,0.035371333
2185,4512,0.035450757
2185,4544,0.035333656
2185,4576,0.035431504
2185,4608,0.035275918
2185,4640,0.035300296
2185,4672,0.035348553
2185,4704,0.035445537
2185,4736,0.035331786
2185,4768,0.03535238
2185,4800,0.03538368
2185,4832,0.035436854
2185,4864,0.035398014
2185,4896,0.035410836
2185,4928,0.03527463
2185,4960,0.03538643
2185,4992,0.035325553
2185,5024,0.0351517
2185,5056,0.03527634
2185,5088,0.035487503
2185,5120,0.03536955
2185,5152,0.035227485
2185,5184,0.035326872
2185,5216,0.035449613
2185,5248,0.035338648
2185,5280,0.035292946
2185,5312,0.03523013
2185,5344,0.0353487
2185,5376,0.035443313
2185,5408,0.035319258
2185,5440,0.035309304
2185,5472,0.035404164
2185,5504,0.03550273
2185,5536,0.03525544
2185,5568,0.035373267
2185,5600,0.03532369
2185,5632,0.035307266
2185,5664,0.03531226
2185,5696,0.035377715
2185,5728,0.035345923
2185,5760,0.035414957
2185,5792,0.035301927
2185,5824,0.035348352
2185,5856,0.035317227
2185,5888,0.03537538
2185,5920,0.03522653
2185,5952,0.035309933
2185,5984,0.03530197
2185,6016,0.035301216
2185,6048,0.03519875
2185,6080,0.035252146
2186,0,0.035484463
2186,32,0.035229176
2186,64,0.035431713
2186,96,0.035303853
2186,128,0.03528596
2186,160,0.035364788
2186,192,0.035137355
2186,224,0.035386182
2186,256,0.035329573
2186,288,0.03540849
2186,320,0.03538442
2186,352,0.03530695
2186,384,0.035303358
2186,416,0.03504062
2186,448,0.03536106
2186,480,0.035277393
2186,512,0.035352055
2186,544,0.03540226
2186,576,0.035224732
2186,608,0.035194714
2186,640,0.03532033
2186,672,0.035246667
2186,704,0.035157263
2186,736,0.035233703
2186,768,0.035255805
2186,800,0.03528673
2186,832,0.035173558
2186,864,0.035297163
2186,896,0.035248805
2186,928,0.035273753
2186,960,0.035251874
2186,992,0.035256397
2186,1024,0.035209883
2186,1056,0.035150394
2186,1088,0.03522076
2186,1120,0.035137657
2186,1152,0.035368484
2186,1184,0.03524194
2186,1216,0.035313774
2186,1248,0.035188075
2186,1280,0.035034224
2186,1312,0.035224367
2186,1344,0.035168834
2186,1376,0.035261307
2186,1408,0.03530505
2186,1440,0.03520515
2186,1472,0.03570099
2186,1504,0.035639357
2186,1536,0.035649765
2186,1568,0.03557995
2186,1600,0.035572354
2186,1632,0.035582203
2186,1664,0.035456173
2186,1696,0.035553522
2186,1728,0.03549799
2186,1760,0.035644967
2186,1792,0.03540456
2186,1824,0.035489183
2186,1856,0.035691984
2186,1888,0.03544695
2186,1920,0.035481513
2186,1952,0.03555598
2186,1984,0.035645083
2186,2016,0.03552776
2186,2048,0.03559669
2186,2080,0.035606083
2186,2112,0.035508253
2186,2144,0.035443038
2186,2176,0.03543505
2186,2208,0.03554286
2186,2240,0.03547208
2186,2272,0.03537137
2186,2304,0.035328917
2186,2336,0.035563126
2186,2368,0.03538789
2186,2400,0.035432737
2186,2432,0.03544236
2186,2464,0.035402104
2186,2496,0.035482563
2186,2528,0.03547673
2186,2560,0.035364572
2186,2592,0.035492364
2186,2624,0.0354647
2186,2656,0.035452485
2186,2688,0.03551438
2186,2720,0.03545611
2186,2752,0.035460826
2186,2784,0.03550244
2186,2816,0.035441436
2186,2848,0.035491016
2186,2880,0.03535603
2186,2912,0.03535827
2186,2944,0.0354075
2186,2976,0.03533245
2186,3008,0.035379466
2186,3040,0.03540494
2186,3072,0.0354719
2186,3104,0.035397757
2186,3136,0.03549856
2186,3168,0.035370365
2186,3200,0.035398304
2186,3232,0.035427257
2186,3264,0.03532899
2186,3296,0.035323814
2186,3328,0.035301484
2186,3360,0.035412148
2186,3392,0.03548031
2186,3424,0.035318416
2186,3456,0.03536185
2186,3488,0.035411045
2186,3520,0.03533227
2186,3552,0.035269193
2186,3584,0.03551202
2186,3616,0.035442106
2186,3648,0.035352364
2186,3680,0.03540944
2186,3712,0.035429496
2186,3744,0.035379123
2186,3776,0.0352459
2186,3808,0.035360035
2186,3840,0.03530774
2186,3872,0.035445154
2186,3904,0.035261746
2186,3936,0.035347484
2186,3968,0.035335373
2186,4000,0.035401218
2186,4032,0.03550544
2186,4064,0.03537735
2186,4096,0.035287373
2186,4128,0.035348434
2186,4160,0.035279054
2186,4192,0.035398327
2186,4224,0.035405546
2186,4256,0.035325736
2186,4288,0.035303157
2186,4320,0.035464637
2186,4352,0.035338696
2186,4384,0.035326496
2186,4416,0.03537953
2186,4448,0.03533447
2186,4480,0.035311524
2186,4512,0.035305295
2186,4544,0.035393495
2186,4576,0.035327252
2186,4608,0.035302326
2186,4640,0.035301145
2186,4672,0.035440627
2186,4704,0.035327706
2186,4736,0.035339195
2186,4768,0.035282068
2186,4800,0.035351537
2186,4832,0.035263393
2186,4864,0.035332564
2186,4896,0.035268005
2186,4928,0.03525853
2186,4960,0.03523269
2186,4992,0.035428848
2186,5024,0.035302818
2186,5056,0.035292305
2186,5088,0.035295416
2186,5120,0.035364524
2186,5152,0.0352702
2186,5184,0.035201263
2186,5216,0.03533157
2186,5248,0.035337918
2186,5280,0.035297353
2186,5312,0.035160612
2186,5344,0.035235275
2186,5376,0.03519086
2186,5408,0.035351522
2186,5440,0.035226177
2186,5472,0.035323616
2186,5504,0.035332467
2186,5536,0.03548923
2186,5568,0.035952747
2186,5600,0.036089018
2186,5632,0.03594007
2186,5664,0.03607423
2186,5696,0.03590905
2186,5728,0.0358768
2186,5760,0.035924464
2186,5792,0.035944883
2186,5824,0.03599039
2186,5856,0.03598324
2186,5888,0.0359786
2186,5920,0.035940547
2186,5952,0.03591299
2186,5984,0.035866886
2186,6016,0.03592667
2186,6048,0.03579192
2186,6080,0.035944786
2187,0,0.035993785
2187,32,0.035983693
2187,64,0.03580474
2187,96,0.035874266
2187,128,0.035859477
2187,160,0.035975162
2187,192,0.03583168
2187,224,0.035934854
2187,256,0.035791494
2187,288,0.03581369
2187,320,0.035873555
2187,352,0.035913695
2187,384,0.035863698
2187,416,0.035897784
2187,448,0.03587265
2187,480,0.036091175
2187,512,0.035871934
2187,544,0.03588229
2187,576,0.035932235
2187,608,0.03592275
2187,640,0.035940498
2187,672,0.03600657
2187,704,0.03577544
2187,736,0.035788216
2187,768,0.03580368
2187,800,0.035736922
2187,832,0.035890307
2187,864,0.036051977
2187,896,0.03569167
2187,928,0.03572832
2187,960,0.03585093
2187,992,0.035873603
2187,1024,0.03579782
2187,1056,0.035881817
2187,1088,0.035787627
2187,1120,0.035850525
2187,1152,0.035775207
2187,1184,0.03575513
2187,1216,0.03574323
2187,1248,0.035937507
2187,1280,0.03589879
2187,1312,0.035831794
2187,1344,0.035803724
2187,1376,0.035788633
2187,1408,0.035864282
2187,1440,0.035788637
2187,1472,0.03576964
2187,1504,0.035700742
2187,1536,0.035771742
2187,1568,0.035885606
2187,1600,0.035681807
2187,1632,0.035913523
2187,1664,0.035799358
2187,1696,0.035853982
2187,1728,0.03570071
2187,1760,0.035761394
2187,1792,0.035814986
2187,1824,0.03582916
2187,1856,0.035727333
2187,1888,0.03584127
2187,1920,0.03579555
2187,1952,0.035726957
2187,1984,0.035771597
2187,2016,0.035828125
2187,2048,0.035781678
2187,2080,0.035834294
2187,2112,0.035886683
2187,2144,0.03573643
2187,2176,0.0357667
2187,2208,0.03585136
2187,2240,0.03568495
2187,2272,0.035844184
2187,2304,0.035648376
2187,2336,0.03572031
2187,2368,0.035788815
2187,2400,0.03582411
2187,2432,0.03577126
2187,2464,0.035677757
2187,2496,0.035638895
2187,2528,0.035826232
2187,2560,0.0358132
2187,2592,0.035681732
2187,2624,0.035792366
2187,2656,0.035852905
2187,2688,0.035916828
2187,2720,0.03568413
2187,2752,0.035840396
2187,2784,0.035730824
2187,2816,0.035640046
2187,2848,0.035625894
2187,2880,0.03572074
2187,2912,0.035778407
2187,2944,0.035620473
2187,2976,0.03567974
2187,3008,0.035754774
2187,3040,0.03567745
2187,3072,0.035705425
2187,3104,0.035792723
2187,3136,0.035589304
2187,3168,0.03570084
2187,3200,0.03574847
2187,3232,0.035757806
2187,3264,0.035666093
2187,3296,0.03575545
2187,3328,0.035700943
2187,3360,0.035747383
2187,3392,0.035700053
2187,3424,0.03571062
2187,3456,0.035710644
2187,3488,0.035689186
2187,3520,0.035540666
2187,3552,0.03500084
2187,3584,0.0349968
2187,3616,0.034843583
2187,3648,0.035116646
2187,3680,0.03489946
2187,3712,0.034859847
2187,3744,0.03502271
2187,3776,0.034983445
2187,3808,0.03496525
2187,3840,0.034959078
2187,3872,0.034966514
2187,3904,0.035033014
2187,3936,0.034966614
2187,3968,0.035057485
2187,4000,0.03483179
2187,4032,0.03488598
2187,4064,0.03484594
2187,4096,0.034862097
2187,4128,0.03487339
2187,4160,0.034876555
2187,4192,0.03488268
2187,4224,0.034872673
2187,4256,0.034873642
2187,4288,0.035001814
2187,4320,0.034987368
2187,4352,0.034903333
2187,4384,0.034818377
2187,4416,0.03498141
2187,4448,0.03491885
2187,4480,0.03488259
2187,4512,0.03489869
2187,4544,0.034853365
2187,4576,0.034916434
2187,4608,0.034760214
2187,4640,0.034686647
2187,4672,0.034829266
2187,4704,0.034736447
2187,4736,0.034844115
2187,4768,0.03486425
2187,4800,0.034897834
2187,4832,0.034843594
2187,4864,0.034736056
2187,4896,0.03495998
2187,4928,0.03482729
2187,4960,0.034882028
2187,4992,0.03478227
2187,5024,0.034774937
2187,5056,0.03485617
2187,5088,0.0347771
2187,5120,0.034845445
2187,5152,0.034750126
2187,5184,0.03485559
2187,5216,0.034957796
2187,5248,0.034728818
2187,5280,0.03480038
2187,5312,0.03483887
2187,5344,0.034975152
2187,5376,0.034680877
2187,5408,0.034871716
2187,5440,0.03484262
2187,5472,0.034895904
2187,5504,0.0347388
2187,5536,0.03469907
2187,5568,0.034876104
2187,5600,0.034781918
2187,5632,0.03482986
2187,5664,0.03482813
2187,5696,0.034865357
2187,5728,0.03479456
2187,5760,0.034916162
2187,5792,0.034798842
2187,5824,0.03477734
2187,5856,0.03469773
2187,5888,0.034703314
2187,5920,0.034791354
2187,5952,0.03474772
2187,5984,0.03491538
2187,6016,0.034841664
2187,6048,0.03473846
2187,6080,0.034771457
2188,0,0.03472779
2188,32,0.03477555
2188,64,0.034712218
2188,96,0.03472124
2188,128,0.03484529
2188,160,0.03473275
2188,192,0.03486332
2188,224,0.034743298
2188,256,0.03479881
2188,288,0.03472866
2188,320,0.034752958
2188,352,0.034755085
2188,384,0.034885272
2188,416,0.034796197
2188,448,0.03461458
2188,480,0.0347163
2188,512,0.03496357
2188,544,0.034870952
2188,576,0.03477181
2188,608,0.034677334
2188,640,0.034755956
2188,672,0.034659844
2188,704,0.03484842
2188,736,0.034799434
2188,768,0.034838177
2188,800,0.03466239
2188,832,0.034773823
2188,864,0.03461555
2188,896,0.034820393
2188,928,0.034582276
2188,960,0.03474401
2188,992,0.034803204
2188,1024,0.034748398
2188,1056,0.03483803
2188,1088,0.03474516
2188,1120,0.03481127
2188,1152,0.03478773
2188,1184,0.03458943
2188,1216,0.03474465
2188,1248,0.034721617
2188,1280,0.03475672
2188,1312,0.034660213
2188,1344,0.034852132
2188,1376,0.03470726
2188,1408,0.03477838
2188,1440,0.034810252
2188,1472,0.034644857
2188,1504,0.03467273
2188,1536,0.03538921
2188,1568,0.035553575
2188,1600,0.03568829
2188,1632,0.035676636
2188,1664,0.03557667
2188,1696,0.03574835
2188,1728,0.035561074
2188,1760,0.035639353
2188,1792,0.035619684
2188,1824,0.0355233
2188,1856,0.035670176
2188,1888,0.035633884
2188,1920,0.035581827
2188,1952,0.03560617
2188,1984,0.035628073
2188,2016,0.035581805
2188,2048,0.03576986
2188,2080,0.03566614
2188,2112,0.03557346
2188,2144,0.035565563
2188,2176,0.03559738
2188,2208,0.035512015
2188,2240,0.035583273
2188,2272,0.03565439
2188,2304,0.03572946
2188,2336,0.035575233
2188,2368,0.035729576
2188,2400,0.03565127
2188,2432,0.035722323
2188,2464,0.035603557
2188,2496,0.03550936
2188,2528,0.035703897
2188,2560,0.035653528
2188,2592,0.035610482
2188,2624,0.03559921
2188,2656,0.035650667
2188,2688,0.03557555
2188,2720,0.035768572
2188,2752,0.03570132
2188,2784,0.035598986
2188,2816,0.03565089
2188,2848,0.035621602
2188,2880,0.03562783
2188,2912,0.035589065
2188,2944,0.035517614
2188,2976,0.035527483
2188,3008,0.0355727
2188,3040,0.035527274
2188,3072,0.03549165
2188,3104,0.03540273
2188,3136,0.035633408
2188,3168,0.035512473
2188,3200,0.035671923
2188,3232,0.035498604
2188,3264,0.035642676
2188,3296,0.03554313
2188,3328,0.035467464
2188,3360,0.03540222
2188,3392,0.035477083
2188,3424,0.03547975
2188,3456,0.035405558
2188,3488,0.035442926
2188,3520,0.03553564
2188,3552,0.035556614
2188,3584,0.035487734
2188,3616,0.03551934
2188,3648,0.03554841
2188,3680,0.03540887
2188,3712,0.035518896
2188,3744,0.035510886
2188,3776,0.03539401
2188,3808,0.03542169
2188,3840,0.035465527
2188,3872,0.03558713
2188,3904,0.035569135
2188,3936,0.035410024
2188,3968,0.035367984
2188,4000,0.035542015
2188,4032,0.035548482
2188,4064,0.03544726
2188,4096,0.035501197
2188,4128,0.03546778
2188,4160,0.035527185
2188,4192,0.035429306
2188,4224,0.035370477
2188,4256,0.035547946
2188,4288,0.03556244
2188,4320,0.035446875
2188,4352,0.03545811
2188,4384,0.03541546
2188,4416,0.035427272
2188,4448,0.035476156
2188,4480,0.035389047
2188,4512,0.03550962
2188,4544,0.035440512
2188,4576,0.035679985
2188,4608,0.035310622
2188,4640,0.03547324
2188,4672,0.035396777
2188,4704,0.035449244
2188,4736,0.03539757
2188,4768,0.035343476
2188,4800,0.035361454
2188,4832,0.03547441
2188,4864,0.035528094
2188,4896,0.035346434
2188,4928,0.03535879
2188,4960,0.035471834
2188,4992,0.03548744
2188,5024,0.035370596
2188,5056,0.035386298
2188,5088,0.03541632
2188,5120,0.035439476
2188,5152,0.035359144
2188,5184,0.03555337
2188,5216,0.03536993
2188,5248,0.035423346
2188,5280,0.035353716
2188,5312,0.035479005
2188,5344,0.035297014
2188,5376,0.035466842
2188,5408,0.03539592
2188,5440,0.035378464
2188,5472,0.035309378
2188,5504,0.035408713
2188,5536,0.035478678
2188,5568,0.035318658
2188,5600,0.035444617
2188,5632,0.035357527
2188,5664,0.035462044
2188,5696,0.035316106
2188,5728,0.03529511
2188,5760,0.03523939
2188,5792,0.035243295
2188,5824,0.03530468
2188,5856,0.035297435
2188,5888,0.035211094
2188,5920,0.035251465
2188,5952,0.03532316
2188,5984,0.035240445
2188,6016,0.035231497
2188,6048,0.03526734
2188,6080,0.035231188
